V1,V2,V3
hoodBaribeAngie,"Kinston, NC",North Carolina
Ciro,"Yakima, WA",Washington
Reese Hudson,"Humble, TX",Texas
Big Pump,"La Vergne, TN",Tennessee
raggedalarm3,"Florence, KY",Kentucky
Darius,"St Louis, MO",Missouri
Jay_sauce_God ©…©…©…©…,"Independence, MO",Missouri
Ethan Brinkmeyer,"Clive, IA",Iowa
Jose J Campos,"Bell, CA",California
Eva Cole SPORTS,"Hollywood, California",California
Tre Brown,"Orlando, FL",Florida
shawn rowser sr,"Cortland, NY",New York
SASNJW,Texas,Texas
Willie Hollowell,"Memphis, TN",Tennessee
Naasson Ben Israel,"Duluth, GA",Georgia
Darnyl Brown,"Salina, KS",Kansas
bball_4life#22,"Houston, TX",Texas
Ryan Jorgenson,"Thousand Oaks, CA",California
sabs,"Palm Desert, CA",California
kd™a™ti,"Dixon, IL",Illinois
Jackie Anderson,"Santa Monica, CA",California
©…©…Rico J©…©…,"Richmond,VA",Virginia
Brad Smith,Arizona,Arizona
Pj Ugochukwu,"Sugar Land, TX",Texas
"FreshT ""","Weatherford, TX",Texas
aaliyah bess,"Chicago, IL",Illinois
KOBE IS THE GOAT,"Rock Hill, SC",South carolina
Chivis©…©…©…©…,"Independence, MO",Missouri
Mariama Gadiaga,"New York, NY",New York
Javon A ©…©…,"New Haven, CT",Connecticut
Philip,"Albany, NY",New York
Anthony Aguilar,"La Mirada, CA",California
Tyrel,"Kamiah, Idaho",Idaho
J,"Hollywood,CA",California
Mark Suarez,"San Diego, CA",California
Joye Pruitt,"Detroit, MI",Michigan
V,"Huntington Beach, CA",California
Ricky Ali,"Elk Grove, CA",California
Markel Lee,"AZUSA, CA",California
Neuhausen Group,"Los Angeles, CA",California
Blake Golden,"Mount Carmel, IL",Illinois
Ryan Diggs,"Ellensburg, WA",Washington
ASAP KILLA,"Norfolk, VA",Virginia
Grant Anyanwu,"Houston, Texas",Texas
Jerome,"Cerritos, CA",California
Rizz,"Roxbury, Boston",Boston
TheNotoriousSeth h&™,"Edinburg, TX",Texas
cbg.dhani ©…©…,"Westwood, NJ",New jersey
Manny,"Los Angeles, CA",California
Trysten & Coral,"Oceanside, CA",California
IAmPrestonPortales,"Perrysburg, OH",Ohio
Elliot Melendez,"New Braunfels, TX",Texas
Zephaniah Dawkins,"Altus, OK",Oklahoma
#5™ 5™ GOLIVE©…©…©…©…,"Lanham, MD",Maryland
Real Life Basketball,"Marietta, GA",Georgia
Zander Dohn,"Athens, OH",Ohio
Ro=0™eO franklin,"East Pittsburgh, PA",Pennsylvania
Cal McTigue,"East Aurora, NY",New York
©…©…©…©…™桅'™©…©…©…©…,"Tampa, FL",Florida
Abraham Estrada,"Lawrence,MA",Massachusetts
david mendoza,"San Francisco, CA",California
Domenic James Ricci,"Brockton, MA",Massachusetts
Christian Richardson,"Pensacola, FL",Florida
dustin,"Charleston, WV",West Virginia
Sean Carter,"Windham, NH",New hampshire
Eli h.,"Charlottesville, VA",Virginia
Carlos Jacobo,"Hawthorne, CA",California
Jonathan Shubin M.D.,"Long Beach, California",California
©…©…Amazing©…©… Cannon©…©…,"Memphis, TN",Tennessee
Chance Amell,"Peachtree City, GA",Georgia
Anti-Social,"Pasadena, CA",California
Fazar Choudhury,California,California
Ethan Toal,"Buffalo, NY",New York
neeks,"Palm Springs, CA",California
Calvin Collins,"Fort Myers, FL",Florida
The Purple and Gold,"Los Angeles, CA",California
Daniel Gligich,"Fresno, CA",California
Ryan Gregory,"Quincy, MA",Massachusetts
Rich Wayne,"North Miami Beach, FL",Florida
Michael Mack,"Cambridge, OH",Ohio
Dillon Stites,"Los Angeles, CA",California
Tommy Saunders,"East Syracuse, NY",New York
Rod Rueda,"Cambrian Park, CA",California
Vincent Raya,"Lompoc, CA",California
Charlie Harrington,"Marshall, MI",Michigan
Alisal Athletics,"Salinas, CA",California
Eleni Constantine,LA,Louisiana
Sanchez Fair,"Charlotte, NC",North Carolina
Eric Vincent,"Lincoln University, PA",Pennsylvania
Juan Carlos Luna,"Hawthorne, CA",California
PA Golf Association,"Broomall, PA",Pennsylvania
Seth Hayes,"Beaver, PA",Pennsylvania
Jasmine,LA,Louisiana
Alejandro,"Chicago, IL",Illinois
Childish Alpha,"Trap house,MD",Maryland
Lakers News/Reaction,"Fresno, CA",California
Isaiah Jacobs,"Inglewood, CA",California
Turkey Swiss,"Jette, MT",Montana
Ethan Tucker,"Tucson, AZ",Arizona
Paolo Velasco,"Los Angeles, CA",California
Christian Reed,"Los Angeles, CA",California
TREEZY,"Tacoma, WA",Washington
Galvatron,"Corona, CA",California
Roy Minato,"Irvine, CA",California
Chrishon Cook,"Niagara Falls, NY",New York
Aaron Paule,"Huntington Beach, CA",California
watcher,"Los Angeles, CA",California
kim,"North Long Beach, CA",California
Rick Muirragui,"Los Angeles, CA",California
Matthew Salinas,"San Juan, TX",Texas
Jacob Sowell,"Boise, ID",Idaho
Robby Duarte,"Inglewood, CA",California
Kevin  Carriger,"Canton, GA",Georgia
Jared Manning,"Salem, NH",New hampshire
Gustavo Lezama,"Tustin, CA",California
Rody Ballesteros JR,"Seattle, WA",Washington
Brandi,"Charlotte, NC",North Carolina
Block Barbie ©…©…,"St Louis, MO",Missouri
AIM: LuckyPandaSays,"Los Angeles, CA",California
j.l,"Chicago, IL",Illinois
TG0310,"New York, NY",New York
Isaac,"Los Angeles, CA",California
Neil,"Los Angeles, CA",California
Terry,"Lansing, MI",Michigan
my name is anthony,"Avondale, AZ",Arizona
The Real Andrew,"Santa Clarita, CA",California
Matt Wesolowski,"Moundsville,WV",West Virginia
Joshua Campista,"Corvallis, OR",Oregon
Shaquille,"Los Angeles, CA",California
Alfred Franklin,NY,New York
Marcus Boone,"Atlanta, GA",Georgia
Cameron Polston,"Jacksonville, AR",Arkansas
Hank Taylor,"Detroit,MI",Michigan
HakavellFoFn,"Newark, NJ",New jersey
data jebashvili,Georgia,Georgia
exay montes,"Lubbock, TX",Texas
GucciGang,"Chicago, IL",Illinois
brady johannsen,"San Luis Obispo, CA",California
River Langford,"Grand Blanc, MI",Michigan
Firass Halawi,"Los Angeles, CA",California
Too Brazy,Texas,Texas
Gabriel Juarez,"Great Bend, KS",Kansas
Cesar Morales,LA,Louisiana
Ari,"New York, NY",New York
Blair Doss,"Battle Ground, IN",Indiana
chuy_thegoat,"Pasco, WA",Washington
christian,KY,Kentucky
Cory Loyd,"Washington Court House, OH",Ohio
cyclone,"Los Angeles, CA",California
Jessie Soltow,"Moline, IL ",Illinois
Serv One,California,California
Kamani,"Aurora, Colorado",Colorado
Alfredo Paredes,"Twittersphere, CA",California
L.J Gray,"Las Vegas, NV",Nevada
Luis Gavilanes,"Los Angeles, CA",California
Andrew Vera,"Artesia, CA",California
I'm jusME'10ToesDown,"West$ide , California",California
Sean,"Thousand Oaks, CA",California
Kendrick Hardy,"Texas City, TX",Texas
Mark Buffalo,Arkansas,Arkansas
Jose Torres,"Taft, CA",California
Mariana Corona,"Buena Park, CA",California
Jayden Coln,"Plymouth, MA",Massachusetts
Bob Brown,"Tamarac, FL",Florida
Mathew,"Las Cruces, NM",New mexico
Dave C3,"Orlando, FL",Florida
Hugo banks,"Bronx, NY",New York
BP3 mil grau 11-6,"San Antonio, TX",Texas
JT Holmes,"Tempe, AZ",Arizona
Tay Stevens,"Saluda, SC",South carolina
Shawn Owens,"Santa Barbara, CA",California
andy haque,"Houston, TX",Texas
Sheriece,"Kinston, NC",North Carolina
Matt Balahadia,"$D, California",California
dierra,"San Antonio, TX",Texas
John Madden,"Philadelphia, PA",Pennsylvania
Topaz Christ,"Lincoln, NE",Nebraska
Kayla Iricks,"Pikeville, KY",Kentucky
Kevin Sua,"Long Beach, CA",California
Gio Ramirez,"Phoenix, AZ",Arizona
blank,"Boston, MA",Massachusetts
Darius Hamilton,"Chicago, IL",Illinois
Sarah,Missouri,Missouri
Javier Pozos,"Frankfort, IN",Indiana
Malik Strutchen,"Charlotte, NC",North Carolina
Ben Liles,"Austin, TX",Texas
Jimmy,"Waukegan, IL/Sarasota, FL",Florida
David Uribe,"Henderson, NV",Nevada
Bocolo_24,"Boston, MA",Massachusetts
kpq_S,"Renton,Washington",Washington
Christian Ramirez,"Fabens, TX",Texas
Bak,"Los Angeles, CA",California
Malik Harris,"Las Vegas, NV",Nevada
G Brar,"Chicago, IL",Illinois
Johnny Gines,"Los Angeles, CA",California
LA DAVE,"Los Angeles, CA",California
Josh Bryant,"Eugene, OR",Oregon
Matt Van Ryn,"Grand Rapids, MI",Michigan
True Dummy,"Shiloh, IL",Illinois
Huy Vu,"Westminster, CA",California
EJ,"Los Angeles, CA",California
indica irie,"Oakland, CA",California
Boyd Marston,"Philadelphia, PA",Pennsylvania
IT'S BROWN OR NEVER,"Moreno Valley, CA",California
nic,"San Antonio, TX",Texas
.DIDIER.,LA,Louisiana
Tyren Hayden,"Parkersburg,WV",West Virginia
jack,"Polk City, IA",Iowa
Judelius Neiray Jr,"Worcester, MA",Massachusetts
J. Crow,"Austin, TX",Texas
Kodycallaway,"Carthage, MO",Missouri
Katie Melendez,"Lowell, MA",Massachusetts
Emmanuel L. Butler,"Los Angeles, CA",California
Xian©…©…,"Los Angeles, California",California
Aiden Standridge,"Phoenix, AZ",Arizona
chriscanup,"Charlotte, NC",North Carolina
CAR.LEE,NM,New mexico
Nick Wilde,"Pomona, CA",California
Johnny,"Everett, WA",Washington
CG,"Los Angeles, CA",California
Reggie,"Jackson, MS",Mississippi
xiejiongpaulzhang,"Diamond Bar, CA",California
Therealdezzy._,"Charlotte, NC",North Carolina
Matt Memarian,"Groton, CT",Connecticut
Lord Stuckey,"Central City, TX",Texas
la fame ©…©…©…©…,"Reston, VA",Virginia
Tee©…©…©…©…,"Jacksonville, Florida",Florida
jan halili,"Orange County, CA",California
Luca Servodio,"Los Angeles, CA",California
P,"Inglewood, CA",California
Aidan Pulley,"Goleta, CA",California
muk,"Philadelphia, PA",Pennsylvania
Dru Kotleba,"Long Beach, CA",California
"0Duwang is Chew
0",California,California
Reginaldtraceylong,"Charlotte, NC",North Carolina
K~N~D,"Colorado springs, CO ",Colorado
Adan Figueroa,"Los Angeles, CA",California
Steven,"San Antonio, TX",Texas
Xavyon Denham,"Colorado Springs, CO",Colorado
Mortada,"Lynn, MA",Massachusetts
Ralph,"Scottsdale, AZ",Arizona
Josuan A. Retana,"Painesville, OH",Ohio
FJG,"Los Angeles, CA",California
YoutubeBmF gang gang,"Baltimore, MD",Maryland
maryann lopez,"Havana, IL",Illinois
Geo Davila,"Rochester, NY",New York
mixx,"Villas, FL",Florida
Jophan S. Letterman,"Montana City, Montana",Montana
Chowda,"Placentia, CA",California
Ronald Betts,"Los Angeles, CA",California
Jared Sherry,"Columbus, OH",Ohio
Alejandro ©…©…©…©…©…©…©…©…,"Memphis, TN",Tennessee
Magic(',"Anchorage, AK",Alaska
janet c.,"West Covina, CA",California
Jmel52,"Bartow, FL",Florida
Andrew Gonzales,"Houston, TX",Texas
Shane Parker,"Winter Haven, FL",Florida
Andrea Blackwood,"Swepsonville, NC",North Carolina
Aaron Caldwell,"Lawrenceburg, KY",Kentucky
Sam voege,"Greenlawn, NY",New York
B,"Huntington Beach, CA",California
Tyler Herbert,"Florence, SC",South carolina
Damian Garcia,Oregon,Oregon
Chris Q,"Corona, CA",California
Pedro Cruz,"Chicago, IL",Illinois
Jack Perkins,"Los Angeles, CA",California
Goat Moves ©…©…©…©…©…©…©…©…,"Lackawanna, NY",New York
Diana Yoder,"Montezuma, GA",Georgia
Sam McKenney,"Dover, NH",New hampshire
Komatoze,"Columbus, Ohio",Ohio
Alexis Rigmaiden,"Eugene, OR ",Oregon
Jesse Motiff,"Madison, WI",Wisconsin
Jay Estupinan,"Bossier City, LA",Louisiana
Nathan,"Santa Rosa, CA",California
Jonathan©…©…,"Bronx, NY",New York
Omar Bati,"St Cloud, MN",Minnesota
Jared ardiel,"Seattle, WA",Washington
mrsssss. chavez©…©…,"Palmdale, CA",California
God Bless,"Philadelphia, PA ",Pennsylvania
J Cole-Sully,"Fayetteville, NC",North Carolina
Trevon,"Denver, CO",Colorado
BiG FooT,NJ,New jersey
Jason Brynsvold,"Dallas, TX",Texas
Tyriq,"Moreno Valley, CA",California
Jose©…©…,"Perris, CA",California
Mitchell Welborn,"Winterville, NC",North Carolina
Tiffany Esmailian,"Los Angeles, CA",California
Victoria Locklear,"Kinston, NC",North Carolina
Aaron Troe,"Minneapolis, MN",Minnesota
Adam Rodriguez,"Bethlehem, PA",Pennsylvania
EElizondo,"San Diego, CA",California
a new chapter everyday !,"Atlanta, GA",Georgia
Kevin Farris,"Adrian, Michigan",Michigan
Justin Jones,"Charlotte, NC",North Carolina
caveman,"Cave Creek, AZ",Arizona
Canton Sports,"City of Angels, California",California
James Aldridge,"Dallas, TX",Texas
Jeff W,Oregon,Oregon
Jeremy Graffree,"Dallas, TX",Texas
Lil Llami©…©…©…©…,"Philadelphia, PA",Pennsylvania
"
t b ©…©…","Dallas, TX",Texas
Lip,"San Antonio, TX",Texas
John Hynes,Florida,Florida
Jade-Li English,"New York, NY",New York
Elijah Fett-Jones,"Omaha, NE",Nebraska
Dylan ©…©…,"Augusta, GA",Georgia
Jarrod Lien,"Hilton Head Island, SC",South carolina
Brooklyn Spy,"Brooklyn, NY",New York
Mike Montgomery,"Park Ridge, NJ",New jersey
D Clark,"Gallipolis, OH",Ohio
Ave Hill.,"Orlando, FL",Florida
Chase Berrong,"Knoxville, TN",Tennessee
Ameer Ice Drake,"Atlanta, GA/Buffalo, NY",New York
Tevita Uhatafe,"Dallas, TX",Texas
Alishameet,"Memphis, TN",Tennessee
Laker Gang,"Los Angeles, CA",California
