V1,V2,V3
Nicholaz,Denver ,Denver
Reese Hudson,"Humble, TX",Texas
Pickled Nippples,"Old Fort, Ohio",Ohio
Jacob Huston,"Fort Worth, TX",Texas
Zach,"Alexandria, VA",Virginia
Brian Branscum,"Sacramento, CA",California
Becca Ziska,"Brook Park/Springfield, OH",Ohio
Estevan Vargas,"Denton, TX",Texas
Mike Grande,"Collierville, TN",Tennessee
Pete Kennedy,"New York, NY",New York
Michael Johnson,Columbus,Columbus
Ethan Toal,"Buffalo, NY",New York
Greg Funfsinn,"Lexington, KY",Kentucky
Josh Stellflug,"Coeur d'Alene, ID",Idaho
Kyle Stephen Rini,"Boulder, CO",Colorado
kris Jackson,"Indianola, MS",Mississippi
JT Holmes,"Tempe, AZ",Arizona
Ryan Frazier,"Louisville, KY",Kentucky
Robert Russell,"Lexington,KY",Kentucky
Chad Duran,Colorado,Colorado
Shari Wind,"Boulder, CO",Colorado
cglode,"Denver, Colorado",Colorado
Chris Brennan,"San Diego, CA",California
Noe Silva,"Denver, CO",Colorado
Stephen Dareau,"Littleton, Colorado",Colorado
Derrick Johnson,"Indianapolis, IN",Indiana
Kenny Lowenberg,Colorado,Colorado
Jake Stephens,"Fort Collins, CO",Colorado
Donovan Bemiss,"Bowling Green, KY",Kentucky
Lori Peppers,"Braden, TN",Tennessee
Michael Ogle,"Lexington, KY",Kentucky
Bridgeporthoops©…©…©…©…™,"Bridgeport, MI",Michigan
Joshua Mitchell,"Northglenn, CO",Colorado
M-Dog,"Ken Caryl, CO",Colorado
Kujjjj,"Oil City, PA",Pennsylvania
Benjamin James Waite,"Denver, CO",Colorado
Jake VanderMeer,"Fort Collins, CO",Colorado
Kevin Herrera,"Denver, CO",Colorado
Garrett Byrd,"Denver, CO",Colorado
Aaron Johnson,Kentucky,Kentucky
brian steuber,"Fort Collins, CO",Colorado
Levi S.,"Denver, CO",Colorado
Ben Taft,"Cold Spring, MN",Minnesota
LUB,"Denver, CO",Colorado
Erik Brooks,"Montgomery, TX",Texas
Finesse_83,"Denver, Colorado",Colorado
Michael Oosterhouse,"Denver, CO",Colorado
Rob Korbel,"Denver, CO",Colorado
Brandon Jordan Brown,"Portland, OR",Oregon
Jake Stone,"Highlands Ranch, CO",Colorado
Santito,"Denver, CO",Colorado
Tim Burch,"Springfield, IL",Illinois
Teron Arrington,"Houston, TX",Texas
Chris Hensley,"Richmond, KY",Kentucky
Jake Biltoft,"Spartanburg, SC",South carolina
"$zn 18, p. 195 ©…©…","Mountlake Terrace, WA",Washington
The prodigy,"Los Angeles, CA",California
Jarvis Family Medical Services PLLC,"Louisville, KY",Kentucky
Andrew Roberts,"Joplin, Missouri",Missouri
Balachandram,"Auburn Hills, Michigan",Michigan
Kaylyn,AR,Arkansas
Kenneth C. Dunn Sr.,KY,Kentucky
Tavis Smith,"Detroit, MI",Michigan
Matt Burger,"Louisville, KY",Kentucky
Jared Wethington,"Nashville, TN",Tennessee
funky dialed,"Mount Washington, KY",Kentucky
Sarah Clements,"St Matthews, KY",Kentucky
IDontFuckWitUNiggahs,"Kenosha, WI",Wisconsin
Carla Griesch,"Lexington, KY",Kentucky
Capri_Sun,"Louisville, KY",Kentucky
Elder Donald French,"Clearwater, FL",Florida
MyHeartAtHome,"Louisville, KY",Kentucky
jeremiah,"Spring, TX",Texas
The Backcourt Podcast,"Louisville, KY",Kentucky
Dian chaney,"Louisville, KY",Kentucky
Chris Rebac,"Louisville, KY",Kentucky
Jerry Whitney,"Franklin, KY",Kentucky
Jen Menary,"Denver, CO",Colorado
joseph,"Jeffersontown, KY",Kentucky
Casper,"Los Angeles, CA",California
WakaFlakadopolous,"Denver, CO",Colorado
Brian Brisnehan,"Denver, CO",Colorado
Peter Rossi,Denver,Denver
Jacob Cantrell,"Parma Heights, Ohio",Ohio
Bree Valdez,"Denver, Colorado",Colorado
Aaron Rivera,"Denver, CO",Colorado
Oscar Proud,"Fort Mitchell, KY",Kentucky
Kevin,"Lakewood, CO",Colorado
Rachel Stratton,"Lexington, KY",Kentucky
Kiaorie Stewart,"Denver, CO",Colorado
Mac McIntyre,"Salem, IN",Indiana
corrion hazelwood,"Frankfort, KY",Kentucky
Koolaid,"Hopkinsville, KY",Kentucky
Evan Summers,"Willow Park, TX",Texas
Diego martinez,"Thornton, CO",Colorado
,"Toledo, OH",Ohio
G's,"Morganfield, KY",Kentucky
Illuminated Vampire,"Saint Louis, Missouri",Missouri
James Shafer,"Charleston, WV",West Virginia
SosaBaby787,"Rome, NY",New York
Mary Galus - Realtor,"Nicholasville, KY",Kentucky
Chxddyboi,"Laramie, WY",Wyoming
Olena Ramsey,"Middlesborough, KY",Kentucky
@US01LV@NASA.GOV,"Jeffersontown, KY",Kentucky
Amare Smith,"Huntington, WV",West Virginia
Andrew©…©…,"Louisville, KY",Kentucky
Russell Fiori,"Chicago, IL",Illinois
Taylor Doty,"Weiser, ID",Idaho
Capital Day,"Frankfort, KY",Kentucky
Abbey Smiley,"Louisville, KY",Kentucky
Jordan Cunningham,"St. Petersburg, FL",Florida
Ryan Taylor,"Louisville, KY",Kentucky
Acme,"Clemson, SC",South carolina
DevonMoBuckets©…©…©…©…©…©…,Illinois,Illinois
Tina Easley,Kentucky,Kentucky
YoitsDomo©…©…,"Louisville, KY",Kentucky
Chris,"Lexington, KY ",Kentucky
Clay Rehmel,"Versailles, KY",Kentucky
erika valeriano,"Greeley, CO",Colorado
Robert Sacco,"Easton, MA",Massachusetts
Dezyre,"Denver, CO",Colorado
B.Smither,"Winchester, KY",Kentucky
Wellington Burns,"Pensacola, FL",Florida
Shirley Brown,"Warsaw, KY",Kentucky
Todd,"Lexington, KY",Kentucky
Madison,"Monument, CO",Colorado
Stephen Vandiver,"Fern Creek, KY",Kentucky
gregori gonzalez,Colorado ,Colorado
Sarah Herberger,"Louisville, KY",Kentucky
RP,"Greeley, CO",Colorado
Local Blogger Ronnie K,"Denver, CO",Colorado
Orion Kangas,"Hopkinsville, KY",Kentucky
Tyranda Lynn Stuart,"Owensboro, KY",Kentucky
Serafinaannrobison,"Radcliff, KY",Kentucky
Malia kelly,"Florence, KY",Kentucky
Brandon Thomas,"Atlanta, GA",Georgia
Nhan Vu,"San Diego, CA",California
Van Wortmann,"Evanston, IL",Illinois
Ryan Johnson,"Rohnert Park, CA",California
WelchGawd,"Mile High City, Colorado",Colorado
Bryan Pierce,"Somerset, KY",Kentucky
Chris Johnson,"Owensboro, KY",Kentucky
Tarek Youssef,"Boulder, CO",Colorado
Samantha Decker,"Louisville, KY",Kentucky
Aaron RaShawn,"Hartford, CT",Connecticut
Dr. Aidan Colmore,"Jeffersonville, IN",Indiana
Kimi Jarrett,"Louisville, KY",Kentucky
Kyle Trotter,"Florence, KY",Kentucky
Keith C. Wyatt,"Henderson, CO",Colorado
Jake Wheat,"Louisville, KY",Kentucky
Juan Jaramillo,"Florence, KY",Kentucky
Tina Tackett,"Berry, KY",Kentucky
joe,"Beaverton, OR",Oregon
Brandon Tyler Mccoy,"Smithville, TN",Tennessee
Joe Chapman,"Mount Horeb, WI",Wisconsin
Cory Dillmann,"Louisville, KY",Kentucky
Devin,"Tulsa, OK",Oklahoma
Cazzie lynn,Colorado,Colorado
Fabian Garcia,"Pomona, CA",California
Ratio Willis,"Louisville, KY",Kentucky
Dylan Glickstern,"New York, NY",New York
Kevin GOAT Durant,"Portland, OR",Oregon
Tony Casnellie,"Taylor Mill, Kentucky",Kentucky
Ellis Sims,"Louisville, KY",Kentucky
Tony,"Jeffersontown, KY",Kentucky
Jordan©…©…,"Akron, OH",Ohio
Kresta Wilson,"Lexington, KY",Kentucky
Ramiro Garcia Benito,"Shelbyville, KY",Kentucky
Drew Fishman,"Oxford, OH",Ohio
Jasmine J. Lairsmith,"Denver, CO",Colorado
Gainster,"Mount Washington, KY",Kentucky
SCOUT,"Louisville, KY",Kentucky
Cheryl Shuman,"Beverly Hills, California",California
Donna Wilson,"St. Clair Shores, Michigan",Michigan
Jay D. McCallum©…©…©…©…,"Edinburg, TX",Texas
Jesse Westover,"Rapid City, SD",South dakota
MOTHER FUCKER,"Albuquerque, NM",New mexico
Nebojsa Nash Popovic,"Rochester Hills, MI",Michigan
Tammy Brown,"Louisville, KY",Kentucky
Jerson Sapida 2K,"Novato, CA",California
Jeremy Sebastian,"Erlanger, KY",Kentucky
Kevin Kade Bauer,"Louisville, KY",Kentucky
Patron Papi ©…©…,"Denver, CO",Colorado
niyaboo d'™,"Louisville, KY",Kentucky
E.Cole,"Bethel, CT",Connecticut
Shea Morgan©…©…,"Pine Grove, PA",Pennsylvania
RogueJRogue,"Zompton, IL",Illinois
Mitchell,"Shepherdsville, KY",Kentucky
Toni dugle,"Shelbyville, KY",Kentucky
William Wesley,"Newark, NJ",New jersey
Tahj,"Newark, NJ",New jersey
Terrie,"Lakeview Heights, KY",Kentucky
Tre Dwayne Kent,"Arvada, CO",Colorado
Rodney,"Oakland, CA",California
dualgamer,"Somerset, KY",Kentucky
Ford Fotography,"Bowling Green, KY",Kentucky
"Amos ""Nick"" Judd","Mount Washington, KY",Kentucky
Abood Alhomse,"Louisville, KY",Kentucky
Paije Hodge,"Louisville, KY",Kentucky
Hailo (',"Houston, TX",Texas
Jeff Hancock,"Frankfort, KY",Kentucky
Brother Kwan,"Brooklyn, NY",New York
Paul Poor lll,"Leicester, NC",North Carolina
Tracey Nobel,"Morrison, CO",Colorado
Robb Ashby,"Denver, Colorado",Colorado
Alfredo,"Louisville, KY",Kentucky
charlie tell,"Granville, OH",Ohio
Kelsey Jo,"Breckenridge, CO",Colorado
Jordan Harm,"Fort Hood, TX",Texas
onlygetoneshot,"Syracuse, NY",New York
Doris Gary Lawson,Kentucky,Kentucky
Richkingz,"Victoria, TX",Texas
©…©…,"Denver, CO",Colorado
Aggelos K.,"Los Angeles, CA",California
Zoey Thompson,"Elizabethtown, KY",Kentucky
Carter Delloro,"Waterbury, CT",Connecticut
HaveVolsScored_A_TD?,"Knoxville, TN",Tennessee
Den,"Queens, NY",New York
Austin Carpenter,"London, KY",Kentucky
DFSAmatuer,"Denver, CO",Colorado
Austin Bonacci,"Statesboro, GA",Georgia
Tamara Walters,"Lexington, KY",Kentucky
Dustin Lewis,"Georgetown, KY",Kentucky
Justin Tetreault,"Newport, VT",Vermont
Kimberley Bowlin,"Frankfort, KY",Kentucky
No Comparison,"Rockford, IL",Illinois
Benjamin Seo Pita,"Lakewood, CO",Colorado
BabyDraco,"Louisville, KY",Kentucky
Cocktails N Convos,"Nashville, TN",Tennessee
Mike J,"Fort Belvoir, VA",Virginia
Bax McClure,Kentucky,Kentucky
XanLord Gotti,"Bardstown, KY",Kentucky
Jerry McCoy Jr.,"Louisville, KY",Kentucky
Michael Grimes,"Darien, IL",Illinois
Britton Lynn,"Denver, CO",Colorado
Savanna Bates,"Lawrenceburg, KY",Kentucky
Dounut Face27,"Independence, KY",Kentucky
Jack Phillips,"Oshkosh, WI",Wisconsin
Mrs. T Burns,KY,Kentucky
FitFoods4U,"Denver, CO",Colorado
Brad,"Franklin, WI",Wisconsin
Michelle Franklin,"Frankfort, KY",Kentucky
CoachBrock80,"Cincinnati, OH",Ohio
Kelli Laws,"Houston, TX",Texas
Nicholas Grover ©…©…©…©…,"Colorado Springs, CO",Colorado
Grandpa,"Atlanta, GA",Georgia
Rails Warner,"Claremont, California ",California
Chill Palace Sports,"Minneapolis, MN",Minnesota
Drew Weber ©…©…,"Bowie, TX",Texas
Brian Watson,"Honolulu, HI",Hawaii
Tasha,"Elizabethtown, KY",Kentucky
Justin Bowen,"Owensboro, KY",Kentucky
Michael Twiss,"Westminster, CO",Colorado
Donnie Hart ©…©…,"Tampa, FL and Denver, CO",Colorado
Tavian,"Chicago, IL",Illinois
Kerrwood Boo,"Durham,NC",North Carolina
Jeremy Kareken,"Borden, Indiana",Indiana
Ballislife187187,"Beloit, WI",Wisconsin
Ashlea Alexander,"Dallas, TX",Texas
Jayden Roylance,"Logan, UT",Utah
Dewey. Snow,"Frankfort, KY",Kentucky
Kevin Root,"Denver, CO",Colorado
James Williamson,Colorado,Colorado
Tracy Highley-Jones,KY,Kentucky
Phoenix Suns &™,"Phoenix, AZ",Arizona
Bobbijo Kingery,"Louisville, KY",Kentucky
Zehren Hilton,"Charlotte, NC",North Carolina
James D Jenkins,"Louisville, Kentucky",Kentucky
Donovan K Byrd," Long Beach, CA",California
Cameron Rice,"Whitmire, SC",South carolina
Gabe Ojeda,"Denver, CO",Colorado
Dcline,"Denver, CO",Colorado
Denver Chess Club,"2400 s Ash St. Denver, CO",Colorado
Kristen Sharkey,"Buffalo, NY",New York
Kyle Flora,"Louisville, KY",Kentucky
Kevin Rose Jr,"Atlanta, GA",Georgia
TabHunchoSuns,"Centreville, VA",Virginia
Ryan O'Connor,Denver,Denver
mmanueB,"Atlanta, GA",Georgia
gugucharles,"Louisville, KY",Kentucky
John Gross,"Portland, OR",Oregon
Jon Cummings ©…©…,"Laramie, WY",Wyoming
Holly Dickerson,"Jeffersonville, IN",Indiana
Nicole Werner Vail,"Littleton, CO",Colorado
Travis Henry,"Monticello, KY",Kentucky
Paul Barnes,"Phoenix, AZ",Arizona
Caleb Curcio,"Oak Ridge, TN",Tennessee
Tae carruthers.,"Amarillo, TX",Texas
Ashton,"Jackson, TN",Tennessee
Robin Harris,KY,Kentucky
Mark McFadden,"Corbin, KY",Kentucky
Jim B,"Huntington, WV",West Virginia
"Cody Long!""","Tahlequah, OK",Oklahoma
Tyler12,"Middlesborough, KY",Kentucky
Highland Roofing Co.,"Louisville, KY",Kentucky
Josh Pierce,"Sacramento, CA",California
pintsize,"Winchester, KY",Kentucky
Cappin For Cap©…©…©…©…©…©…,"Hattiesburg, MS",Mississippi
Trevor McClung,"Centennial, CO",Colorado
DJ Short Flo,"Boulder, CO",Colorado
Christa Woodside,"Frankfort, KY",Kentucky
Melinda Wenstrup,"Union, KY",Kentucky
Hunter Davis,"Bainbridge, OH",Ohio
Anthony,"springfield,MO",Missouri
Oscar Combs,"Lexington, Kentucky",Kentucky
Stu,"Fort Collins, CO",Colorado
Angel,"South Gate, CA",California
Raul,"Greeley, CO",Colorado
Eduardo Surens,"Burlington,NC",North Carolina
Jackson jones,"Corbin, KY",Kentucky
Eaglecrest Lacrosse,"Aurora, CO",Colorado
edward kim !!,"Walnut Creek, CA",California
CoachJones,"Greeley, CO",Colorado
Justin,"Westminster, CO",Colorado
Sav Lewis,"Newport, KY",Kentucky
Caesar Montoya,Colorado,Colorado
Peter T,"Lakewood, CO",Colorado
Black In Maryland,Maryland,Maryland
"Mike Carr!""","Pueblo, CO",Colorado
Travis Northrope,"Broomfield, CO",Colorado
Thomas Harris,"Vine Grove, KY",Kentucky
Eric Hoff,Colorado,Colorado
Ryan Forret,"Kansas City, MO",Missouri
Brandon Williams,"Toledo, OH",Ohio
Alex Rasnick,"Big Stone Gap, VA",Virginia
Adi,AZ,Arizona
NBA Reality Check,"Salt Lake City, UT",Utah
Eli Rogers,"Athens, GA",Georgia
Ajyoungbull5,"Beverly Hills, CA",California
Name cannot be blank..............................,"Portland, OR",Oregon
Zhengyang Wei,"West Lafayette, IN",Indiana
Jackson,"Chandler, AZ",Arizona
Tommy K,"Highlands Ranch, CO",Colorado
Sebastian Colsman,"Cherry Creek, CO",Colorado
Brandon TOS,"Hudson Valley, NY",New York
Bill Redden,Colorado,Colorado
Nia ©…©…©…©…,"Casa Grande, AZ",Arizona
Jer,"Greeley, CO",Colorado
Emory©…©…©…©…,"Denver, CO",Colorado
Juan araujo,"East Side Denver, CO ",Colorado
PattiePoff,"Corbin, KY",Kentucky
jamey,"Grand Junction, CO",Colorado
M.c Royalty,"Los Angeles, California ",California
Julien Jannaud,"Oklahoma City, OK",Oklahoma
Connor Van Keuren,"Dallas, TX",Texas
Chase Hollis,"Morrison, CO",Colorado
Jers Teichert,"Winnemucca, NV",Nevada
Jake Hart/Gamerwolf,"Louisville, KY",Kentucky
Kelli,"Atlanta, GA",Georgia
dom rojas,Denver,Denver
35000,"Boston, MA",Massachusetts
Mario,Colorado ,Colorado
Kaneilyas Hamilton,"Fort Collins, CO",Colorado
Colby Curry,AR,Arkansas
Bambi©…©…©…©…,"San Antonio, TX",Texas
Dallas Altmire,"Carthage, NY",New York
lasha,"719, Colorado",Colorado
Danny Bakst,"Ann Arbor, MI",Michigan
Prophet 7,"Louisville, KY",Kentucky
Amy,"Minneapolis, MN",Minnesota
Mikeal©…©…©…©…,"St Cloud, MN",Minnesota
Anthony Towns III,"Los Angeles, CA",California
Durham ,"Lexington, KY",Kentucky
Robin Morgan,Kentucky,Kentucky
Will Hall,"Versailles, KY",Kentucky
Garrick Styles,"Louisville, KY",Kentucky
Ian,"Sayre, PA",Pennsylvania
Jesse Winterringer,"Westmister, CO",Colorado
Mallory 4.0,"Wilson, NC",North Carolina
1 502-804-7245,"La Grange, KY",Kentucky
Riley_13_oman,"Clarksville, TN",Tennessee
Gustave,"Paragould, AR",Arkansas
Perfect Fit wellness,"Virginia Beach, VA",Virginia
Rod B.,"Jacksonville , FL",Florida
Leroya  Burriell,"Louisville, KY",Kentucky
Dan Meylor,"Denver, CO",Colorado
Onlydlow00,"Powder Springs, GA",Georgia
David Garcia,"Fort Collins, CO",Colorado
Zora Stephenson,"Denver, CO",Colorado
Nuggets Love,Denver,Denver
edreese,"Bay Area, CA",California
David Choi,"Los Angeles, CA",California
Ricardo Belmarez,"Denver,CO",Colorado
Tim,"Denver, CO",Colorado
Brian Gelfo,"Louisville, KY",Kentucky
Dillon Pelham,"New York, NY",New York
Jose Meraz,"Sterling, CO",Colorado
Tre,"Lochearn, MD",Maryland
Deep Feelings©…©…©…©…,"Castro Valley, CA",California
Christopher Carrubba,"Denver, CO",Colorado
Jazzercise Edgewood,"Edgewood, KY",Kentucky
DogStar,"Louisville, KY",Kentucky
Hex Trujillo ©…©…,"Denver, CO",Colorado
Byron Farmer,"Louisville, KY",Kentucky
Alex Armani-Munn,"Colorado Springs, CO",Colorado
Claire ©…©…,"Greeley, CO",Colorado
/	A	5	>	 8	K		,"Roseville, CA",California
Zion Evans,"Jackson, MS",Mississippi
chelsea crawford,"Beaver Dam, KY",Kentucky
Kendrick Fulton,"Denver, CO",Colorado
Bradford,"Louisville, Kentucky",Kentucky
"Harold Brinley, Sr.","Buechel, KY",Kentucky
Josh Strasburger,"Leitchfield, KY",Kentucky
Mark Haburne,"Louisville, KY",Kentucky
Kyndera Hudson,"Evansville, IN",Indiana
Anderson,"Louisville, KY",Kentucky
Adam Krupp,"Zionsville, IN",Indiana
Crabbysandy,"Morehead, KY",Kentucky
sarah joerendt,"Georgetown, KY",Kentucky
David Williams,"Morristown, TN",Tennessee
Based Native ©…©…,"Queens, NY",New York
Bre Jones,"Warner Robins, GA",Georgia
Dale Smith,"Louisville, KY",Kentucky
Gucci Gang Louis,"Fresno, CA",California
Really-J,"New York, NY",New York
ok ok ok ok ok,"Portland, OR",Oregon
Paulo moise,"Louisville, KY",Kentucky
©…©…slayyy_kaydence©…©…,"Los Angeles, CA",California
Bankroll.iya,"Louisville, KY",Kentucky
Coolt,"New York, NY",New York
Clark Co. Family Y,"Jeffersonville, IN",Indiana
