V1,V2,V3
Jordan Harle,"Myrtle Beach, SC",South carolina
Joe DeLuca,"Philadelphia, PA",Pennsylvania
siannie,"Philadelphia, PA",Pennsylvania
#CowboysNation,"Fort Worth, TX",Texas
Nicolas Arevalo,"Chicago, IL",Illinois
Jacob Berry,"Muskogee, OK",Oklahoma
Giselle Lopez,"Thorndale, TX ",Texas
Matt Barker,"Murfreesboro, TN",Tennessee
Jenna&lexi,"Philadelphia, PA",Pennsylvania
colin,"Davis, CA",California
©…©…Bucks,"Milwaukee, WI",Wisconsin
shem castillo,"Dallas, TX",Texas
fuck bruce allen,"Wilkes-Barre, PA",Pennsylvania
Julius Floyd,"Chicago, IL",Illinois
Kimberly Wilson,"Middletown, Delaware",Delaware
Mrnicewatch1010,"Ithaca, NY",New York
Zane Rizvi,"Chicago, IL",Illinois
Mike Perrone III,"Hatfield, PA",Pennsylvania
Leandro Aguilar,"Los Angeles, CA",California
LA'Nation Chucky,"Chicago, IL",Illinois
Big Pump,"La Vergne, TN",Tennessee
Diamond ©…©… Nasty,"Denver, CO",Colorado
100 missed calls©…©…,"Philadelphia, PA",Pennsylvania
plant,"Worcester, MA",Massachusetts
kent brown,"Grinnell, IA",Iowa
Todd King,"Hudson, NC",North Carolina
Kristi,"Los Angeles, CA",California
Brianna Gedraitis,"Phoenixville, PA",Pennsylvania
Tamara James Q102 please choose me,"East Norriton, PA",Pennsylvania
Franklin D Clark III,"Coral Gables, Florida",Florida
Caeser,"ClutchCity, TX",Texas
Brandon James,"Lincoln, NE",Nebraska
michelle,"Manhattan, NY",New York
Warren Yancey Jr.,"Orland Park, IL",Illinois
Chase Coselman,"Fenton / Kalamazoo, MI",Michigan
Billy,Pennsylvania,Pennsylvania
Robo Kokhreidze,Georgia,Georgia
Stephen Stumpo,"Naples, FL",Florida
tim jeffery,Michigan,Michigan
THESTOUT79 ©…©…,"Detroit, MI",Michigan
Drew,"Detroit, MI",Michigan
Tom Thompson,"Swedesboro, NJ",New jersey
Peter Olinto,"New York City, NY",New York
David Espinal,"Novi, MI",Michigan
Jordan Carter,"Philadelphia, PA",Pennsylvania
Jaiden Parker,"Baton Rouge, LA",Louisiana
Tanner Baloh,"Amherst, MA",Massachusetts
Michael Yoon,"Pittsburgh, PA",Pennsylvania
MALCOLM HOOKER,"Philadelphia, PA",Pennsylvania
Robbie,NC,North Carolina
Christian_J_D_M,"Bay Shore, NY",New York
Brett Bell,"Wichita, KS",Kansas
Rns Page,"Philadelphia, PA",Pennsylvania
fucking brolby ©…©…©…©…,"Chicago, IL",Illinois
"YgLikeTrece CEO
'©…©…","Tarboro, NC",North Carolina
Larry Manning,"Saratoga Springs, NY",New York
Matteo Scarpelli©…©…,"Buffalo, NY",New York
Caleb Maurer,"Millville, NJ",New jersey
Jimmy Stansfield,"Bloomington, IL",Illinois
Kevin Kennedy,Pennsylvania,Pennsylvania
Lil Greg©…©…D'™ v ©…©…,"Philadelphia, PA",Pennsylvania
BlackBull Shrek,"Jackson, MS",Mississippi
Emmanuel Rodriguez,"Philadelphia, PA",Pennsylvania
©…©…©…©…™UT G©…©…™NG,"Chicago, IL",Illinois
Scott Goodell,"San Francisco, CA",California
aaron,"Phoenix, AZ",Arizona
Mike Oldenburg,"Bethlehem, PA",Pennsylvania
Umbrella Inc.,"Philadelphia, PA",Pennsylvania
Malguss©…©…©…©…B&,"Pueblo, CO",Colorado
chris karathanas,"Los Angeles, CA",California
these nuts,"Austin, TX",Texas
KingSam15,NC,North Carolina
Snake Mamba #5,"Milledgeville, GA",Georgia
Larry,"Philadelphia, PA",Pennsylvania
Brad Smith,Arizona,Arizona
Big Cee  O'Neal,"Gary,Indiana",Indiana
Pj Ugochukwu,"Sugar Land, TX",Texas
Avery Maehrer,"Orlando, FL",Florida
George Peters,"Linglestown, PA",Pennsylvania
Carlos Peterson,"Burr Ridge, IL",Illinois
J.Thomas,Louisiana,Louisiana
Cheyene,"Edmond, OK",Oklahoma
Charles Page,"Anchorage, AK",Alaska
FreeGucciCampaign,"Milwaukee, WI",Wisconsin
Lou Meagher,"Palm Beach Gardens, FL",Florida
DJ Mattei,"Havre de Grace, MD",Maryland
gwennie ',"Philadelphia, PA",Pennsylvania
Patrick Woodside,"Knoxville, TN",Tennessee
Jordan Davis,"Wildomar, CA",California
Thayou Bellune,"Delran, NJ",New jersey
Matt Rasich,"Chicago, IL",Illinois
cody,"Ferndale, WA",Washington
Jake Burns,"Sardinia, Ohio ",Ohio
Zach Hrubiec,"Berlin, CT",Connecticut
Michael Bowersox,"Greencastle, PA",Pennsylvania
Dick,"Philadelphia, PA",Pennsylvania
Chris :D,Pennsylvania,Pennsylvania
Brian Branscum,"Sacramento, CA",California
Chase Thibodeaux,"Houma, LA",Louisiana
Matthew Waddington,"Grand Island, NY",New York
Ryan Malone,"Sellersville, PA",Pennsylvania
Philip,"Albany, NY",New York
Douglas Hilderbrand,"Fairfax,VA",Virginia
M ©…©…,"North Miami, FL",Florida
Shake ©…©…,"Los Angeles, CA",California
Bubba,"Birdsboro, PA",Pennsylvania
David Bolles,"Philadelphia, PA",Pennsylvania
Elvis Vargas,"Bronx, NY",New York
Vinny Scotti,"Tampa, FL",Florida
Sharon McClay,NJ,New jersey
Wesley singh,"Mohnton, PA",Pennsylvania
Josh .=0™©…©…©…©…,"Pittsburgh, PA",Pennsylvania
Antonio Pagan,"Philadelphia, PA",Pennsylvania
Dreck The Reckless,"Pittsburgh, PA",Pennsylvania
jayce,"Cleveland, OH",Ohio
Alyssa,NJ,New jersey
Tim Andrel,"King of Prussia, PA",Pennsylvania
Mark Weir,"Philadelphia, PA",Pennsylvania
Connor Galloway,"Margate City, NJ",New jersey
SportsOnTV,"Lakewood, CO",Colorado
Jessica Lawlor,"Philadelphia, PA",Pennsylvania
Beccah Hendrickson,"Lancaster, PA",Pennsylvania
Benny Ben,"California, PA",Pennsylvania
Gerald Xavier,"Chicago, IL",Illinois
R.Lodge,NJ,New jersey
"'©…©…""","Philadelphia, Pennsylvania",Pennsylvania
Ryan Diggs,"Ellensburg, WA",Washington
Louis Holzman,Pennsylvania,Pennsylvania
Edward Murray,"Birchrunville, PA",Pennsylvania
Ty Swindel,"Scranton, PA",Pennsylvania
dmckenz21@gmail.com,Michigan,Michigan
Sean Crampsie,"Carlisle, PA",Pennsylvania
"Billy &©…©…
 B&™","New York, NY",New York
nick brunner,"Buffalo, NY",New York
Adam Yanoff,"Philadelphia, PA",Pennsylvania
The iLLest ©…©…©…©…,NC,North Carolina
Kevin Favinger,"Palm desert, CA",California
Jim Heim,"Warwick, NY",New York
katie jackson,"Levittown, PA",Pennsylvania
Mikka O. Hardwick,"Los Angeles, CA",California
Lovest Diomande,"Philadelphia, PA",Pennsylvania
Ivan_Puente,"Pharr, TX",Texas
Yvem©…©…©…©…,"Brooklyn, NY",New York
Christian Miranda,"Houston, TX",Texas
Anne Plott,Georgia,Georgia
Kate Renda,"Pittsburgh, PA",Pennsylvania
Yuri Sardarov,"Chicago Fire, IL",Illinois
Nick Brandolini,"Weymouth, MA",Massachusetts
Anthony Palumbo,"Kerrville, TX",Texas
Nick (9-1) ©…©…,"Philadelphia, PA",Pennsylvania
Greg Groce,"Philadelphia, PA",Pennsylvania
Jeremy Wheeler,"Albany, WA",Washington
illa,"San Francisco, CA",California
Adam Travis,"Brooklyn, NY",New York
Alex L,"Philadelphia, PA",Pennsylvania
©…©…,"Minneapolis, MN",Minnesota
Cash Cow,"Los Angeles, CA",California
Rizz,"Roxbury, Boston",Boston
"Angel Rosas Ortiz !""","Portland, OR",Oregon
Esteban Cabacungan,"Evans, GA",Georgia
Jair,"Milpitas, CA",California
Audrey Sonnanburg,"Philadelphia, PA",Pennsylvania
Ryan Gavrilescu,"Eagan, Minnesota",Minnesota
Coach P.,"Philadelphia, PA",Pennsylvania
Deanne,"Philadelphia, PA",Pennsylvania
Marina Acosta,"Los Angeles, CA",California
Kyle Cummins,"New Lenox, IL",Illinois
GuyThatCanFly,"Spokane, WA",Washington
John Malloy,NJ,New jersey
The Enlightened One,"St Louis, MO",Missouri
#5™ 5™ GOLIVE©…©…©…©…,"Lanham, MD",Maryland
Sara Smith,"West Chester, PA",Pennsylvania
Anthony Verderame,"New York, NY",New York
PTHS CHEERLEADING©…©…©…©…,"Pemberton, NJ",New jersey
lauren,"Philadelphia, PA",Pennsylvania
Steve Gaffin,"Grand Rapids, MI",Michigan
Chris Hasson,"West Deptford, NJ",New jersey
Zander Dohn,"Athens, OH",Ohio
Poor Homie Sean,"Atlanta, GA",Georgia
Rahul Kale,"Philadelphia, PA",Pennsylvania
Josh Horwitz,"Pittsburgh, PA",Pennsylvania
YBGang T3Z,"Federal Way, WA",Washington
Tyson Malone,"Salt Lake City, UT",Utah
Eliseo valencia,"Houston, TX",Texas
Travis Gamache,"Lisbon, NH",New hampshire
Marc Hunter,"Baltimore, MD",Maryland
Nick,"Claremore, OK",Oklahoma
knapp,"Glendora, NJ",New jersey
Grant,"Newark, Delaware",Delaware
TinmanCreative,"Philadelphia, PA",Pennsylvania
rnad,"Los Angeles, CA",California
Randy Hanson,"West Des Moines, IA",Iowa
Nicholas Gallegos,"Santa Fe, NM",New mexico
Luke Strain,"Philadelphia, PA",Pennsylvania
mark masiliunas,Indianapolis ,Indianapolis
Albert Zito,"Cincinnati, OH",Ohio
Craig Short,"Omaha, NE",Nebraska
Monivia,"Baton Rouge, LA",Louisiana
Dallas Barnes,"Boulder, CO",Colorado
RebuildingOurKulture,"Uptown,PA",Pennsylvania
ThatBish.,"Chicago, IL",Illinois
Eric Jones,"Greeley, CO",Colorado
PIFF,"Trenton, NJ",New jersey
Treshon Masias,"Amarillo, TX",Texas
DIOS,Georgia,Georgia
Aries.,"Walnut, CA",California
Carlos,Arizona ,Arizona
Chance Amell,"Peachtree City, GA",Georgia
Jase Gum,"Pacifica, CA",California
Andrei,LA,Louisiana
Steph Means,"East Chicago, IN",Indiana
Will Froebel,"Houston, Champions, TX",Texas
Jacob B,Kentucky,Kentucky
Mateo,"Oxnard, CA",California
Hunter,"Middletown, DE",Delaware
HOVO,"Cleveland, OH",Ohio
Richard Doan,"Huntington Beach, CA",California
Brock Sweigart,"Denver, PA",Pennsylvania
Colin Langan,"Irvine, CA",California
Dylan Morganstein,"State College, PA",Pennsylvania
Caleb Steck,"Canton, IL",Illinois
Spencer Griffin,"Los Angeles, CA",California
©…©….,"Woodmere, LA",Louisiana
Chase Springs r0," West Palm Beach,Florida",Florida
Ross,"Chicago, Illinois",Illinois
Will,"Chicago, IL",Illinois
Bobby Kerestes,"Williamsport, PA",Pennsylvania
Abdou Massah,"Philadelphia, PA",Pennsylvania
Jose©…©…,"Perris, CA",California
ChrisWBoland,"Denver, CO",Colorado
Manny Avila,"Miami, FL",Florida
Tommy Saunders,"East Syracuse, NY",New York
Joseph M.,"Newport, NC",North Carolina
Luis Torres,"Madison, WI",Wisconsin
Rod Rueda,"Cambrian Park, CA",California
Chuck,"Schuylkill Haven, PA",Pennsylvania
Ian Harris Lese,"Fort Wayne, IN",Indiana
Bruce Davis,"Oatfield, OR",Oregon
BWG Sean,"Outside of Philadelphia, PA",Pennsylvania
Charlie Harrington,"Marshall, MI",Michigan
Ty,"Carlsbad, NM",New mexico
Nour Hatoum,"Chicago, IL",Illinois
Tyler Eaton,"Bowling Green, KY",Kentucky
Habeel,"Sunrise, FL",Florida
Tina,"San Jose, CA",California
David McDonell,"Las Vegas, NV",Nevada
Mark Doloughty,"Malvern, PA",Pennsylvania
Jonathan Bracero,"Philadelphia, PA",Pennsylvania
Connor Fair,"West Deptford, NJ",New jersey
Sanchez Fair,"Charlotte, NC",North Carolina
John Samuelson,"Dayton, Ohio & Olean, NY",New York
Kiersten,"Philadelphia, PA",Pennsylvania
Deric Hunisicker,"Bethlehem, PA",Pennsylvania
Nicholas,"Franklin, IN",Indiana
Matt White,"Levittown, PA",Pennsylvania
alexandermiller,"Philadelphia, PA",Pennsylvania
Orson Sproule,"Cazenovia, NY",New York
Rod Reed,"Wichita Falls, TX",Texas
Michelle Hart,"Muncy, PA",Pennsylvania
Michael Kress,"Boston, MA",Massachusetts
sam hills,"Salem,Oregon",Oregon
Shimmy.x,"Jersey City, NJ",New jersey
PA Golf Association,"Broomall, PA",Pennsylvania
ShannonTheHennyGod,"Philadelphia, PA",Pennsylvania
Fritz,"Denver, CO",Colorado
Eric James,CA,California
BraxdonCooper,"Newport News, VA",Virginia
Dawn VanAken,"Holt, MI",Michigan
Dominick Abate,"Mt. Pleasant Mills, PA",Pennsylvania
Raymond Z Tolentino,"Chicago, IL",Illinois
Gary Brazell,"Boothwyn, PA",Pennsylvania
Blake Hardin ©…©…,"Ringgold, GA",Georgia
Alejandro,"Chicago, IL",Illinois
©…©…©…©…©…©…©…©…©…©…,"Las Vegas, NV",Nevada
Andrew Dugger,"Louisville, KY",Kentucky
Michael Hagenhoff,"St Charles, MO",Missouri
Brennan Gaffer,"Lima, OH",Ohio
H. Lee Whack Jr.,"Philadelphia, PA",Pennsylvania
Jacob Huston,"Fort Worth, TX",Texas
"Thomas P O'Dea, Jr","New Canaan, CT",Connecticut
Jeff Green,"Akron, NY",New York
Erin Kennedy-Rogers,"Springfield, PA",Pennsylvania
robert thai,"Eagan, MN",Minnesota
Peter Jeon,"Austin, Texas",Texas
Yeernameen,"Detroit, MI",Michigan
Mark Herndon,"Philadelphia, PA",Pennsylvania
Andy,"Philadelphia, PA",Pennsylvania
Not A Conservative,"Dallas, TX",Texas
jal__,"Carrollton, GA",Georgia
TheRealSulfur,"Chicago, IL",Illinois
Jojopotato,"Springfield, IL",Illinois
TheRealLuisToFr3sh,"Allentown, PA",Pennsylvania
James Harris,"Sacramento, CA",California
Dylan Harner,"Columbus, Ohio",Ohio
Frank,"Wenatchee, WA",Washington
Joseph Sidorski,"Philadelphia, PA",Pennsylvania
Brian Van Kempen,"Parkesburg, PA",Pennsylvania
Jon,"Philadelphia, PA",Pennsylvania
©…©…©…©…Harvey©…©…©…©…,"Bryan, TX",Texas
u o'dyl,"Eugene, OR",Oregon
Cedric Lewis,"San Francisco, CA",California
Tara Daniel Gomez,"San Antonio, TX",Texas
Chris Pugliese,"Broomall, PA",Pennsylvania
Fernando,"San Antonio, TX",Texas
Russ G,"STL, MO",Missouri
Mary Elizabeth,"Oakland, CA",California
©…©…©…©…©…©…,"Los Angeles, CA",California
Jai ©…©…,"New York, NY",New York
Kelsey Louise,"Philadelphia, PA",Pennsylvania
Ceroromo,"San Diego, CA",California
Kurt Stewart,"Philadelphia, PA",Pennsylvania
Scott,"Philadelphia, PA",Pennsylvania
Michael Jank,"East Lansing, MI",Michigan
Bryan Mendoza,"Los Angeles, CA",California
©…©…King Chris©…©…,"Nampa, ID",Idaho
Big Pimp Jones,"Philadelphia, PA",Pennsylvania
Jimmy Karwacki,"Runnemede, NJ",New jersey
Lord Fran,"Denver, CO",Colorado
Kaleb,"Las Vegas, NV",Nevada
John Fowler,"Bel Air, MD",Maryland
Jack Phillips,"Oshkosh, WI",Wisconsin
Jose Torres,"Glenn Heights, TX",Texas
Coach Goddard,"Flower Mound, TX",Texas
Keapgrindin24,"Miami, FL",Florida
mikemoffa,"West Hartford, CT",Connecticut
Matthew Cautivar,"Lewisville, TX",Texas
Alex Yang,"Nashville, TN",Tennessee
Lil wavy,"Omaha, NE",Nebraska
Levail Hendo,"San Diego, CA",California
ThatTimeofTheYear©…©…,"Buffalo, NY",New York
Chris Zinda,"York, PA",Pennsylvania
Soccus Henderson,"Farmington, CT",Connecticut
Jerry Lamey,"Hockessin, DE",Delaware
Joseph J Pangaro,"Philadelphia, PA",Pennsylvania
Mike Sanchez,"Philadelphia, PA",Pennsylvania
TJ Gerrity,"Overland Park, KS",Kansas
Kyle Cruley,"Arlington, VA",Virginia
Djordan Unchained,"Philadelphia, PA",Pennsylvania
Matteo Rosselli,"New York, NY",New York
Charles Pernell,"San Diego,  CA",California
VitoThr33,"San Diego, CA",California
CT,"Mesa, AZ",Arizona
Tarvinci,"Hampton,Va / New Iberia,LA",Louisiana
Pat O'Day,Boston,Boston
Roy Minato,"Irvine, CA",California
Curren Rashi,"Ventura, CA",California
Alex Velto,"Las Vegas, NV",Nevada
Aaron Paule,"Huntington Beach, CA",California
W. Loftus,"West Chester, PA",Pennsylvania
Willie Wonder,"Slidell, LA",Louisiana
Pedro Gomez,"Atlanta, GA",Georgia
B,Indiana ,Indiana
Brian Davila,"Colorado Springs, CO",Colorado
"PookDawg!""","Augusta, GA",Georgia
Dasein,"Twin Peaks, WA",Washington
Matthew Aumann,"Columbus, OH",Ohio
Chasepollard,"Philadelphia, PA",Pennsylvania
Nikith Garikaparthi,"New York, NY",New York
Jimmy,"Philadelphia, PA",Pennsylvania
Davon Lambert,"New Port Richey, FL",Florida
Alex Poplawski,"San Francisco, CA",California
LilCelticsKidd,"South Apopka, Florida ",Florida
Lionell,"Inwood, WV",West Virginia
Dav'in Zel Visland,"South Miami, FL",Florida
Chingui©…©…,"Orlando, FL",Florida
Tyler Kern,"Pittsburgh, PA",Pennsylvania
Taylor Weinstein,"Richboro, PA",Pennsylvania
Nathan Barragan,"Huntington Park, CA",California
CEO,"Austin, TX",Texas
TG0310,"New York, NY",New York
rell ligon,"Philadelphia, PA",Pennsylvania
Christine M,"Philadelphia, PA",Pennsylvania
Lil mon,"Louisville, KY",Kentucky
jamie,"Philadelphia, PA",Pennsylvania
Mynor Calderon,"Los Angeles, CA",California
Salini Jariwala,"Hempstead, NY",New York
mozelljr0908,"Philadelphia, PA",Pennsylvania
Devin,"Cleveland Heights, OH",Ohio
Pat Brassil,"Irvine, CA",California
Shaquille,"Los Angeles, CA",California
James Barton,"Philadelphia, PA",Pennsylvania
Ruben  Munoz  Montes,"Salida, CA",California
Jorge A.Vargas,"Bensalem, PA",Pennsylvania
Bill Bilger,"Columbus, OH",Ohio
Chad Koehler,"Lebanon, PA",Pennsylvania
Eabloom3,"Mount Laurel, NJ",New jersey
JRSIV,"Somerset, NJ",New jersey
Clint,"Atlanta, GA",Georgia
Charles Mills,"Kingwood, TX",Texas
Blaine Cooper,Pennsylvania,Pennsylvania
Connor Northrup,"Philadelphia, PA",Pennsylvania
Denny LeVally,"Fremont, OH",Ohio
Butterscotchfox,"Philadelphia, PA",Pennsylvania
raiken,Delaware,Delaware
Liza,"Philadelphia, PA",Pennsylvania
Stevie JC,"Manhattan, NY",New York
J. Stott,"Philadelphia, PA",Pennsylvania
David,"Apopka, FL",Florida
Bryan Mallory,"Raymore, MO",Missouri
Brandon B.,"Orlando, FL",Florida
Christian Laws,"Clemson, SC",South carolina
Jimmy,"Midlothian, TX",Texas
Trillbilly Jim,"New Orleans, LA",Louisiana
David B. DoveJones,"Los Angeles, CA",California
",maulty jewell","Merrillville, IN",Indiana
Seres:3,"Boston, MA",Massachusetts
J.Kol,Arizona,Arizona
Ronald Betts,"Los Angeles, CA",California
Barkley's Helmet Cam,"State College, PA",Pennsylvania
Todd,"Los Angeles, CA",California
JC Ward,"Marlow, OK",Oklahoma
Conor Dreher,"Overland Park, KS",Kansas
Michael Egan,"Amsterdam, NY",New York
Johnny B. Okay,"Las Vegas, NV",Nevada
©…©…©…©…(',"Philadelphia, PA",Pennsylvania
DEY IS THE NAME …,"Lovejoy, GA",Georgia
nathan mahlum,"Tacoma, WA",Washington
Jackson Wade,"Bozeman, MT",Montana
Lakershomie08,"Sacramento, California",California
Aaron Liller,NJ,New jersey
RenaissanceRoss,Des Moines,Des Moines
Fid,"Downingtown, PA",Pennsylvania
Paul Neesan,"Beverly Hills, CA",California
Jose D. Sanchez,"Austin/Houston, Texas ",Texas
Elden McKinney,"Dallas, TX",Texas
Aidan Hughes,"Merchantville, NJ",New jersey
ChikaChikaMexicano,"Chicago, IL",Illinois
TeSean Wooden,"Bellevue, Nebraska",Nebraska
Mwani Wilkinson,"Las Vegas, NV",Nevada
Mathew Bank,"Plattsmouth, NE",Nebraska
QueenAmeera77,"Philadelphia, PA",Pennsylvania
Marquel Thompson,"Mission, SD",South dakota
Alfredo Herrera,"Goodyear, AZ",Arizona
Kaidan McGowen,"Monroe, LA",Louisiana
Jeffrey Wainwright,"Elk Grove, CA",California
'Yü Ta Yu,"Philadelphia, PA",Pennsylvania
Abby Weisman,"Philadelphia, PA",Pennsylvania
James Meggison,"Springvale, ME",Maine
Kevin,"Chicago, IL",Illinois
Benjamin Watkins,"Ripon, CA",California
Krichna Ledford,"White Plains, NY",New York
dylan carter,"Philadelphia, PA",Pennsylvania
Cody Cox,"Millington, TN",Tennessee
Laredo ©…©…©…©…,"Muskegon, MI",Michigan
B PACK,"Parker, CO",Colorado
Keith Eshleman,"Forest, VA",Virginia
Prince William,"Jal, NM ",New mexico
Jesse Castrejon,"Upland, CA",California
Steve,"West Chester, OH",Ohio
Jayden Coln,"Plymouth, MA",Massachusetts
Eric Trujillo,"Santa Barbara, CA",California
Terry,"Pensacola, FL",Florida
Ryan Latimer,"Lebanon, PA",Pennsylvania
JAY,"BROOKLYN, NY",New York
#13©…©…,"Houston, TX",Texas
abb©…©…©…©…,"Philadelphia, PA",Pennsylvania
Lh Es Ter,"Blue Earth, MN",Minnesota
oliver thackeray,"Houston, TX",Texas
Agustin,"Las Vegas, NV",Nevada
Bender,"Cincinnati, OH",Ohio
Dave C3,"Orlando, FL",Florida
Jimmy Lenza,"Lakeville, MA",Massachusetts
Manuel Bumanlag,"Chandler, AZ",Arizona
Anda,"Philadelphia, PA",Pennsylvania
Bax Jnr,"Denton, TX",Texas
Queen Netta©…©…,"Dallas, Texas",Texas
Jimear Harris,"Wheeling, West Virginia",West Virginia
Nicolaas,"Kingston, MA",Massachusetts
Josh Hayes,"Philadelphia, PA",Pennsylvania
Reek.Respectfew,"Philadelphia, PA",Pennsylvania
A©…©…,NJ,New jersey
Kurt Koeppl,"Dormont, PA",Pennsylvania
Tyler Jackson,"Norristown, PA",Pennsylvania
Bobby Emmanuel,"Union, NJ",New jersey
Armando Guerra,"Plano, TX",Texas
BP3 mil grau 11-6,"San Antonio, TX",Texas
Michael Picataggio,"Mountain Top, PA",Pennsylvania
Marino's Pizza,"Runnemede, NJ",New jersey
Mike Kimber,"Battle Creek, MI",Michigan
©…©…Bud©…©…GoldFish©…©…,"Kaufman, TX",Texas
Eric Butler,"South Bend, IN",Indiana
JT Holmes,"Tempe, AZ",Arizona
Robert Palumbos,"Philadelphia, PA",Pennsylvania
Benjamin,"Mount Joy, PA",Pennsylvania
Askin Veysel Topal,"Philadelphia, PA",Pennsylvania
Jack Williams,"Elkton, MD",Maryland
dashaundavidson,"Greensburg, PA",Pennsylvania
deadplanet,"Boston, MA",Massachusetts
Q,"Detroit, MI",Michigan
TicketBballAcademy,"Houston, TX",Texas
Blanka,"Dallas, TX",Texas
Peter Rossi,Denver,Denver
Derrick Scott,"Philadelphia, PA",Pennsylvania
Raul,"Donna, TX",Texas
Jaylen Brown,"Boston, MA",Massachusetts
Suzy Carney,"Conshohocken, PA",Pennsylvania
Jude Ilagan,"Los Angeles, CA",California
Jaisohn Nam,"Philadelphia, PA",Pennsylvania
©…©…sam©…©…,"Houston, TX",Texas
Iammestb,"Dallas, Texas",Texas
April Joy (DeLoLvr)*,"Los Angeles, CA",California
Nicole Tepper,"Philadelphia, PA",Pennsylvania
4545 Creative,"Philadelphia, PA",Pennsylvania
EJC' 3JD12,"Harrisburg, PA",Pennsylvania
The Goat,"Philadelphia, PA",Pennsylvania
Brendan Bradley,"Philadelphia, PA",Pennsylvania
PsychedelicSmokeBBQ,"Berks County, PA",Pennsylvania
James,"Philadelphia, PA",Pennsylvania
Andrew Nguyen,"Philadelphia, PA",Pennsylvania
ColeDisco,"Lancaster, PA",Pennsylvania
JZ,"Kenosha, WI",Wisconsin
Cynthia Williams,Indiana,Indiana
One Man Army©…©…©…©…,"Cleveland, OH",Ohio
MELVIN ROBINSON,"Hillcrest Heights, MD",Maryland
Francis Guido,"Queens, NY",New York
Ian O'Brien,"Orange County, California",California
Eli,"Kutztown, PA",Pennsylvania
paul maggi,"Berlin, NJ",New jersey
Kaseem!!,"Philadelphia, PA",Pennsylvania
sNpNiNcNeN,PA,Pennsylvania
ChocolateBaby1994 ©…©…,"Las Vegas, NV",Nevada
Billy DiRago,"Bedford Hills, NY",New York
John Madden,"Philadelphia, PA",Pennsylvania
Brian,"AUDUBON, NJ",New jersey
Joe Moss,PA,Pennsylvania
Shilpan Patel,"Bay Area, CA",California
Here For News,"Shippensburg, PA",Pennsylvania
Capitol Hoops,Maryland,Maryland
Jonathan Trieu,"Los Angeles, CA",California
Lord,Delaware,Delaware
Alex Diamantis,"Staten Island, NY",New York
jd,OR,Oregon
Jon McMenamin,"Waldwick, NJ",New jersey
Parker Brown,"Bowling Green, OH",Ohio
David Faith,"West Collingswood, NJ",New jersey
Dee ©…©…©…©…,"Medford, NY",New York
Domenick Rago,"Sicklerville, NJ",New jersey
Malik Strutchen,"Charlotte, NC",North Carolina
Khaleena,"Norristown, PA",Pennsylvania
Juan Morales,"Philadelphia, PA",Pennsylvania
Ryan Thompson,"Philly, PA",Pennsylvania
Jim Petersen,"Minneapolis, MN",Minnesota
J ©…©…,"Davis, CA",California
JE3,"Chicago, IL",Illinois
Johnny Almaguer Jr,Florida,Florida
PlayItAgainSports,"Deptford, NJ ",New jersey
Jay Dee,"Austin, Texas",Texas
_yPP ©…©…©…©…©…©…,"Florida, TX",Texas
BO$$,"Philadelphia, PA",Pennsylvania
xyrellemarcky,"Cleveland, OH",Ohio
The Zeiger Firm,"Philadelphia, PA",Pennsylvania
Zach Eyster,"Atlanta, GA",Georgia
Dennis Gibson,"Rocklin, CA",California
65% Font,"New York, NY",New York
Fran Convery,"Pine Hill, NJ",New jersey
Dan J,"Toms River, NJ",New jersey
lboogiemom,"Philadelphia, PA",Pennsylvania
BRKE CHGG,"Hamilton, NJ",New jersey
Jack,NJ,New jersey
rell,"Philadelphia,PA",Pennsylvania
Bobby Terry,"Delran, NJ",New jersey
Kell$,"San Antonio, TX",Texas
arlinda,"Tohajiilee, NM",New mexico
Kathleen,"Downey, CA",California
terri sylvester,"Berlin, NJ",New jersey
Shaun,"Akron, OH",Ohio
&™Dim Tuncan&™,"Fayetteville, NC",North Carolina
Evan Henoch,"Powell, OH",Ohio
andrew edenbaum,"Parkland, FL",Florida
Kyle Robinson,"Phoenix, AZ",Arizona
David Drake,"Millburn, NJ",New jersey
Leandro Ortega ©…©…©…©…,"Worcester, MA",Massachusetts
Peter W. Magill,"Lewisburg/Philadelphia, PA",Pennsylvania
s^=臧劝氚前0獍蟀©…©…=kQ,"Dallas, Texas",Texas
Scott,"Ocean Springs, MS",Mississippi
`&™shorty c`&™,"Chicago, IL",Illinois
Jon Bryant,"Norfolk, VA",Virginia
Huy Vu,"Westminster, CA",California
Ethan Leroy Bremmer,"Mattawan, MI",Michigan
Boyd Marston,"Philadelphia, PA",Pennsylvania
EL FLEXPO,"Las Vegas, NV",Nevada
Intrinsc,"Aberdeen Proving Ground, MD",Maryland
Dan Lannon,"Broomall, PA",Pennsylvania
Juan Carlos Versoza,"Sacramento, CA",California
IT'S BROWN OR NEVER,"Moreno Valley, CA",California
Rob Burrows,"Wayne, NE",Nebraska
JuanDiego,"Las Vegas, NV",Nevada
Hunter Mcˇ,KY,Kentucky
Michael,"Philadelphia, PA",Pennsylvania
Kayia,"St Louis, MO",Missouri
Fred Reibsome,"Mifflinburg, PA",Pennsylvania
Shannon Pierce,"LaLa Land, CA",California
Michael Padilla,"Fort Smith, AR",Arkansas
Andre Zion Gathers,"New London, CT",Connecticut
Tyler,"Portland, OR",Oregon
jay kuhns,"Tampa, FL",Florida
brett gott,"Levittown, PA",Pennsylvania
Steven J. Krinsky,"Philadelphia, PA",Pennsylvania
joseph padilla,"Newark, DE",Delaware
mataan,"Minneapolis, MN",Minnesota
J&N Sports,"Lincoln, NE",Nebraska
Lexi,"Kearney,NE",Nebraska
Anwar Willis,"Cleveland,OH",Ohio
Zak Kissel,"Philadelphia, PA",Pennsylvania
Joey CrakkWit2KKs,"Philadelphia, PA",Pennsylvania
lucy,"Charlotte, NC",North Carolina
David Foley,"Tabernacle, NJ",New jersey
Mike Noice,"Centerville, UT",Utah
Slav©…©…©…©…,"Brooklyn, NY",New York
Dj Coolwhip,"Lebanon, VA",Virginia
Slowpoke,"Haughton, LA",Louisiana
Shaun Cox,"Robbinsville, NJ",New jersey
Marc Currie,"Buckingham, PA",Pennsylvania
Sean Schaffer,"Emmaus, PA",Pennsylvania
Conor,"Boston, MA",Massachusetts
Lord Stuckey,"Central City, TX",Texas
Laura Herrmann,"Chester County, Pennsylvania",Pennsylvania
Tobenna Anusionwu,"Berlin, NJ",New jersey
Anthony Rangel,"Helotes, TX",Texas
Anurag Velchala,"Philadelphia, PA",Pennsylvania
"iiFarmerii!"" MyNBA"" DFS""","Mattoon, IL",Illinois
Bad & Rowdy's Racing,"Minneapolis, MN",Minnesota
Cody gardiner,"Norristown, PA",Pennsylvania
Andrew Chirackel,"Philadelphia, PA",Pennsylvania
Yusha,"Montgomery Village, MD",Maryland
jan halili,"Orange County, CA",California
Matt Elyas,LA,Louisiana
Charles,"Detroit, MI",Michigan
Brian Rolff,"Las Vegas, NV",Nevada
Nicholas,"PHILADELPHIA, PA",Pennsylvania
muk,"Philadelphia, PA",Pennsylvania
Everett Ingalls IV,"Chicago, IL",Illinois
Brandon Waloff,"Oakland, CA",California
Reginaldtraceylong,"Charlotte, NC",North Carolina
Erion Moore,"Chicago, IL",Illinois
Brandon,"Berlin, NJ",New jersey
Marcus Crockett,"Tyler, TX",Texas
Hardwork Movement,"Philadelphia, PA",Pennsylvania
RanDaddy35,"Moreno Valley, CA",California
AwesomeGuyGaming,"Kissimmee, FL",Florida
ShoeBaker,"Los Angeles, CA",California
Patrick,"Philadelphia, PA ¨™ Boston, MA",Massachusetts
Nels PLUS ULTRA!,"Milwaukee, WI",Wisconsin
ASI Awards,"Trevose, PA",Pennsylvania
Nicholas Martell,"Victorville, CA",California
Zach Carpenter,"Helena, MT",Montana
Sam Donnellon,"Philadelphia, PA",Pennsylvania
Zero Cannon,"Charlotte, NC",North Carolina
Tyler Rinko,"Philadelphia, PA",Pennsylvania
Mbye Njie,Atlanta,Atlanta
Ukycantwa1t,"Philadelphia, PA",Pennsylvania
Mortada,"Lynn, MA",Massachusetts
Kyle Thoman,"Bethlehem, PA",Pennsylvania
Jon Che Stephanks,"Chicago, IL",Illinois
August,"Louisville, KY",Kentucky
Denise Finfrock,"Levittown, PA",Pennsylvania
River Chism,"Dexter, MO",Missouri
Ryan Spencer,"Charleston, WV",West Virginia
Dylan Smith,"Charlotte, NC",North Carolina
Blake Gibson,"Jonesboro, AR",Arkansas
Joey Ware,"Union Beach, NJ",New jersey
shawn mesi,"Buffalo, NY",New York
Sarah Dumitrescu,"Bradenton, FL",Florida
endless clichs,"Columbus, OH",Ohio
sash,"New York, NY",New York
UG13,"Los Angeles, CA",California
Ryan wollny,"Freeport, IL",Illinois
"©…©…©…©…©…©…©…©…
 B&™","East Nashville, TN",Tennessee
Joe Stoll,"Philadelphia, PA",Pennsylvania
Jack Ramsey,"Winter Park, FL",Florida
Spencer,"Philadelphia, PA",Pennsylvania
Savage Tj,"Senatobia, MS",Mississippi
KN,"Philadelphia, PA",Pennsylvania
Mark Palmer,"Philadelphia, PA",Pennsylvania
nancy langley,"Upper Darby, PA",Pennsylvania
Marc,"Los Angeles, CA ",California
ginger scan,"Long Beach, CA",California
ivan grimsky,PA,Pennsylvania
nando,"Philadelphia, PA",Pennsylvania
Justin Donnelly,"Delco, PA",Pennsylvania
TB&D©…©…,"Santa Maria, CA",California
Billy Rukh,"Houston, TX",Texas
Hunter,"Neptune, NJ",New jersey
Colton,"Overland Park, KS",Kansas
John Brown,"Chicago, IL  ",Illinois
D'andre TR,"Mays Landing, NJ",New jersey
OXO Packaging,"Newark, CA",California
caylan gordon,"Philadelphia, PA",Pennsylvania
stacia janus,"Hermosa Beach, CA",California
Brian James II,"Philadelphia, PA",Pennsylvania
TechDaVet9©…©…©&©…©…©…©…©…©…,"Starke, FL",Florida
Brian Wiegman,California,California
Steven,"Dallas, TX",Texas
Kondwani Kamanga,"Atlanta, Georgia",Georgia
Josh Rathbun,Minnesota,Minnesota
Mike Bucci,"Morgantown, WV",West Virginia
Fox Football Robot,"Philadelphia, PA",Pennsylvania
Jaedin,"Denver, CO",Colorado
Noah,"Cleveland, OH",Ohio
  Raijin  ,"Bronx, NY",New York
Jordan Jeletic,"Annapolis, MD",Maryland
Maribel Rodriguez,"San Antonio, TX",Texas
The Judge,"Brooklyn, NY",New York
 &™,"Chester, PA",Pennsylvania
Zek,"Oxford, MS",Mississippi
sambath prop,"Long Beach, CA",California
Brady,"Lebanon, PA",Pennsylvania
Darrin White,"Alpharetta, GA",Georgia
Wesley Bertoni,"Los Angeles, CA",California
Eazy Sean B,"Nantucket, MA",Massachusetts
Gerald Dixon Jr.,"Rock Hill, SC",South carolina
Ted Cogswell,"Everett, WA",Washington
Martial Arts Matt,"Las Vegas, NV",Nevada
Corey Sobers,"Gainesville, FL",Florida
Daddy Morales,"Los Angeles, CA",California
Joshua,WA,Washington
Bobby,"Philadelphia, PA",Pennsylvania
Meagan Peterson,"Langhorne, PA",Pennsylvania
Derrick Jones,"Atlanta, GA",Georgia
al,"West Chester, PA",Pennsylvania
Warren Bell,"Austin, TX",Texas
Kristina ©…©…Vigil,"Santa Fe, NM",New mexico
David Watson,"Frisco, TX",Texas
Alpha Dog Supplies,"Philadelphia, PA",Pennsylvania
DeeDubs,Delaware,Delaware
PAYROLL2 !,"Greenwood, MS",Mississippi
Zack Dukich,"Mickleton, NJ",New jersey
Sam Evans,"Salt Lake City, UT",Utah
lee abilmona,"North Canton, OH",Ohio
Ade`,Georgia,Georgia
©…©…Thomas Kullmann©…©…,"Philadelphia, PA",Pennsylvania
Sam voege,"Greenlawn, NY",New York
khayyon,"Philadelphia, PA",Pennsylvania
Eugene miller,"Philadelphia, PA",Pennsylvania
Andre Mixon,"Chicago, Illinois",Illinois
Rick Grabow,"Milwaukee, WI",Wisconsin
Joseph O.,"Fresno, CA",California
Shawn Callahan,"Denver, CO",Colorado
Connor McMenamin,"The Midway Diner in Midway, PA",Pennsylvania
Victor Morella,NJ,New jersey
Josh Shamblin,"Williamstwn, WV",West Virginia
Tyler Herbert,"Florence, SC",South carolina
Justin Cohen,"Brooklyn, NY",New York
AJ,"Phoenix, AZ",Arizona
Steve Borzelleca,"Conshohocken, PA",Pennsylvania
Chloe Pavlech,"Storrs, CT",Connecticut
Vanessa,"Philadelphia, PA",Pennsylvania
Toolee_wsf,"Philadelphia, PA",Pennsylvania
Jack Perkins,"Los Angeles, CA",California
Haydsgiving Dinner,"Logan, UT",Utah
Dontrell Taylor,"Milwaukee, WI",Wisconsin
Buttcheeks',"Dearborn Heights, MI",Michigan
John E. Neal,"Charlottesville, Virginia",Virginia
Blaze Hendrix,"Hanford, CA",California
Chuck Hofknecht,"Williamstown, NJ",New jersey
Michael Garner,Indianapolis,Indianapolis
What's,"Los Angeles, CA",California
Post Alone,"Oklahoma City, OK",Oklahoma
Barry Jr,"Philadelphia, PA",Pennsylvania
Jeffrey Ditz,"West Chester, PA",Pennsylvania
Nathan,"Pittsburgh, PA",Pennsylvania
Mariahlynn©…©…©…©…,"Wichita Falls, TX",Texas
Moerms,"Gray Gables, MA",Massachusetts
Nate Vancil,"Philadelphia, PA",Pennsylvania
,"Omaha, NE",Nebraska
Travis Shuman,"Huntington Beach, CA",California
Eric Galarza,"Charlotte, NC",North Carolina
Sean Jones,"Bronx, NY",New York
Defyer,"Chicago, IL",Illinois
Arman Fijany,"Los Angeles, CA",California
teddy allen,"Philadelphia, PA",Pennsylvania
Sam McKenney,"Dover, NH",New hampshire
Po T J.,"Powder Springs, Georgia",Georgia
 SALESMAN ,"Owings Mills, MD",Maryland
Hemanth Asokan,"Chicago, IL",Illinois
Ben Blazen,"Davison, MI",Michigan
Nickolas Clark,"Jasper, TX",Texas
Ernesto Reitich,"Sunny Isles Beach, FL",Florida
Reed,"Chickasha, OK",Oklahoma
Mike Dport,"BirdLand, Maryland",Maryland
Derek Sanderson,"Grand Rapids, MI",Michigan
N.   A.    N.    A.,"Philadelphia, PA",Pennsylvania
Jordan,"Winchester, TN",Tennessee
Matthew,Phoenix,Phoenix
Mike Ballenger,"Upper Arlington, Ohio- Jasper, Indiana",Indiana
KG,"San Marcos, TX",Texas
J,"Philadelphia, PA",Pennsylvania
NBA Straya,"New York, NY",New York
Karter Smith,"Brookhaven, MS",Mississippi
Steven,"Charlotte, NC",North Carolina
Ethan Benoist,"Chesterfield, MO",Missouri
Ivan,"Phoenix, AZ",Arizona
Chris,"New Orleans, LA",Louisiana
Richie Carr,"Lancaster, PA",Pennsylvania
©…©…,"San Antonio, TX",Texas
Caliph Roberts,"Philadelphia, PA",Pennsylvania
Mike Holihan,"East Bloomfield, NY",New York
Sam gonzalez,"Las Vegas, NV",Nevada
Kevin Christman,"Royersford, PA",Pennsylvania
Bryan Cruz,"Reading, PA",Pennsylvania
GEE_90.1FM  DOUBLEGSHOW ,"Philadelphia, PA",Pennsylvania
Jon Dye,"Haddonfield, NJ",New jersey
Banc,"Yonkers, NY",New York
Colton Kretchmer,"Norfolk, Virginia",Virginia
Amy Paeth,"Philadelphia, PA",Pennsylvania
Shane Rhodes,"Boston, MA",Massachusetts
Michael Graham,"Rochester, NY",New York
je_suis__dq,"Inglewood, CA",California
Yvonne Jackson,"Plymouth Meeting, PA",Pennsylvania
D-Las,"Philadelphia, PA",Pennsylvania
Nancy McNeilly,"Gibbstown, NJ",New jersey
Omar WP,"San Jose, California",California
Brooke,NJ,New jersey
Anthony,"Needles, CA",California
Rida Ben,"Cleveland, OH",Ohio
TherealDon Padilla,"Los Angeles, CA",California
eddie sparks jr,"Newport, TN",Tennessee
DiegoCanahuati,"Oak Harbor, WA",Washington
The King Chrollo,"Richmond, VA",Virginia
GingerVitus,"Leitchfield, KY",Kentucky
Julian,"San Antonio, TX",Texas
Ben Salomon,"Buffalo, NY",New York
We Put Niggas On Posters (7-3),"Charleston, SC",South carolina
Jared ardiel,"Seattle, WA",Washington
Gabriel Eberly,"Beesleys Point, NJ",New jersey
Brylon Lawson-Young,"Lubbock, TX",Texas
Antonio Simmons,"Phoenix, AZ",Arizona
Trevon,"Denver, CO",Colorado
J Cole-Sully,"Fayetteville, NC",North Carolina
TooTallTones,"Los Angeles, CA",California
Daniel Guzman,"Manhattan, NY",New York
OmarTheGreatest,"Reno, NV",Nevada
Eric Fuentes,"Thornton, CO",Colorado
Jim McMenamin,"Chicago, IL",Illinois
jacob ziggy,"Warren, OH",Ohio
AJ,"Ashtabula, OH",Ohio
Richelle Lane,"Cleveland, OH",Ohio
D. Henix,"Shreveport, Louisiana",Louisiana
Travis Fulton,"College Station, TX",Texas
*sighs* I m about to bust,"Shreveport, LA",Louisiana
Nigel Lee,"Chestnut Hill, MA",Massachusetts
Andrew Panek,"Taylor, PA",Pennsylvania
Marlon,Atlanta,Atlanta
Matt Coleman,"San Francisco, CA",California
Steve Mack,"Peabody, Massachusetts",Massachusetts
Tiffany Esmailian,"Los Angeles, CA",California
petey©…©…,"Philadelphia, PA",Pennsylvania
Edwin Najmi,"Los Angeles, CA",California
Phil W.,"The Woodlands, TX",Texas
Hall A Fame Ballers,"Brooklyn, NY",New York
Kn@TicaL MiLes,"Orlando, FL",Florida
Rachel Komyati,"West New York, NJ",New jersey
Lil Chano from NZ,"Layton, UT",Utah
Simms,"New Orleans, LA",Louisiana
Jin,"Oakton, VA",Virginia
SportBookBet,"Las Vegas, NV",Nevada
Ty Dolla $,"Portland, Oregon",Oregon
Eric Barnes,"Asheville, NC",North Carolina
IAMZyodaddy,"Savannah, GA",Georgia
Andrew Koller,"Philadelphia, PA",Pennsylvania
David Reyna,"Los Angeles, CA/Dallas, TX",Texas
Aaron Troe,"Minneapolis, MN",Minnesota
Eddie the Eagle,"Sandusky, OH",Ohio
The Singleton Team,"Jenkintown, PA",Pennsylvania
John Paul Bonsol,"La Habra ,CA",California
AlejO',"CarajoLand, FL ",Florida
Sarah Rose,"Philadelphia, PA",Pennsylvania
Jacob Stclair,"Salem, VA",Virginia
Bryan 睛™©…©…©…©…,"Lansing, Michigan",Michigan
N Rel,"Nashville, TN",Tennessee
Mr Shoutout!,"Philadelphia, PA",Pennsylvania
Tyler Casillo,"Buffalo, NY",New York
J.A.M...a&,"ABQ, NM ",New mexico
Logan Weckerly,"Monroe, WI",Wisconsin
Trent Jones,"Granite City, IL",Illinois
mr. massey,"Atlantic City, NJ",New jersey
Jesse,"San Diego, CA",California
Brian Flounders,"Philadelphia, PA",Pennsylvania
Dont Talk In The Uber Pool,"Los Angeles, CA",California
luke,"Detroit, MI",Michigan
Wade Loftesnes,"Denver, CO",Colorado
Zee Ali-Kanhai,"Orlando, FL",Florida
Wellington Newsome,"Hartsville, SC",South carolina
Laurent Rivard,"Philadelphia, PA",Pennsylvania
Seth Billiau,"Grand Rapids, MI",Michigan
John,"Los Angeles, CA",California
The Big Healthy Good Boy Whom is also Kwon s Boss,"Redmond, WA",Washington
Kevin Farris,"Adrian, Michigan",Michigan
T0rch3d37,"Long Island, NY",New York
Noah Johnson,"Memphis, TN",Tennessee
Dan Dudzic,"Buffalo, NY",New York
©…©…LeonDaSmoker©…©… &,"Chicago, IL",Illinois
All Utah Basketball,"Lehi, UT",Utah
Mike Ryan,"Phoenix, AZ",Arizona
ˇ™,"Los Angeles, CA",California
Mario Perry,"Chicago, IL",Illinois
Deluxe,Phoenix,Phoenix
Jimmy,"St. Louis, MO",Missouri
Matthew DiCroce,"Shamong, NJ",New jersey
Scott Pannier,"Sacramento, CA",California
Mark II,"Hunters Point, SF, CA",California
Matthew …,"San Benito, Texas ",Texas
Will Cardona,"San Diego, CA",California
Dave Walker,"New Castle, DE",Delaware
Dwight Boyd,"Memphis, TN",Tennessee
Ricky,"Burbank, CA",California
slanger ©…©…,California,California
Sean.Cantwell,"Burlington, NJ",New jersey
ben-10,"Woodstown, NJ",New jersey
Cody Phillips,"Vincennes, IN",Indiana
Mr.Simmons,"Jacksonville,FL/SanFrancico,CA",California
Greg Parker, PA,Pennsylvania
John U,"Ardmore, PA",Pennsylvania
Keema McCoy,"Kansas City, Missouri ",Missouri
Jonathan McDonald,"West Chester, PA",Pennsylvania
El Diablo,"Des Moines, Iowa",Iowa
Jose,"Wildomar, CA",California
Victoria McMonagle,"Norristown, PA",Pennsylvania
Dallas Hammond,"Mount Vernon, OH",Ohio
Zak Barbezat,"Philadelphia, PA",Pennsylvania
Michael,"Philadelphia, PA",Pennsylvania
Cam,"Lorain, OH",Ohio
Dan Loftus,"Winnetka, IL",Illinois
Eay216,"Cleveland, Ohio",Ohio
Rob,"Indianapolis, IN",Indiana
Zach Hanley,"Hockessin, DE",Delaware
Josh Chisholm,"Payson, UT",Utah
Adam Hopkins,"Cleveland, OH",Ohio
KB©…©…©…©…,"Philadelphia, PA",Pennsylvania
©…©… 8-1 ©…©…,"Daytona Beach, FL",Florida
Ryan Shetler,"Hutchinson, KS",Kansas
Kadin Freauff,"Eugene, OR",Oregon
C-137,"Seattle, WA",Washington
Ryan D Kerr,"Fogelsville, PA",Pennsylvania
Cortez&Alex McCraney,"Fayetteville, Arkansas ",Arkansas
Daniel Lasher,"Manhattan, NY",New York
Leo Meyers,"Alameda, CA",California
Chris Edwards,"Columbia, MO",Missouri
Anthony,"Norristown, PA",Pennsylvania
K_DJ,GA,Georgia
Justin,"Philadelphia, PA",Pennsylvania
Dane Pyne,"Monroe, NJ",New jersey
Nabeel Zewail,"Los Angeles, CA",California
Alfie,"Bakersfield, CA",California
Sam Fisher,"Morrisville, PA",Pennsylvania
Chen Chen,"Atlanta, GA",Georgia
Luke,"Corinth, MS",Mississippi
marcus,"Houston, TX",Texas
Alec Kreger,"Tampa, FL",Florida
moody,"Brookings, SD",South dakota
caveman,"Cave Creek, AZ",Arizona
Brian Kalesse,"Philadelphia, PA",Pennsylvania
B,"West Chester, PA",Pennsylvania
Ja'Michael Howard,"Midlothian, TX",Texas
RC Leonard,Massachusetts,Massachusetts
Michael Seminara,"Jersey City, NJ",New jersey
Patrick,"Tifton, GA",Georgia
cody crowe,"Salem, Oregon",Oregon
Dylan Reiter,"Kansas City, KS",Kansas
Ryan Michael Downey,"Norwich, NY",New York
William Wesley,"Pitman, NJ",New jersey
Neil,"National City, CA",California
Doug Swoboda,"State College, PA",Pennsylvania
Dot Bainga,"Houston, TX",Texas
Brian Krebs,"Philadelphia, PA",Pennsylvania
"Chase DeVine©…©…©…©…
 @&™","Fargo, ND",North Dakota
DJ Johnson,"Kennesaw, GA",Georgia
Blake Van Vooren,"Peshtigo, WI",Wisconsin
Lesly,"Vancouver, WA",Washington
AceUnoNoDrinko,Pennsylvania,Pennsylvania
TheCNYPGAguy,"Syracuse, NY",New York
Hunter Mulligan,"Scranton, PA",Pennsylvania
Mike Santine,"Las Vegas, NV",Nevada
Dilip Saha,"New York City, NY",New York
Darail McCormick,"Bronx, NY",New York
g duff,"Boston, MA",Massachusetts
Karl Schneider,"Newtown, PA",Pennsylvania
Jermane Robinson,California,California
Charles Brownstein,"Philadelphia, PA",Pennsylvania
CJ,"Gig Harbor, WA",Washington
Ant Cruz©…©…©…©…,"Hammonton,NJ",New jersey
Var G$,"Philadelphia, PA",Pennsylvania
©…©…©…©…,"Cambridge, MA",Massachusetts
Brandon Cotten,"Philadelphia, PA",Pennsylvania
kerv's kevry,"Miami, FL",Florida
Conor Hurley,"Los Angeles, CA",California
Harrison Reilly,"Sacramento, CA",California
kb..,"Omaha, NE",Nebraska
Brandon,"Bronx, NY",New York
Billy C,"Chicago, IL",Illinois
Aaron Lewis,"Brooklyn, NY",New York
Taylor Daml,"Scottsdale, AZ",Arizona
Sean Minor,"Kansas City, MO",Missouri
Maz,"Yorktown Heights, NY",New York
James R. Morris,"Trenton, NJ",New jersey
Patrick Gately,Delaware,Delaware
David Garrigan,"Cincinnati, OH",Ohio
Wade Rogers,"Forest Acres, SC",South carolina
Jon Pfeiffer,"Broadalbin, NY",New York
steve yuzva,Ohio,Ohio
Connyr Aungst,Pennsylvania,Pennsylvania
Corey Dea,"Levittown, PA",Pennsylvania
wolf,"Philadelphia, PA",Pennsylvania
Christopher Bachman,"Portland, ME",Maine
©…©…,"South Bend, IN",Indiana
Ty Alston,"Raleigh, NC",North Carolina
412Raised,"Pittsburgh, PA",Pennsylvania
Jerry Trevino,"Tulsa, OK",Oklahoma
Chris,"Maple Shade, NJ",New jersey
Chim Olisemeka,"Philadelphia,PA",Pennsylvania
Tayler Peterson,"Tulsa, Oklahoma",Oklahoma
Ed Martinez,"Redondo Beach, CA",California
Charles Lee,"San Francisco, CA",California
LeeLug,"North Wildwood, NJ",New jersey
Noah,"Hamburg, PA",Pennsylvania
Julia Fab,"Havertown, PA",Pennsylvania
Gabriel Edward,"Maunawili, HI",Hawaii
meLVin,"Allentown, PA",Pennsylvania
Tucker Stock,"Collierville, TN",Tennessee
Scott H,Pennsylvania,Pennsylvania
Curtis Williams,"Columbus, OH",Ohio
Hunter Birnie,"Norman, OK",Oklahoma
Olivia Falicki,"Riverton, NJ",New jersey
Garrett Hanks,"El Dorado, KS",Kansas
Jaden,"Munising, MI",Michigan
VICtorious,"Nanticoke, PA",Pennsylvania
Nolan Allison,"Greensboro, NC",North Carolina
Zelic,"Greenfield, IN",Indiana
Loro,"Portland, ME",Maine
Bread Boyle,"Chester Heights, PA",Pennsylvania
JohnHellyer,"Dallas, TX",Texas
=0™att Brooks,"Sacramento, California",California
Matt Kurz,"Los Angeles, CA",California
FOOK VEGETABLES,"Charlotte, NC",North Carolina
Jeremy Graffree,"Dallas, TX",Texas
Alberto Moyet,"Marcus Hook, PA",Pennsylvania
Bob,"Bad Street, PA",Pennsylvania
Dilly Dilly,"Franklinville, NJ",New jersey
Jack,"Brooklyn, NY",New York
Nick Harmon,"Caledonia, NY",New York
DeLong,"New Castle, DE",Delaware
elisha©…©…,"LV,NV ",Nevada
Azim Ali,"Austin, TX",Texas
Steve Hollingsworth,"Glen Mills, PA",Pennsylvania
Mike Robinson,"Philadelphia, PA",Pennsylvania
"
t b ©…©…","Dallas, TX",Texas
Connor Mahoney,"Linwood, NJ",New jersey
Connor Collins,"Athens, GA",Georgia
Dimitrius,MD,Maryland
James,"Lexington, KY",Kentucky
G/G,"Philadelphia, PA",Pennsylvania
Kris,"Miami, FL",Florida
Mitchell Grotti,"Philadelphia, PA",Pennsylvania
B FlackoZ&,"Kingsburg, CA",California
Angelo Ignacio,"Seattle, WA",Washington
0,"Veto, Ohio",Ohio
Tyler Nielsen,"Sacramento, CA",California
iStunod,"Lumberton, NJ",New jersey
Rave,"Boston, MA",Massachusetts
tyron,"Glassboro, NJ",New jersey
J Rian,"Tucson, Arizona",Arizona
Justin Fritz,"Brooklyn, NY",New York
Neal Capapas,"Chicago, IL",Illinois
Bob Ash IV,"Philadelphia, PA",Pennsylvania
Chris O'Brien,"Philadelphia, PA",Pennsylvania
Jesse Cohen,"Philadelphia, PA",Pennsylvania
Joello Creed,"Philadelphia, PA",Pennsylvania
Matt McParland,"Ambler, Pennsylvania",Pennsylvania
king,"Kansas City, MO",Missouri
idasgla,"Grand Prairie, TX",Texas
Blankman,"Abingdon, MD",Maryland
michaela,"Pine Bush, NY",New York
Kyle Hughes,"New York, NY",New York
Sam Owings,"Kansas City, MO",Missouri
michael klawiter,"Chalfont, PA",Pennsylvania
Jay Patel,"Dallas, TX",Texas
Jonathan Lei,"San Francisco, CA",California
D.j. Anderson,"Austin, TX",Texas
Qj>',"Wildwood, NJ",New jersey
Michael Sullivan,"Trenton, NJ",New jersey
Rich Homie Svi,"Kansas City, MO",Missouri
Adam,"Philadelphia, PA",Pennsylvania
EDub,"Brooklyn, NY",New York
Jones,"San Diego, CA",California
Jared Evans,"Lititz, Pennsylvania",Pennsylvania
Adam Gerber,"Sacramento, CA",California
Hoff,"Chicago, IL",Illinois
Bryce Noe,"Cleveland, OH",Ohio
Garrity,"Lewes and Milton, Delaware",Delaware
Ezell Gordon Jr,Florida,Florida
Tony Fischels,"Denver, CO",Colorado
Sr. Spicer,"Woodridge, IL",Illinois
nick,"Upper Darby, PA",Pennsylvania
Flashwet&™,"Homestead, FL",Florida
Mike Bishop,"Austin, TX/Philadelphia, PA",Pennsylvania
Ian Hogg,"Prairieville, LA",Louisiana
Lil Mayo From 79th,"Philadelphia, PA ",Pennsylvania
DUKE,"Cleveland, OH",Ohio
_BigRed_2k17,"Swansboro, NC",North Carolina
jess,"Louisville, KY",Kentucky
Andrew,"Englewood, NJ",New jersey
Anthony Pina,"San Antonio, TX",Texas
Ashton.Solis,"Spartanburg, SC",South carolina
Schmade,"Seattle, WA",Washington
MAJ,"Detroit, MI",Michigan
Sebastian A. DeJames,"Orchard Park, NY",New York
Brandon Rosenblum,"Manhattan, NY",New York
Max Coyne-Green,"New York, NY",New York
Sam Finkel,"Yardley, PA",Pennsylvania
Efrain Mejia,"Chicago, IL",Illinois
ourknightstour,"Cincinnati, OH",Ohio
Andrew Brown,"Buffalo, NY",New York
Rodolfo Rubio,"Houston, TX",Texas
adam levine,"Columbus, OH",Ohio
DevMoney,"West Side Charlotte, NC",North Carolina
KMAC,"Dallas, TX",Texas
KOKO MABIDE,"Las Vegas, NV",Nevada
Josh cole,"Neptune, NJ",New jersey
Brian Rezac,"Omaha, NE",Nebraska
4eversashaP+P+,"Nashville, TN",Tennessee
Ryan,"Philadelphia, PA",Pennsylvania
Devon Hill,"Bloomington, IL | Dallas, TX",Texas
Brian Rooney,"Shenandoah, PA",Pennsylvania
Bobby Baldwin Jr.,"Philadelphia,PA",Pennsylvania
kacey beatrice,"Philadelphia, PA",Pennsylvania
Maria Damico,"Maple Shade, NJ",New jersey
Jesse TheilL'an,"Centennial, CO",Colorado
Freddie Mickens,"Starkville, MS",Mississippi
3-7 &&©…©…,"Denver, Colorado",Colorado
Josh Ginsberg,"Denver, CO",Colorado
Jeff Bruno,"Philadelphia, PA",Pennsylvania
Samirah Jordan,"Norristown, PA",Pennsylvania
Vision Sports Elite,"Leesburg, VA",Virginia
Toni Lanter-Mason,"Swansea, IL",Illinois
Jordan Sollenberger,"Danville, VA/Cincinnati, OH",Ohio
Jarrod Lien,"Hilton Head Island, SC",South carolina
Josh Keller,"Litchfield, MN",Minnesota
brett baker,NJ,New jersey
Ryan Ramsey,"Houston, TX",Texas
Brooklyn Spy,"Brooklyn, NY",New York
Kevin Hanley,"Katonah, NY",New York
Sharon Cherry,"Outer Banks, NC",North Carolina
Eric P ©…©…,"Grand Rapids, MI",Michigan
NCAA Football Zone,"Baltimore, MD",Maryland
Ryan Glenn,"New Brunswick, NJ",New jersey
Jim Van Pelt,"Orlando, FL",Florida
Josh Beck,"Chicago, IL",Illinois
Justin Fabriziani,"Apex, NC",North Carolina
Kevin Brown,"Dallas, TX",Texas
Joe Tobia,"Palmerton, PA",Pennsylvania
Liam Flite,"Blackwood, NJ",New jersey
POUSSEZPOURCOMMENCER,"Los Angeles, CA",California
OOWxJMG,"Philadelphia, PA",Pennsylvania
Cristina Torres,"Philadelphia, PA",Pennsylvania
Sarah Williams,"Louisville, KY",Kentucky
jv,"Mableton, GA",Georgia
Kevin Choate,"Plano, TX",Texas
Michael Gosselin,Boston,Boston
Kale Rhame,"Chapin, SC ",South carolina
Max Johnson Dugn,"Philadelphia, PA",Pennsylvania
Indio Sim,"Queens, NY",New York
Thomas Olik,"Charlotte, NC",North Carolina
Michele Matthews,"Boston, MA",Massachusetts
Theo Stamps,"Steubenvillle, Ohio",Ohio
Broderick,NC,North Carolina
WENTZYLVANIA,"Neptune, NJ",New jersey
D Clark,"Gallipolis, OH",Ohio
Tyler Wendt,"Cedarburg, WI",Wisconsin
Devlin Murdock,"Chicago, IL",Illinois
Tyler,"Philadelphia, PA",Pennsylvania
Alex,"Philadelphia, PA",Pennsylvania
Otis McElroy,Indianapolis,Indianapolis
Edward McComb,"Riverton, NJ",New jersey
Brian Neary,"Philadelphia, PA",Pennsylvania
Dennis Cohen,"Red Hook, NY",New York
Chadd Braine,"Rockaway, NJ",New jersey
Denny,"Boston, MA",Massachusetts
O'Hara,"Detroit,MI",Michigan
d1123,"Simi Valley, CA",California
Zach Beaver,"Columbus, OH",Ohio
Danilo Garcia,"Philadelphia, PA",Pennsylvania
Fernando I.,"Venice, CA",California
Jerry,NJ,New jersey
kevin,NJ,New jersey
Bret Girton,"Lehigh Valley, PA",Pennsylvania
Mike Mundy,"Pike Creek, DE",Delaware
Bryan S,"Athens, Georgia",Georgia
Ryan Anthony,"West Palm Beach, FL",Florida
Jonathan Schwab,Ohio,Ohio
Eric Lippman,"Swampscott, MA",Massachusetts
DAVE©…©…,"Parkin,Arkansas",Arkansas
Ronnie Mac,"Boynton Beach, FL",Florida
Alex Zavala,"Crystal City, TX",Texas
Craig Freeman,PA,Pennsylvania
Charles,"East Haven, CT",Connecticut
Charles,"Drexel Hill, PA",Pennsylvania
Ian Fitchpatrick,"Davie, FL",Florida
David Lynch,"Louisville, KY",Kentucky
Jared Caplan,"Fulton, MD",Maryland
Dylan Fischer,"Manchester, NH",New hampshire
Steve McElhaney,"Newark, DE",Delaware
Vicente Costa,"Philadelphia, PA",Pennsylvania
Jim Long,"Chicago, IL",Illinois
James Capozzi,Boston,Boston
Master P,"Dallas, TX",Texas
jm,"Houston, TX",Texas
Tevita Uhatafe,"Dallas, TX",Texas
King Edvar,"Brooklyn, NY",New York
Larry C Moore Jr.,Indiana ,Indiana
Paula McCall,"Lumberton, NC",North Carolina
Q&™,"Philadelphia, PA",Pennsylvania
GC - 216,"Cleveland, OH",Ohio
Calvin Kipng'etich Lang'at,"Manhattan, KS",Kansas
Cashius J Kasseckert,"Plattsmouth, NE",Nebraska
Noel Jose Then,"Philadelphia, PA",Pennsylvania
David Cahn,"Philadelphia, PA",Pennsylvania
Alonzo Woods,"Corpus Christi, TX",Texas
Jacob Nichols,"University, FL",Florida
Nick Sage,"West Chester, PA",Pennsylvania
Anthony Jara,"Raleigh, NC",North Carolina
Kevin Lizer,"Window Rock, AZ",Arizona
Alishameet,"Memphis, TN",Tennessee
Mjhl73,"Sacramento, CA",California
Jamaal Siah,"Anchorage, Alaska",Alaska
Diane S Robertson,"Union, NJ",New jersey
Troy,"Chicago, IL",Illinois
Matt Stankowski,NJ ,New jersey
Adrian Lewis jr,"Lynwood, IL ",Illinois
pj,Maine,Maine
T-Bone,"Marlton, NJ",New jersey
Steve Carr,"Indianapolis, IN",Indiana
stephen jones,"Leesburg,VA",Virginia
Ceezy,"Round Lake Beach, IL",Illinois
Ti Nguyen,"Edmond, OK",Oklahoma
brandon phillips,"Fort Payne, Alabama",Alabama
Vasilios_26©…©…©…©…,Pennsylvania ,Pennsylvania
EL JUGO,"Lucama, NC",North Carolina
Josh Tijerina,"San Antonio, TX",Texas
PLSTCPLTS,"Los Angeles, CA",California
Kevv ,"Orlando, FL",Florida
Donovan Worthington,"Winslow,NJ",New jersey
Will Ko,"Ithaca, NY",New York
Marus Beljean,"West Plains,MO",Missouri
