V1,V2,V3
Darnyl Brown,"Salina, KS",Kansas
just jeff,"San Diego, CA",California
Sal Lopez,"Phoenix, AZ",Arizona
Nick Hart,"Gilbert, AZ",Arizona
Dillon Cornett,"Lincoln, NE",Nebraska
Daniel,Phoenix,Phoenix
Adam Rees,"Claremont, CA",California
Ethan Toal,"Buffalo, NY",New York
Towel Boys,"New York, NY",New York
Kyle Frazier,Arizona,Arizona
Jeffrey Davis,"Phoenix, AZ",Arizona
Natedogg,"Avondale, AZ",Arizona
JT Holmes,"Tempe, AZ",Arizona
Justin Macari,"Phoenix,AZ",Arizona
panda,"Laredo, TX",Texas
azorangeandblue,"Phoenix, AZ",Arizona
Shinobi Ninja,"Brooklyn, NY",New York
Feranando Flores,"Phoenix, AZ",Arizona
Ariyah Harris,"Urbana, IL",Illinois
StateFortyEight,Arizona ,Arizona
David Webb,"San Antonio, TX",Texas
Chris Hansen Orf,"Scottsdale, AZ",Arizona
Davor Prpi,"Scottsdale, AZ",Arizona
Tim Myers,"Ann Arbor, Michigan - Phoenix, Arizona",Arizona
Chelsea Montelongo,"Westeros, CA",California
Sonny Figueroa," Tacna, Arizona",Arizona
Mike James,"Phoenix, AZ",Arizona
Alex,Phoenix,Phoenix
Glenn Jacobs,"Los Angeles, CA",California
Ryan Bafaloukos,"Phoenix, AZ",Arizona
Milton Kindt,Arizona,Arizona
luis,"Phoenix, AZ",Arizona
LtodaJ,"Tucson, AZ",Arizona
updogg,"Phoenix, AZ",Arizona
Ronnie,"Phoenix, Arizona",Arizona
Alec,"Brooklyn, NY",New York
dreamy trash,"St. Olaf, California",California
©…©…Basketball ©…©…Dimes ©…©…,"Dallas, TX",Texas
Jerri Arellano,Arizona,Arizona
Sean Terrillion,"Phoenix, AZ",Arizona
Jose©…©…,"Los Angeles, CA",California
Dave Westfall,AZ,Arizona
Nogalitoo ©…©…©…©…©…©…,"Phoenix, AZ",Arizona
The Mavelous,"Phoenix, Arizona",Arizona
RJ,"Atlanta, GA",Georgia
Mark Hitt,Phoenix,Phoenix
Shelby,"Austin, TX",Texas
Bill Arnold,"Scottsdale, AZ",Arizona
HiYella,Phoenix,Phoenix
Phoenix sun fan!!,"Phoenix, AZ",Arizona
joey barabe,"Phoenix, AZ ",Arizona
Sean Newton,"Redwood City,  CA",California
lou benedetto,"PHX, AZ",Arizona
5'15'3,"Flagstaff, AZ",Arizona
Isikeli Fakava,"Phoenix, AZ",Arizona
V,"Flagstaff, AZ",Arizona
bayden,"Los Angeles, CA",California
T3,"Bloomington, IN",Indiana
Iso Joe,Arizona ,Arizona
Michael Kris Stewart,"Chandler, AZ",Arizona
Amando,"Maplewood, MN",Minnesota
Jay Shelley,"Phoenix, AZ",Arizona
andy newton,Montana,Montana
Matt Austin,"Phoenix, AZ",Arizona
today's date,"Lakewood, WA",Washington
David Robert Hanson,Phoenix,Phoenix
RUBEN   Certainly not depressed  RIPALDI,"Phoenix, AZ",Arizona
Alex,"Phoenix, AZ",Arizona
©…©…Chris©…©…,"Phoenix, AZ",Arizona
Cesar (Alex) Vairo,"Glendale, AZ",Arizona
Paul Roehl,"Phoenix, AZ",Arizona
Devin ©…©…,Arizona,Arizona
SunsRants,"PHX, AZ",Arizona
Joshua Witmer,"Phoenix, AZ",Arizona
Michael Twitchell,"Chandler, AZ",Arizona
Brandon cruz,"Phoenix, AZ",Arizona
Kevin Lizer,"Window Rock, AZ",Arizona
Caitlin Bohrer,"Queen Creek, AZ",Arizona
Clinton Wright,"Avondale, AZ",Arizona
ValleyofTheSuns,"Bakersfield, CA",California
Isaiah Hunt,"Phoenix, AZ",Arizona
Connor Gray,"Enid, OK",Oklahoma
Dilan,"Scottsdale, AZ",Arizona
Suns Fan Hub,"Phoenix, AZ",Arizona
S,"San Diego, CA",California
Gemini Feed,"Phoenix, AZ",Arizona
Jared wagner,"Alexandria, MN",Minnesota
Baby Dragan,"Queen Creek, AZ",Arizona
Keepin It Native,"Tempe, AZ",Arizona
Ryan Johnson,"Rohnert Park, CA",California
Vince Evans,"Mesa, Arizona",Arizona
James Kidd,"Los Angeles, CA",California
OAK 4-6,"Phoenix, AZ",Arizona
Jason Heetland,"Scottsdale, AZ",Arizona
Kaspotz,"Phoenix, AZ",Arizona
Dylan Hasse,"Scottsdale, AZ",Arizona
Matt Sweetwood,"New York, NY",New York
@JTWahls,"Chicago, IL",Illinois
Dray,"Phoenix, AZ",Arizona
Dillon Hickman,"Anchorage, AK",Alaska
Khing,"Laveen Village,  AZ",Arizona
Nathan,"Phoenix, AZ",Arizona
Brandon Hageman,"Mesa, AZ",Arizona
Julez,"Holland, MI",Michigan
Smith,"Phoenix, Arizona",Arizona
Leonard,"Phoenix, AZ",Arizona
Jason Brierley,Arizona,Arizona
Z-Money,"Gilbert, AZ",Arizona
Feluiz Navidad ©…©…,"Chicago, IL",Illinois
Riley Welch,"San Jose, CA",California
SS,"Austin, TX",Texas
Chad Miller,"Peoria, AZ",Arizona
Seth Jones,"Phoenix, AZ",Arizona
X,"Phoenix, AZ",Arizona
Brandon,"Norman, OK",Oklahoma
nick,"Lincoln, NE",Nebraska
Abby Clopton,"Plainville, CT",Connecticut
Jared A.,"Newberg, OR",Oregon
Jullien Leleux,Phoenix,Phoenix
Phil Hubbard,"Scottsdale, AZ",Arizona
Raymond Guerrero Jr,"Phoenix, AZ",Arizona
BigDre1,"Sacramento, CA",California
Marianne Ciccaglione,Arizona,Arizona
Hunter Wynn,"Phoenix, AZ",Arizona
iTz-_Random,"McAllen, TX",Texas
Wayne Begun,"Mesa, AZ",Arizona
Matej Damjanovic,"Los Angeles, CA",California
Lawrence McNamara,"Goodyear, AZ",Arizona
Melissa Goldenberg,"Phoenix, AZ",Arizona
Matei,AZ,Arizona
X,Phoenix,Phoenix
Tim Ball,"Phoenix, AZ",Arizona
brian marchand,"Chatham, IL",Illinois
Areef,"Phoenix, AZ",Arizona
T,AZ,Arizona
YUNG STUNNA,"Tempe, AZ",Arizona
Aristo-cat,"Phoenix, AZ",Arizona
Abdalla Ali,"Phoenix, AZ",Arizona
Javi Anaya,"Tucson, AZ",Arizona
Anthony,"Denver, CO",Colorado
Aaron Selbig,"Interlochen, MI",Michigan
Juan Camacho,"Phoenix, AZ ",Arizona
Ryan Olsen,Arizona,Arizona
Chelss,"Phoenix, AZ",Arizona
Zachary Owen,"Halifax, VA ",Virginia
Kyle Rassel,Phoenix,Phoenix
Peter Smith,"Mesa, AZ",Arizona
©…©…™ince,"Flagstaff, AZ",Arizona
Filambreezy,"Phoenix, AZ",Arizona
Steve A,"Phoenix, AZ",Arizona
Brian Hill,"Dallas, TX",Texas
Harris,"SLC, UT",Utah
Erik Stalsberg,"Scottsdale, AZ",Arizona
Derrick Holt,"Raleigh, NC",North Carolina
Julian Olivas,"Sacramento, CA",California
Adam Eaton's Stache,"Eugene, OR",Oregon
BOOKER & WARREN & ULIS &CHRISS & BENDER & JAMES,"Charlotte, NC",North Carolina
Tim esquer,Arizona,Arizona
Felly,"Phoenix, AZ",Arizona
Paul Koczwara,"Mesa, AZ",Arizona
bryan m,Arizona,Arizona
Suns (7-75) &™,"Wickliffe, Ohio",Ohio
damn.,"Fort Wayne, IN",Indiana
Chase Anderson,"Mesa, AZ",Arizona
Michael Kelminson,"Dallas, TX",Texas
Jay Wesch,"Phoenix, AZ",Arizona
Trey Peterson,"Asheville, NC",North Carolina
Austin Hudson,"Mayer, AZ",Arizona
Jeremy,"Phoenix, AZ",Arizona
nikj,"Las Vegas, NV ",Nevada
Miles Jamieson,"Seattle, WA",Washington
DFSAmatuer,"Denver, CO",Colorado
Israel Rivas,"Phoenix, AZ",Arizona
Clint Johnson,"Corvallis, OR",Oregon
Jason Pelton,"Las Vegas, NV",Nevada
Phx Suns Thangs,"Phoenix, AZ",Arizona
Hintze Media,"Tampa, FL",Florida
Shane Melde,Colorado,Colorado
Matthew Larkin,"Phoenix, AZ",Arizona
Viscous Cree,"Scottsdale, AZ",Arizona
Erica H,"Cave Creek, AZ",Arizona
Ziad Ghareeb,"Cross Lanes, WV",West Virginia
Dry Heat Hoops,"Seattle, WA",Washington
Tydin Jarman,"Queen Creek, AZ",Arizona
Randy Eberhardt,"Gilbert, Arizona",Arizona
Fabian,"Phoenix, AZ",Arizona
Wadeh Maroun,"Phoenix, AZ",Arizona
Shawna Hudson,"Phoenix, AZ",Arizona
Derek Montilla,"Phoenix, AZ",Arizona
Cody James Hunt,"Mesa, AZ",Arizona
MFN SANTACRUZ,"Phoenix, AZ",Arizona
VH,"Gilbert, AZ",Arizona
Tristan,Arizona,Arizona
Ken Riffy Jr.,"Phoenix, Arizona",Arizona
Jeremy Miller,"Yuma, AZ",Arizona
Jeremy Gunderson,AZ,Arizona
Benjamin Jones,"Apache Junction, AZ",Arizona
Dave Vescio,"Hollywood, CA",California
TheKingNekro,"Phoenix, Arizona",Arizona
ARIZona,"Glendale, Arizona",Arizona
Ryan Resch,"Phoenix, AZ",Arizona
Griff,"Phoenix, AZ",Arizona
Brendon Kleen,"Tempe, AZ",Arizona
Heather Fedde,"Glendale, AZ",Arizona
Dylan Horgan,"New York, NY",New York
JJ Hensley,Phoenix,Phoenix
Yair .G,"Phoenix, AZ",Arizona
Jeremy Garcia,"Maricopa, AZ",Arizona
Beat ASU!  Beat ASU!  Beat ASU!  Beat ASU!,Arizona,Arizona
CK,"Phoenix, Arizona",Arizona
ThatCertainKid,"Cottonwood, AZ",Arizona
Shawn Partridge,"Scottsdale, Arizona",Arizona
Erich Reich,"Scottsdale, AZ",Arizona
The Bright Side,"Phoenix, AZ",Arizona
Matthew Van Hoose,"Mesa, Arizona",Arizona
VIC,"Phoenix, AZ",Arizona
Jeremiah Montez,"Robinson, IL",Illinois
Michael Schwartz,"Los Angeles, CA",California
Eric Newman,"Phoenix, AZ",Arizona
Brian Adams,"Phoenix, AZ",Arizona
King LeZeus,"Los Angeles, CA",California
Chilly Abel,"Phoenix, AZ",Arizona
Scott Chasen,"Lawrence, KS",Kansas
Dwayne,"Phoenix, Arizona",Arizona
Lucas Tibbetts,"Chandler, AZ",Arizona
E Talgo,Arizona ,Arizona
Angel,Phoenix,Phoenix
Matt Mitchell,"Freeport, PA",Pennsylvania
omar reyes,"Phoenix, AZ",Arizona
Jason Elrod,"Scottsdale, Arizona",Arizona
Yair,"Clark, NJ",New jersey
@AV/AG,"Riverside, CA",California
benson garcia,"San Diego, CA",California
Suns Daily,"Phoenix, AZ",Arizona
Hoophall Classic,"Springfield, MA",Massachusetts
Adam Noel,"Phoenix, AZ",Arizona
Felix,"Los Angeles, CA",California
Zak,"San Jose, CA",California
Angel Rodriguez,Phoenix,Phoenix
Dustin,"Mesa,Arizona",Arizona
jake,"Tempe, Arizona",Arizona
Sal Terranova,"Chandler, AZ",Arizona
Shelton Solum,"Scottsdale, AZ",Arizona
rebecca smith,"Phoenix, AZ",Arizona
Friedrich V.,"Phoenix, AZ",Arizona
taylor coleman,"Scottsdale, AZ",Arizona
Alexis Ruiz,"Phoenix, AZ",Arizona
Robert Deffner [6-5][4-0],"Prescott, AZ",Arizona
DrewRussellHill,"Manhattan, KS",Kansas
Groovyboy,"Bay Area, California",California
David McGraw,AZ,Arizona
Tyler Goble,"Mansfield, TX",Texas
kcchiefsjunky,"Scottsdale, Arizona",Arizona
Albert Blatecky III,"Phoenix, AZ",Arizona
Rico S. LaMota,"S.E. Fresno, CA",California
JC,"Athens, OH",Ohio
WE ARE PHX,"Phoenix, AZ",Arizona
Corey LaMay,"Phoenix, AZ",Arizona
Charlie,"San Antonio, TX",Texas
Sean Smith,"Fayetteville, AR",Arkansas
Michael griffin,"Indianapolis, IN",Indiana
Rajan Patel,"Philadelphia, PA",Pennsylvania
JTP,"Phoenix, AZ",Arizona
Nolan Roberts,"Chandler, AZ",Arizona
Brenna ©…©…,"NM¨™Phoenix, AZ",Arizona
acosta,"Phoenix, AZ",Arizona
Timothy Abeyta,"Albuquerque, NM",New mexico
Dylan Pedersen,"Gilbert, AZ",Arizona
Mike Hilton,"Phoenix, AZ",Arizona
Jeremiah,"Gilbert, AZ",Arizona
Mike Abbott,"Phoenix, AZ",Arizona
Cody Thomas LeCates,Phoenix,Phoenix
Michael Kelley,"St Louis, MO",Missouri
daniel,"Phoenix, AZ",Arizona
Abel Montoya,"Phoenix, AZ",Arizona
Duraye Wallace,"Chandler, AZ",Arizona
Sauce on side,"Phoenix, AZ",Arizona
Dr. Foster,Arizona ,Arizona
D L Gearhart,"Glenwood Springs, CO",Colorado
Tak-PHX,"Phoenix, AZ",Arizona
Aaron,"San Diego, CA",California
Ryan,"Bowling Green, KY",Kentucky
Matt,"Escondido, CA",California
Jacob,Wisconsin ,Wisconsin
Johnathan Flores,"Mesa, AZ",Arizona
Derrick Jones Jr.,"Chester, PA",Pennsylvania
Saul Ramirez,"Phoenix , AZ",Arizona
Rob S. Porter,"Houston, TX",Texas
SellTheSuns,"Phoenix, AZ",Arizona
gflo,"Chicago, IL",Illinois
Phoenix Suns &™,"Phoenix, AZ",Arizona
David Montry,Phoenix,Phoenix
Ozzy Sanchez,"Brownsville, TX",Texas
gabriela perez,"Phx, AZ",Arizona
Justin Kimbrell,"Atlanta, GA ",Georgia
.,"Phoenix, AZ",Arizona
Grant Batzli,"Prescott, AZ",Arizona
TabHunchoSuns,"Centreville, VA",Virginia
JuanPblo©…©…,"Phoenix, AZ",Arizona
Elias,"Phoenix, AZ",Arizona
Kevin Dodson,"Boise, ID",Idaho
Jackson Carroll,"Flagstaff, AZ",Arizona
Evert Lodge,"Phoenix, AZ",Arizona
Josh,"Rexburg, ID",Idaho
Bret Rogers,"Scottsdale, AZ",Arizona
DB70,"Manhattan, NY",New York
NATE,"Tempe, AZ",Arizona
Austin chase,"Desert Hills, AZ",Arizona
d1d1d1+,AZ,Arizona
Jesse Jameson,"Phoenix,AZ",Arizona
Dre,"Glendale, AZ",Arizona
Chris Moore,"Ankeny, IA / Chandler, AZ",Arizona
nessa ©…©…,"Gilbert, AZ",Arizona
WTF AZ Cardinals (Mr.Splasheen),AZ,Arizona
Vice,"Tempe, Arizona",Arizona
Zachary Cecil,"Phoenix, AZ",Arizona
d e z,"Chandler, AZ",Arizona
Nathan Stanz,"San Francisco, CA",California
Svg Szn©…©…,"Phoenix, AZ",Arizona
Mara,Arizona,Arizona
Michael Gahan,"Peoria, AZ",Arizona
Shay,"Phoenix, AZ",Arizona
Ulemj Enkhbold,"Centreville, VA",Virginia
Luis Ivan Saucedo,"Phoenix, AZ",Arizona
Bryce Wampler,"Phoenix, AZ",Arizona
Noel Guevara,"Phoenix, AZ",Arizona
Ed Cleary,"Pittsburgh, Pennsylvania",Pennsylvania
Kristopher,Arizona,Arizona
Mark ©…©…©…©…,"San Antonio, TX",Texas
TwiterFingers,"Pittsburgh, PA",Pennsylvania
Logan Bartholomew,"Thermopolis, WY",Wyoming
ChristopherHernandez,"Tucson, AZ",Arizona
britnybby ©…©…,"Phoenix, AZ",Arizona
David Westfall,"Phoenix, AZ",Arizona
C-Dub,"Clarksdale, MS",Mississippi
Sean Troy Stone,Arizona,Arizona
Shayan Mostaghim,Arizona,Arizona
Kiko,"Tempe, AZ",Arizona
43147,"Los Angeles, CA",California
D©…©…陇™,"Phoenix, AZ",Arizona
Kelerys Olgaryen,AZ,Arizona
Ben Golan,"McKinney, TX",Texas
Shawn Dallmeyer,"Mesa, AZ",Arizona
JC,"Eldridge, IA",Iowa
Kist,Texas,Texas
Manuel Olivas,"Phoenix, AZ",Arizona
Andrew Southwick,"Chandler, Arizona",Arizona
Ryan Nia,"Tempe, AZ",Arizona
Joshua Mitchell,"Flagstaff, AZ",Arizona
Nick Walters,"Gilbert, AZ",Arizona
Devon Haripal,"San Francisco, CA",California
Leo Soto,"Phoenix, AZ",Arizona
The Solar Panel &™,"Phoenix, AZ",Arizona
Alec Peters,"Washington, IL ",Illinois
©…©… NBA,"Springfield, MA",Massachusetts
Dallas Altmire,"Carthage, NY",New York
602SportsNews,"Phoenix, AZ",Arizona
Position Sports,"Phoenix, Arizona",Arizona
GCU Sports Business,"Phoenix, Arizona",Arizona
Aaron,"Cleveland, OH",Ohio
Layne Aaron Gross,"San Diego, CA",California
©…©…SOE Glizzy©…©…,"Harrisburg, PA",Pennsylvania
Jacob Hall,"Flagstaff, AZ",Arizona
Brooklyn Botts,"Grand Junction, Colorado",Colorado
TChalla,"Baltimore, MD",Maryland
Nathan Chio,"Lynn, MA",Massachusetts
Majerles Sports Bar,Arizona,Arizona
The CPearson,"Tempe, AZ",Arizona
joeywaddy,"New Orleans, LA",Louisiana
Eli Hart,"Fishers, IN",Indiana
Arthur Contreras,Phoenix,Phoenix
Luis Britto &™16-2&™,"Boston, MA",Massachusetts
Ryan Ghantous,Illinois,Illinois
Tom Weber,"Gilbert, AZ",Arizona
Gabe Ochoa,"PHOENIX, AZ",Arizona
Jennifer Clark©…©…©…©…,"Mesa, AZ",Arizona
Ryan Gutierrez,"Phoenix, AZ",Arizona
MarQuis Trill,"Atlanta, GA",Georgia
Rodney Scearce,"Phoenix, AZ",Arizona
Steven,"Syracuse, UT",Utah
Tim Montemayor,"Scottsdale, AZ",Arizona
Bravo Golf Lima,"The Surface of the Sun, AZ",Arizona
Scotty Andrews,"Tempe, AZ",Arizona
Moreno,"Los Angeles, CA",California
K,"Lincoln, NE",Nebraska
Brad Williams,Arizona,Arizona
Danny_vp,"Phoenix, AZ",Arizona
Josiah Shirley,"Chinle, AZ",Arizona
Jeftemerlin,"Pasco, WA",Washington
Unified Clothing,"Salt Lake City, UT",Utah
Ian,"Phoenix, AZ",Arizona
AJ,"Phoenix, AZ",Arizona
Erik Matancillas,"Phoenix, AZ",Arizona
Jay Connor,"Goodyear, AZ",Arizona
Kesodamus,"Downtown, Phoenix",Phoenix
What Did KD Say?,"San Francisco, CA",California
I DON'T USE THIS,"Chandler, AZ",Arizona
Hunter,"Virginia Beach, VA",Virginia
Nick Millspaugh,"Baltimore, MD",Maryland
Anthony Bender,"Cypress, TX",Texas
U,"Gilbert, AZ",Arizona
Suns Community,"Phoenix, AZ",Arizona
Greg Varypatakis,Massachusetts,Massachusetts
Ronaldo©…©…,"Surprise, AZ",Arizona
Karen Wegryn,"Phoenix, AZ",Arizona
Haley Lents,"Huntingburg, IN",Indiana
Richarddd ©…©…,"Phoenix, AZ",Arizona
NBATheShow,"Boynton Beach, FL",Florida
Vismund Cygnus,Arizona,Arizona
Erik,"Gig Harbor, WA",Washington
Cranden Hemann,"Phoenix, AZ",Arizona
BriT&,"Scottsdale, AZ",Arizona
ShelbyV,"Mesa, AZ",Arizona
Hibana,"Roseburg, OR",Oregon
Karsten Kem,"Phoenix, AZ",Arizona
Gabriel Gardner,"Phoenix, AZ",Arizona
Brian Stanley,"Phoenix, AZ",Arizona
Maurice,"Jesup, GA",Georgia
jehad abbed,"BETHANY, IL",Illinois
Alfredo Herrera,"Goodyear, AZ",Arizona
Brad Blais,"Bristol, CT",Connecticut
Ed Hendel,"Tucson, AZ",Arizona
Paul Scott,"Tempe, AZ",Arizona
El Cojo,"Napganistan, IN ",Indiana
chas&™,AZ,Arizona
kaitlyn,"Paducah, KY",Kentucky
Brandon,"Tempe, AZ",Arizona
Kyle Harris,"Phoenix, AZ",Arizona
DawnPenichThacker,"Tempe, AZ",Arizona
Jake Ransier,"Meridian, MS",Mississippi
Abraham Martinez ©…©…,"Phoenix, AZ",Arizona
Diana  :),"San Antonio, TX",Texas
Steven Malakas,"Louisville, KY",Kentucky
Andrew Valencia,"New Brunswick, NJ",New jersey
The Sports Surge,"Phoenix, AZ",Arizona
diego,"El Paso, TX",Texas
Austin Jamalll Roberts ©…©…©…©…,"Williamsburg, IA",Iowa
David Endsley,"Phoenix, AZ",Arizona
David Hussey,"Tempe, AZ",Arizona
Michael Montao,"Tucson,AZ",Arizona
Jeanna Cooper,Michigan,Michigan
Adrain Liles,"Wadesboro, NC",North Carolina
CoalHouse_OBM,"New York, NY",New York
©…©…™©…©…™©…©…™roke,"Dallas, TX",Texas
matt,"Cinco Ranch, TX",Texas
SS Kelvo ©…©…,"Beaumont, TX",Texas
jmschneider53,"Phoenix,Arizona",Arizona
johnny,California,California
wes,"Houston, TX",Texas
Jane Joyce,"Phoenix, AZ",Arizona
lil harley,"Greenville, SC",South carolina
Breyli Bullock,"Edmond, OK",Oklahoma
Jordan Leatherman,"Daytona Beach, FL",Florida
©…©…顶™©…©…©…©…,"Rancho Cucamonga, CA",California
thejadehart,"Cincinnati, OH",Ohio
Joshua Bolen,"Gilbert, AZ",Arizona
Stephn Baldetti,"Phoenix, Arizona",Arizona
Alyssa,Arizona,Arizona
Anthony Olea,"Escondido, CA",California
Chris R Smith,"Chandler, AZ",Arizona
Lindsey Smith,"Phoenix, AZ",Arizona
Crayton Harrison,"Los Angeles, CA",California
Candi,"Phoenix, AZ",Arizona
Dave Severns,"Manhattan Beach, CA",California
Nick Torneanu©…©…©…©…,"Phoenix, AZ",Arizona
itsanjelica,"Bakersfield, CA",California
King6NJames,"Cleveland, OH",Ohio
Tresa Tudrick,"Phoenix, AZ",Arizona
AldoBegonja ©…©…©…©…©…©…©…©…,"Long Island, NY",New York
Angel,"Avondale, AZ",Arizona
Celtics Stan,"Boston, MA",Massachusetts
Alex Carlson,"Phoenix, Arizona",Arizona
TucsonWinter,"Tucson, AZ",Arizona
Dajuan Horace,"Houston, TX",Texas
Mike Lis©…©…a,"Burlington, VT",Vermont
Mike.,"Phoenix, AZ",Arizona
Reese Iron Clock,"Bellingham, WA",Washington
Isaac Iacovetto,"Oak Creek, CO",Colorado
CAMPLIFE,"Indianapolis, IN",Indiana
Angel Medina,"Phoenix, AZ",Arizona
Jake,"Chardon, OH",Ohio
Timmy Turner,"Mesa, AZ",Arizona
Ivica Zubac,"Los Angeles, CA",California
alexvuckovic30,"San Francisco, CA",California
Chris Martinovic,"East Hanover, NJ",New jersey
Pacific Lacrosse,"San Diego, CA / Phoenix, AZ",Arizona
Lyndon Baty,"Knox City, TX",Texas
ShadowPhoenix4567,"Atlanta, GA",Georgia
mike,"Phoenix, AZ",Arizona
Chad Kramer,"San Tan Valley, AZ",Arizona
Darleen Santore,"Scottsdale, AZ",Arizona
Tommy Moore Jr.,"Michigan City, IN",Indiana
Hpld©…©…,"South Miami, FL",Florida
Jake Oberhand,"San Diego, CA",California
"lil pb&j!""",AZ,Arizona
earl sweatpant,California,California
DinoSpumoni,"Phoenix, AZ",Arizona
Toki,"Poughkeepsie, NY",New York
Cory Hollingsworth,"Dallas, TX",Texas
J. Bradshaw,Arizona,Arizona
Reggie Shaw,"St George, UT",Utah
Hudson Taylor,"Hoboken, NJ",New jersey
Noah Vahlsing,"Waseca, MN",Minnesota
Jeff Barchi,"Scottsdale, AZ",Arizona
Jake Gordon,"Oak Park, IL",Illinois
Vincent Fioretti,"Chicago, IL",Illinois
Amanda Keeling,"Elko, NV",Nevada
Jonah Schmitt,"Homer, NE",Nebraska
Benny Anders,"Santa Barbara, CA",California
Beeks,"Pearland, TX",Texas
Sofia Moraga,"Tucson, AZ",Arizona
Stuart,"Unalakleet, Alaska",Alaska
cam,AZ,Arizona
Christopher A Murry,"El Paso, TX",Texas
David Caltabiano,"Eugene, OR",Oregon
TrillDaBeast,"Atlanta, GA",Georgia
Missy Cervantez,"Phoenix, AZ",Arizona
Bryce Johnson,"Moline, IL",Illinois
Brantley Gallimore,"Glendale, AZ",Arizona
Blake Lawrence,"Lincoln, Nebraska",Nebraska
Michael Garland,"Sedona, AZ",Arizona
Kaylee Lewis,"Sweet Home, OR",Oregon
Max,"Phoenix, AZ",Arizona
James D,"Anaheim, CA",California
Matt Tonner,"SF, CA",California
Jose Alvarado,"Springfield, MA",Massachusetts
Brian,"Phoenix, AZ",Arizona
Griffin,"Manchester, NH,  Rochester, NY",New York
jared wright,"Mesa, AZ",Arizona
Derrick Talton Sr,"Fort Worth, TX",Texas
Jacob Van Cleve,"Orange County, CA",California
Reeves Eddins,"Memphis, TN",Tennessee
Dylan Hughes,"Somerset, KY",Kentucky
Omar Hearst,"Philadelphia, PA",Pennsylvania
The Armory Incubator,"Phoenix, AZ",Arizona
Mike B,"Upland, CA",California
Eliott,"Ann Arbor, MI",Michigan
L,"Mesa,Arizona",Arizona
Spencer Brand,"White Hall, WV",West Virginia
Vic,"Phoenix, AZ",Arizona
Ryan Loebe,"Phoenix, Arizona",Arizona
Travyn,"Chandler, AZ",Arizona
Bryce Wheeler,"Wasilla, AK",Alaska
Drop the Mic Hoops,"Brooklyn, NY",New York
Arriel Munoz,"Tacoma, WA",Washington
Elektra,"Cali, Vegas, Phoenix",Phoenix
Geoff Allen,"Goleta, CA",California
joey,Arizona,Arizona
BRYANjordan,"Rancho Cucamonga, CA",California
Benjamin Murphy,"Tempe, AZ",Arizona
Dane Schmid,"San Francisco, CA",California
Max,"Minneapolis, MN",Minnesota
Monte Hessler,"Phoenix, AZ",Arizona
Keenen L. Mayfield,"Memphis, TN",Tennessee
Omar Ortiz,Arizona,Arizona
Jack Freifelder,"Atlanta, GA",Georgia
drip drip on a hip©…©…,"Winterville, GA",Georgia
Al,"Plainfield, IL",Illinois
Eddie Ramirez,"In the clouds , AZ ",Arizona
Lane the Catch Kirk,"Monroe, MI",Michigan
Cliff Bordewisch IV,"Salem, VA",Virginia
Johnathan Isbell,"Scottsdale, AZ",Arizona
HTOWN/LONZO,"Houston, TX",Texas
Austin,AZ,Arizona
Corey Harnist,"Bridgetown North, OH",Ohio
Keller Williams PHX,"Phoenix, AZ",Arizona
&™Cristabel Nicoled'™,"Alice,Texas ",Texas
Matej,"Los Angeles, CA",California
Q Sawyer,"Phoenix, AZ",Arizona
Scott,Arizona,Arizona
Evolve_pT,"Oakland, CA",California
Kay Aloha Isaac,"Honolulu, HI",Hawaii
Guy DeMarco,"Las Vegas, NV",Nevada
THE FREAK,"Cleveland, OH",Ohio
Justin thomasvasseur,"Broussard, LA",Louisiana
Aaron Schmid,"Central Point, OR",Oregon
Zack aka Sarge,"Chandler, AZ",Arizona
Bennett,"Dallas, TX",Texas
Bradley Harden,"Lynnwood, WA",Washington
Nick=0™,"Sewell, NJ",New jersey
Johnny Sanchez,"San Antonio, TX",Texas
Leah Kymberly,"Scottsdale, AZ",Arizona
Jacob Long,"Mount Pleasant, SC",South carolina
J/I! 摔,"Lubbock, TX",Texas
PHX Suns Tix,"Phoenix, AZ",Arizona
Chris Sietsema,Arizona,Arizona
Jason Roundtree,"Surpirse, AZ",Arizona
irv,"Farmington, NM",New mexico
Dalton Kimbro,"Los Angeles, CA",California
Princenate99,"Laveen, AZ",Arizona
ForeverSmilesDental,"Tempe, AZ",Arizona
Irene,Arizona,Arizona
Martin ©…©…™lack,"Shreveport, LA",Louisiana
Jatori Cooper,"Los Angeles, CA",California
Patrick  Your Boy  Carnhan,"Pittsburgh, PA",Pennsylvania
Greg C,"Phoenix, AZ",Arizona
JT,AZ,Arizona
Bradley Deanda,Tallahassee,Tallahassee
Daniel Kingery,"Elkhorn, NE",Nebraska
Suns Prophet,"Phoenix, AZ",Arizona
Ricky Lance,"Phoenix, AZ",Arizona
Darrell Bragdon,AZ,Arizona
Krissy Dunkle,"Gilbert, Arizona",Arizona
John Lopez Jr.,Phoenix,Phoenix
carter bell,"Appleton, WI",Wisconsin
Thomas Downing,"Clinton, IN",Indiana
Adrian Carrera,"Casa Grande, AZ",Arizona
Clarissa©…©…,"Chicago, IL",Illinois
Im So AZ,"PHX, AZ",Arizona
Chandler Thornton,"Louisville, KY",Kentucky
Sub,"Pawnee, Indiana ",Indiana
TAG Young Pros,"Atlanta, GA",Georgia
Mr.Fito_5,"El Cenizo, TX",Texas
Vape Lard Nard,"Schaumburg, IL",Illinois
oscar,"Hialeah, FL",Florida
ZYKIEYA.,"Davenport, IA",Iowa
Adrion Edwards,"Columbus, Ohio",Ohio
©…©…睛DodgersBro睛©…©…,"Phoenix, AZ",Arizona
Adrian,"Avondale, AZ",Arizona
G,AZ,Arizona
Mason Good,"Scottsdale, AZ",Arizona
Max Weidenborner,"Columbus, OH",Ohio
Logan Newsome,"Louisville, KY",Kentucky
Ray Hrovat,"Boise, ID",Idaho
Steve Krueskamp,AZ,Arizona
Yihyun Jeong,Phoenix,Phoenix
BigSauce,"Phoenix, AZ",Arizona
Steve Blackwell,"Phoenix, AZ",Arizona
Felisa Crdenas,"Phoenix, AZ",Arizona
Aaron Boseman,"Winston-Salem, NC",North Carolina
Robbin Sunflower,"Las Vegas, NV",Nevada
Big Chrizzle,"Yuma, AZ",Arizona
Devin Armani Booker,"Grand Rapids, MI",Michigan
Joseph Martinez,Arizona,Arizona
jake,"Phoenix, AZ",Arizona
Marques McKinney,"Old Westbury, NY",New York
Tim Holstad,"Flagstaff, AZ",Arizona
Ramon Cisneros,"Fort Collins, CO",Colorado
Abby Grace Henning,"Jupiter, FL",Florida
Daniel T. Martinez,"Phoenix, AZ",Arizona
Harv,Arizona,Arizona
Adam B. Scott,"Miami, FL",Florida
spank,"Tacoma, WA",Washington
Ben Olney,"Columbus, OH",Ohio
Ed_2016,"St Louis, MO",Missouri
Zaid,"Boca Raton, FL",Florida
Fernando Loza,"Phoenix, AZ",Arizona
ReBorn HD Highlights,"Phoenix, AZ",Arizona
Kayla Scott,"Nacogdoches/Azle, TX",Texas
Abby Kranz,"Monett, MO",Missouri
Keaton Davis,"San Antonio, TX",Texas
©…©…™aully T.,"Las Vegas, NV",Nevada
",(J1","blythewood, SC",South carolina
Megamind08,"Scranton, PA",Pennsylvania
Kekoa M.,"Honolulu, Hawaii",Hawaii
Jovian,"Phoenix, AZ",Arizona
Jena B,"Minneapolis, MN",Minnesota
LCG Archy ©…©…,"Coral Springs, FL",Florida
Becca Scott,"Denton,TX",Texas
Sean Cookson,"Tahlequah, OK",Oklahoma
Sean Crowley,"Boston, MA",Massachusetts
…Nick Armstrong…,"Stella,NC/Morristown,NJ",New jersey
Isaiah Parsons,"Tulsa, OK",Oklahoma
Kristen Layton,Mississippi,Mississippi
Grant Appelgren,"Los Altos, CA",California
Joan Klein,"Phoenix, AZ",Arizona
Chris Lyle,"Chicago, IL",Illinois
Nick Matt,"Phoenix, AZ",Arizona
©…©…©…©…T.J.©…©…©…©…,"Kewanee, IL",Illinois
Kale Hilligas,AZ,Arizona
Untucked Kyrie,Arizona,Arizona
Zach Carlson,Wisconsin,Wisconsin
Dane Ross,"Dimmitt, TX",Texas
Derek Achterfeldt,"Scottsdale, AZ",Arizona
@tlc61685,"Lexington, KY",Kentucky
Shaquesha,"Commerce, MI",Michigan
connor,AZ,Arizona
Joe Tattoo,"East Valley, AZ",Arizona
Max Julien,"Houston, Texas",Texas
Mr. Bulldogs,"Columbus, OH",Ohio
sumirsbiggestfan,"Nashville, TN",Tennessee
Chris Hutzel,"Scottsdale, AZ",Arizona
Jacob Lindgren,"Jacksonville, IL",Illinois
Devin Booker,"Phoenix, AZ",Arizona
Robert Weinerth,"Phoenix, AZ",Arizona
AlfaSamec228,"Miami, FL",Florida
phillip le,"Houston, TX",Texas
Zae G.,"Covington, KY",Kentucky
Golden St. John,"Scottsdale, AZ",Arizona
Shane MDonaBd,"Buena Vista, CA",California
Aileen Garcia,"Los Angeles, California",California
Joseph,AZ,Arizona
Korporate Ken,"Cleveland, OH",Ohio
ayiegee,"Avondale,AZ",Arizona
Atmic_blaze,"Ephrata, PA",Pennsylvania
©…©…,"Mecca, CA",California
fucktyler©…©…,"Lakeland, FL",Florida
Kamrin ©…©…©…©…,"Long Island, NY",New York
Adam P. Boyd,"Scottsdale, AZ",Arizona
Jeffrey Singer,"Gilbert, AZ",Arizona
Curtis Wetzel,"Louisville, KY",Kentucky
Joshua Idachaba,Missouri,Missouri
Cody Pimentel,"Weed, CA",California
Master alaRoshi,"Deltona, FL",Florida
Jason Harrison,"Phoenix, AZ",Arizona
Jalil Whitaker,"Brooklyn, NY",New York
MIRYAM,"Oakland, CA",California
Kieran Kohorst,"Mount Pleasant, IA",Iowa
Elijah,"Long Beach, CA",California
Chris Attardo,"Boston, MA",Massachusetts
Scott Everett,"Richardson, TX",Texas
TheBeerMan©…©…©…©…©…©…©…©…©…©…,"Queen Creek, AZ",Arizona
Hank,"Phoenix, AZ",Arizona
A_Boogie20,"Chattanooga, TN",Tennessee
Scoot McGoot,"Phoenix, AZ",Arizona
I Feel like Fabrah,"Phoenix, Arizona",Arizona
Michael Berumen,"San Tan Valley, AZ",Arizona
SportsBusinessRadio,"Portland, OR",Oregon
St. Nick,"Mesa, AZ",Arizona
Ashley Eidbo,"Coralville, IA",Iowa
Kyle J. Ramsey,"Boston, MA",Massachusetts
The Welsh,"Phoenix, Arizona",Arizona
E1CD,"Kansas City, KS",Kansas
giantrobot07,"Phoenix, AZ",Arizona
Andres Herrera,"Chandler, AZ",Arizona
JBPI&™,"Fayetteville, NC",North Carolina
Noah Tovar,"Las Vegas, NV",Nevada
a&,CA,California
Chuck Constantino,"Paterson, NJ 顶™ Tucson, AZ",Arizona
Kyle Espinas©…©…,"Salinas, CA",California
Ryan,"Philadelphia, PA",Pennsylvania
Shawn Curtis,"Fayetteville, AR",Arkansas
Mason Majerle,"Scottsdale, AZ",Arizona
Chris Garcia,"Wild West/Los Angeles, CA",California
Chase,"Chandler, AZ",Arizona
Travis A. David,"Phoenix, AZ",Arizona
josh jabbour,"Phoenix,AZ",Arizona
Steve Pollock,"Bonsall, California",California
Eli_Boyer,"Festus, MO",Missouri
Bill Shores,"Eugene, OR",Oregon
Thomas,Arizona,Arizona
#WeArePHX,"Phoenix, AZ",Arizona
Ja=0™ie Petrie,"Chandler, AZ",Arizona
Taylor Brooks,"Huntington Beach, CA",California
™,"Phoenix, AZ",Arizona
Jason Holmes,"Mesa, AZ",Arizona
kevin mcquade,"Surprise, AZ",Arizona
E.J. McKinney,"Phoenix, Arizona",Arizona
Kellye,"Oxford, Mississippi",Mississippi
Steve Anderson,"San Diego, CA",California
©…©…©…©…©…©…©…©…©…©…,"West Bend, WI",Wisconsin
Kiki Sandoval,"El Paso, TX",Texas
KRG©…©…©…©…,"Charleston, SC",South carolina
Fools Au,Phoenix,Phoenix
la najoh ball,"Peoria, Arizona",Arizona
FERRIS,"Tempe, AZ",Arizona
Valley of the Suns,"Phoenix, AZ",Arizona
Stephn Philyaw,"Las Vegas, NV",Nevada
jordanross,Maryland ,Maryland
Roboon,"Northern, AZ",Arizona
Stevon Watson,"Tempe, AZ",Arizona
|KQ|,"Phoenix, AZ",Arizona
Will Markkian,"Chicago, IL",Illinois
LVerdugo,"Phoenix, AZ",Arizona
Alex Guerzon,"East Greenwich, RI",Rhode island
cry baby,"Dallas, TX",Texas
Panagiotis Mpakos,"Los Angeles, CA",California
Luke Jaicks,"Brevard, NC",North Carolina
Hector Ocando,"Miami, FL",Florida
Nick Kennedy,Massachusetts,Massachusetts
Eric Johnson,"Phoenix, AZ",Arizona
Jim Shellenberger,"Phoenix, AZ",Arizona
Sheela Giraudo,"Scottsdale, AZ",Arizona
Brennon Root,"Grand Island, NE",Nebraska
Lucas Salas,"Scottsdale, AZ",Arizona
Austin Ross,Arizona,Arizona
Jonny Thelander,"Albuquerque, NM/Flagstaff, AZ",Arizona
Kayla Riffle,"Tempe, Arizona",Arizona
Daniel Herrera,"Peoria, Arizona",Arizona
Big Mark,"Phoenix, AZ",Arizona
DC DeCastro,"Virginia Beach, Virginia",Virginia
Rodman,"Minneapolis, MN",Minnesota
Steve,Arizona,Arizona
JBaby,"Phoenix, AZ",Arizona
Joseph Sheridan,"Havelock, NC",North Carolina
BIG Ryan Knowles,"Phoenix, AZ",Arizona
Gark the Gray,Arizona,Arizona
shutupbird,"Phoenix, AZ",Arizona
Cole Patten,"Harrisburg, SD",South dakota
CP_QHENRY,"Las Vegas, NV",Nevada
Derek Ponce,"Phoenix, AZ",Arizona
Thomas Conrad,"Lewistown, MT",Montana
Brad Lambert,"Coeur d'Alene, ID",Idaho
PPAP,"Los Angeles, CA",California
Jesse,"Gilbert, Arizona",Arizona
Anthony Dunlap,Arizona,Arizona
Mitch Krmpotich,"Phoenix, AZ",Arizona
Brandon Welner,"Scottsdale, Arizona",Arizona
Izzy G.,Arizona,Arizona
#KNPTailgate (4-WTF),"Glendale, Arizona",Arizona
JD,Arizona,Arizona
Abe Fletcher,"Tucson, AZ",Arizona
Austin Howard,"Peoria, AZ",Arizona
Bret Burchard,Phoenix,Phoenix
Jacob Costa,"Somerset, MA",Massachusetts
Max Campodall'Orto,"Scottsdale, AZ",Arizona
AJ Wahl,"Chagrin Falls, OH",Ohio
…FatBoySwiftz …,"Denver, CO",Colorado
Daniel,"Gilbert, AZ",Arizona
Brandon Duffy,"Amherst, NY",New York
Andrew Celis,"Tempe, AZ",Arizona
rodge4life,"Los Angeles, CA",California
Phoenix Suns Insider,"Phoenix, AZ",Arizona
Jason Rowley,"Phoenix, AZ",Arizona
Brian Wickersham,"Frisco, TX ",Texas
Barkevious Pierce,"Los Angeles, CA",California
DeAndrae Johnson,Arizona,Arizona
Ashlyn Ralph,"Caldwell, OH",Ohio
kristopher kwan,"Seattle, WA",Washington
Joseluis Alvarez,Phoenix,Phoenix
©…©…SJZIP1©…©…,"Miami, FL",Florida
Perspiration King,"Phoenix, AZ",Arizona
Anthony Scaramucci,"New York, NY",New York
Ryan Miller,"PHOENIX, AZ",Arizona
Zach,"PHOENIX, AZ",Arizona
Brian Wayne Hand,"Mesa, AZ",Arizona
Mitch Gasparico,"Apple Valley, CA",California
Heber,Arizona,Arizona
Kyle Kroger,"Casa Grande, AZ",Arizona
John Passov,"Phoenix, AZ",Arizona
LiveHistoryAZ,Arizona,Arizona
Jared S,"Newberg, OR",Oregon
Matthew Lippert,"Phoenix, AZ",Arizona
Jesus Torres Jr.,"Flagstaff, AZ",Arizona
Michael Lilly,"Gilbert, AZ",Arizona
Handro,"Phoenix, AZ",Arizona
Andrew Armenta,"El Paso, TX",Texas
DW,"Phoenix, AZ",Arizona
Delay of Game Hoops,"Los Angeles, CA",California
Matthew Barcelo,"Tempe, AZ",Arizona
"DUCQETS!""","San Diego, CA",California
J.R. Lamar-Cole,"Sacramento, CA",California
JP Fox,"Phoenix, AZ",Arizona
Bunn,"Phoenix, AZ",Arizona
Joel Eckroth,"Phoenix, AZ",Arizona
PAPICHULLO105,"Euclid, OH",Ohio
Chris Ball,"Phoenix, AZ",Arizona
DeMario McKinney,"Plymouth, MN",Minnesota
DriveandDishPodcast,"Jacksonville, FL",Florida
S. Tea,"Phoenix, AZ",Arizona
Tim Fink,"Scottsdale, AZ",Arizona
nickydiscounts,"Phoenix, AZ",Arizona
Chris Beard,"Phoenix,  AZ",Arizona
Cristo Rosas,"Scottsdale, AZ",Arizona
Ricky Ferguson,"San Diego, CA/Boston, MA",Massachusetts
Zach Amirault,"Bridgewater, MA",Massachusetts
zeusˇ™,"Chicago, IL",Illinois
©…©…,"Los Angeles, CA",California
kasongetmoney,"Dyersburg, TN",Tennessee
maxb,"New York, NY",New York
Nick Viner,"Lone Tree, Iowa",Iowa
Tom McLaughlin,"Phoenix, AZ",Arizona
Yousef Sawa v ©…©…,"Detroit, MI",Michigan
Ali Mehlhorn,"Phoenix, Arizona",Arizona
Dakota Johnson,"Maricopa, AZ",Arizona
Jay Joshi,"Charlotte, NC",North Carolina
Marioo,Phoenix,Phoenix
Marquese Chriss,"Phoenix, AZ",Arizona
Jarrett Lee,"San Francisco, CA",California
tramfam,"Los Angeles, CA",California
Josish Rambler,"Gilbert, AZ",Arizona
Luke Smith,"Carlsbad, CA",California
Alby Steinbugl,"Altoona, PA",Pennsylvania
Gregory Colbert,"over yonder, AZ",Arizona
Kyra Espinoza,"Avondale, AZ",Arizona
Brandon Chaisson,"Walker, LA",Louisiana
Tyler Barton,"Phoenix, AZ",Arizona
Troy Price,"Mesa, AZ",Arizona
Mason,"Phoenix, AZ",Arizona
MirJr,"Philadelphia, PA",Pennsylvania
Tony J. Grandlienard,"Phoenix, AZ",Arizona
IRON2012STEELER,"Oklahoma City, OK",Oklahoma
Eleana,"Galloway, NJ",New jersey
Gary,Maryland,Maryland
Wes,"Newport, NY",New York
Deanna,"Chandler, AZ",Arizona
Chris,"Nashville, TN",Tennessee
Steve,"Phoenix'™Ann Arbor'™Davis, CA",California
Louis Schanz,"Phoenix, AZ",Arizona
Nicov ©…©…,"Phoenix, AZ",Arizona
Michael Tomas ©…©…©…©…,"Cleveland, OH",Ohio
Benecio,"Durham, NC",North Carolina
Fire McDonough,"Germantown, MD",Maryland
Jim Buchanan,"Mesa, AZ",Arizona
Baked Bro Brandon,"Phoenix, AZ",Arizona
Walter Alvarez,"Portland, OR",Oregon
Michael Solomentsev,"Ithaca, NY",New York
Troy B,"Phoenix, AZ",Arizona
Emily Anne Taylor,"Manhattan, NY",New York
NBA.com,"Atlanta, GA",Georgia
Todd Hildreth,"Mesa, AZ",Arizona
Corey Anderson,"Lewiston, Idaho",Idaho
Marijuana Sour,"Phoenix, AZ",Arizona
Tyler Bray,"Portland, OR",Oregon
tylonwilson,Arizona ,Arizona
Don Grubbs,Indiana,Indiana
Fielder's Choice Pod,"Phoenix, AZ",Arizona
Cristina Delgado,"Phoenix, Arizona",Arizona
Parker Hicks,"Mesa, AZ",Arizona
Ash Yanac,"Middletown, CT",Connecticut
Josh Bieger,"West Point, NY",New York
Austin Jefferey Kuczek,"Newfield,NY ",New York
king j©…©…ac©…©… ©…©…©…©…©…©…,"Naples, FL",Florida
hunna,"tuc, AZ",Arizona
madd,"Isla Vista, CA",California
Tanner Lease,"Surprise, Arizona",Arizona
Paul Meining,"Greeley, CO",Colorado
Oliver Petersen,"New York, NY",New York
BG,"Cleveland, OH",Ohio
Zach Madsen,"Sacramento, CA",California
Omar Reyes,Arizona,Arizona
Kay Brand,"Phoenix, Arizona",Arizona
J Jones,"Jacksonville, IL",Illinois
Will.ara,"Phoenix, AZ",Arizona
Sky,"Phoenix, AZ",Arizona
Travis Frank,"Prescott Valley, AZ",Arizona
Hayden Merryn,"Scottsdale, AZ",Arizona
Jamie White,"Tempe, AZ",Arizona
Ketan,Nashville,Nashville
James,"Albuquerque, NM",New mexico
Rollin Mason,"Yuma, AZ",Arizona
Simone Joye Eford,"New York, NY",New York
SiriusXM NBA Radio,"New York, NY",New York
Jeffrey Christian,Arizona,Arizona
Brandon Beardsley,"Los Angeles, CA",California
irma naranjo :-),"Phoenix, AZ",Arizona
Michael Lamont,"Phoenix, AZ",Arizona
Maddy Mischler,"Vincennes, Indiana ",Indiana
mrgrumpell,"Las Vegas, NV",Nevada
Joel Edman,"Phoenix, AZ",Arizona
Shivani Desai,"Thug-Town, Tucson, AZ",Arizona
Odull Smeckle Jr.,"Phoenix, AZ",Arizona
Taylor Mitchell,"Dallas, TX",Texas
V.M,"PHX, AZ",Arizona
jacob,"Riverside, CA",California
Donovan,AZ,Arizona
Cody The Baller ©…©…,Idaho,Idaho
Jason Mraz,"Minneapolis, MN",Minnesota
Coach Esposito,"Glendale, AZ",Arizona
JC,Arizona,Arizona
Derrick Lee Watson,"Phoenix, Arizona",Arizona
Mark Gallegos,"Waddell, AZ",Arizona
Duncan Jensen,"Phoenix, AZ",Arizona
Xochitl Duarte,"Chandler, AZ",Arizona
AZAsianChamber,Arizona,Arizona
Nick Lokamas,"Omaha, NE",Nebraska
Daniel Valenzuela,Phoenix,Phoenix
Felix,"Phoenix,Arizona",Arizona
Matthew Arber Cain,"Mansfield, TX",Texas
Dave King,"Phoenix, AZ",Arizona
Jake Brodie,Florida,Florida
Adam Isbell,"Casper, WY",Wyoming
Eric Myers,"Phoenix, AZ",Arizona
TV,"Phoenix, AZ",Arizona
Alex Rodriguez,AZ,Arizona
Michael Byrne,"Gilbert, AZ",Arizona
Logan Greig,"Fullerton, CA",California
Phoenix Suns Buzz,"Phoenix, AZ",Arizona
Jeff RehL'ar,"Scottsdale, AZ",Arizona
Andrew Allen Johnson,"The Magic Valley, ID",Idaho
Jeffers,"Marysville, WA",Washington
Dennis LoDolce Jr.,"Stamford, CT",Connecticut
Allen,"Tempe, AZ",Arizona
Jason Quay,"Tucson, AZ",Arizona
Tol Ware,"Amarillo, Texas",Texas
lauren rose,"San Antonio, TX",Texas
Bryce Grove,Arizona,Arizona
andjaja,Austin,Austin
Jonesey,"Table, AZ",Arizona
Pepe,"Phoenix, AZ",Arizona
rummelstyle,"Phoenix, AZ",Arizona
Ryan Fussner,"Gilbert, AZ",Arizona
Gregory Thomas,"The Woodlands, TX",Texas
Tracy Lawson,"Houston, TX",Texas
Claire ©…©…,"Greeley, CO",Colorado
Wiffleball Tony,"Phoenix, AZ",Arizona
Tayte stephens,"Choctaw, OK",Oklahoma
Brad Ballard,"Phoenix, AZ",Arizona
Garrett Stolt,"Madison, WI",Wisconsin
Blake Larson,"Mesa, AZ",Arizona
Ed_2da_werd,"Visalia, CA",California
Tom Dorantes,"Phoenix, AZ",Arizona
Israel,"Mesa,Arizona",Arizona
Connor Smith,"Tempe, AZ",Arizona
Shawn Baum,"Tempe, AZ",Arizona
DJ Shy-Boogie,VA,Virginia
Cody Cunningham,"Chandler, AZ",Arizona
Jamila Zakiya,"Phoenix, Arizona ",Arizona
Travis Person,"Mesa,AZ",Arizona
Milagro,"Los Angeles, CA",California
Martin Chaidez,"Superior,AZ",Arizona
Jalen,"Tucson, AZ",Arizona
Dub PHX,"Tempe, AZ",Arizona
Raymond Updyke,Boston,Boston
f&ISAIAHf&,"CHANDLER (480), AZ",Arizona
Perez#2,"Phoenix, AZ",Arizona
Virginia Z,"Phoenix, AZ",Arizona
Paul Anderson,"Glendale, Arizona",Arizona
Dlato,"Bartonville, IL",Illinois
The DubNation,"Oakland, CA",California
Will Lne,"Phoenix, Arizona",Arizona
Ethan,Georgia,Georgia
Fletcher King,"Chandler, AZ",Arizona
Paul Underwood,"Peoria, Arizona",Arizona
Nicholas Burkhardt,"Maricopa, AZ",Arizona
Jack Jeffries,"Scottsdale, AZ",Arizona
Charles Rahrig,"Phoenix, AZ",Arizona
Liza Schmitz,"Phoenix, AZ",Arizona
Douglas Bailey,"Phoenix, AZ",Arizona
Ethan Bender,"Pittsburgh, PA",Pennsylvania
Don Whitman,AZ,Arizona
Jeffrey Escoto,California,California
Troy Young,"Phoenix, AZ",Arizona
Blaze Rayman,"Toledo,Ohio",Ohio
John Dorrance,"Buckeye, AZ",Arizona
Gordon Wyant Jr,"Hampton, Virginia",Virginia
Kevin Fisher,"Mesa, AZ",Arizona
James,"Tempe, AZ",Arizona
K,"Phoenix, AZ",Arizona
Christopher Kaiser,"Scottsdale, AZ",Arizona
Michael Rokicki,"Tempe, AZ",Arizona
Joshua Sawicki,"Phoenix, AZ",Arizona
Bit by a Shark,"P-Funk, AZ",Arizona
Kasey Hand,"Chandler, AZ",Arizona
L'ichael Cowan 睛,"Glendale, Arizona",Arizona
Alex Gustafson,AZ,Arizona
Jay Gaspar,"Phoenix, AZ",Arizona
Jamison,"Denton, TX",Texas
Kevin Bonneville,"Mesa, AZ",Arizona
Mike Bender,"Mesa, AZ",Arizona
B,"Phoenix, AZ",Arizona
tyler thomas gengler,"Molalla, OR",Oregon
Fox Sports 910,"Phoenix, AZ",Arizona
Robert Baum,Phoenix,Phoenix
Paul Lopez,"Phoenix, AZ",Arizona
Dan Richards,"Franklin, IN",Indiana
David K,"Phoenix, Arizona",Arizona
Adam Hayes,"Chandler, AZ",Arizona
Tyler Knepp,"Las Vegas, NV",Nevada
Noah Cook,"Gilbert, AZ",Arizona
Mr. Lucas,"Keller, TX",Texas
David,"Phoenix, AZ",Arizona
Scott Stoner,"Phoenix, AZ",Arizona
Joey Cuevas,"Newburgh, IN",Indiana
Isabella Metzen,"Mayfield, KS",Kansas
Matt Petersen,"Atlanta, GA",Georgia
Е Ana Dee Е,"Glendale, AZ",Arizona
Aaron Hansen,"Mankato, MN",Minnesota
Sagar Trika,"Corvallis, OR",Oregon
Mike Rosier,"Graniteville, SC",South carolina
Nathan,"Phoenix, AZ",Arizona
Matt,"Phoenix, AZ",Arizona
JORGE HERNANDEZ,"PHOENIX,AZ ",Arizona
Jay Purcell,"Phoenix, AZ",Arizona
Brian Meade,"Staten Island, NY",New York
ZammyCarol,"Los Angeles, CA",California
Nadia Basich,"Las Vegas, NV",Nevada
Nino Amengual,"Spartanburg, SC",South carolina
Fred,"Phoenix, AZ",Arizona
Carson O'Connor,"Omaha, NE",Nebraska
Getting Buckets,"Phoenix, AZ",Arizona
Maurice,"Manhattan, NY",New York
Christian,"Tempe, AZ",Arizona
Troy Redmann,"Las Vegas, NV/Fargo ,ND",North Dakota
Cam Combs,Phoenix,Phoenix
Casey Walloch,"Milwaukee, Wisconsin",Wisconsin
Kev,"La Crosse, WI",Wisconsin
David,Arizona,Arizona
J. A. Martin,"Tempe, Arizona",Arizona
Danny Rogers,Phoenix,Phoenix
Brian Herman,Arizona,Arizona
"…O…B…B…Y… 3…E…I…Z…E…""",Phoenix,Phoenix
Tom,"Gilbert, Arizona ",Arizona
SunsDynasty.com,"Phoenix, Arizona",Arizona
markelly,"Mesa, Arizona",Arizona
Jo Kaul,"Helena, MT",Montana
Lukas,"Minneapolis, MN ",Minnesota
Jess ©…©…©…©…,"Winkelman, AZ ",Arizona
Robert Romo,"Carson, CA",California
mikeG,"Avondale, AZ",Arizona
MacBear,"Lompoc, CA",California
Daniel Renteria,Arizona,Arizona
Chad Bauchman,"Glendale, Arizona",Arizona
Mark Moller,"Scottsdale, AZ",Arizona
BigCrowdMediaCoach,"Denver, CO",Colorado
©…©…™evin ©…©…™ooker,"Jackson, MS",Mississippi
Cody Ulm,"Denver, Colorado",Colorado
Joe Gonzales,"Burning ©…©… Your Safe Space, AZ",Arizona
©…©…,"Lyford, TX",Texas
Jacob Dallas,"St. Louis,  MO",Missouri
Paul,"Mesa, AZ",Arizona
Sebastian Molina,"Hell, MI",Michigan
Matt Abbott,"Phoenix, AZ",Arizona
Phillip Soto,"Scottsbluff, NE",Nebraska
Ken Wood,"Anthem, AZ",Arizona
Jonathan Ozek,"Boston, MA",Massachusetts
Joshua Brunner,"Flagstaff, AZ",Arizona
Laura Mularski,"East Lansing, MI",Michigan
Jordan Weikert,"Phoenix, AZ",Arizona
Arizona Sports,"Phoenix, AZ",Arizona
J. Vizion,"Phoenix, AZ",Arizona
ˇNikola Kosticˇ,"Seattle, WA",Washington
Lijah,AZ,Arizona
Eric Massey,"Tucson, AZ",Arizona
Kaily,Indiana ,Indiana
Keyaire Scott,"Newark, NJ",New jersey
Shawn Deloney,Arizona,Arizona
CAJ U&,"Chicago, IL",Illinois
Trevor,"Newport Beach, CA",California
Palmer Black,"Tempe, AZ",Arizona
Ice Time Hockey SW,"Chandler, AZ",Arizona
DJ Quinlan,"Tempe, AZ",Arizona
Brett,"Mesa, AZ",Arizona
UnK Deezy,"Phoenix, Arizona",Arizona
Austin Cook,Phoenix,Phoenix
John Wiley Works Jr.,"Corinth, MS",Mississippi
manny gedrich,"Scottsdale, AZ",Arizona
Gloria Hernandez,"Mesa, AZ",Arizona
Justin,"Phoenix, AZ",Arizona
Ben Fox,"Phoenix, AZ",Arizona
Jared Nelson,"Salt Lake City, UT",Utah
Brad,"Goodyear, Arizona",Arizona
Austin Elmer,AZ,Arizona
Travis Mantle,AZ,Arizona
Brad Peterson,"Cottonwood, AZ",Arizona
Bubbs,AZ,Arizona
Craig Peters,"Scottsdale, AZ",Arizona
Issa Brat ©…©…,"Cary, NC",North Carolina
BenjaminDHatch,"Price, UT",Utah
JJ,"Gilbert, AZ",Arizona
Scott Lacy,"Phoenix, Arizona",Arizona
Xavier Lopez,"Mesa, Arizona",Arizona
Michael Jiby,"Calabasas, CA",California
George McBride,"Phoenix, AZ",Arizona
mason lindsey.,"Orange County, CA",California
Whitney Herring, Kentucky,Kentucky
Josh York,"Gilbert, AZ",Arizona
Leah Pleasants,"San Diego, CA",California
Mirela,"Phoenix, AZ",Arizona
Andrew Carlson,"Scottsdale, AZ",Arizona
rogelio,"Mesa, AZ",Arizona
Alexander Jonesi,"Reston, VA",Virginia
Jetso,Arizona,Arizona
Greg Hadley ©…©… 4-5,"Phoenix, AZ",Arizona
MartinezM&™,LA,Louisiana
David Roberts,"Gilbert, AZ",Arizona
Ethan Pies,"Caledonia, NY",New York
Alex Van Sickle,Phoenix ,Phoenix
Phoenix Suns TV,Phoenix,Phoenix
Bob Adlhoch,"Phoenix, AZ",Arizona
Curtis Christian,"Tempe, AZ",Arizona
Warren G Morris III,"Glendale, AZ",Arizona
Emil Romero,AZ,Arizona
Danny Viloria,"Phoenix, AZ",Arizona
Lauren,"Phoenix, AZ",Arizona
Charles Johnson,"Queen Creek, AZ",Arizona
andrew gomez,"Phoenix, Arizona",Arizona
Tyler Hannay,"Walnut Creek, CA",California
Zvonko,"Chicago, IL",Illinois
"Matthew Bair!""","Huntington Beach, CA",California
Fear The Fork,"Phoenix, AZ",Arizona
Marcus Quihuis,"Glendale,Arizona",Arizona
Rick Veid,"Phoenix, AZ",Arizona
Jordan Kaye,"Phoenix, AZ",Arizona
Timothy Shelton,AZ,Arizona
Phenomenon Concerts,"Tucson, AZ",Arizona
Antwuan,"Atlanta, GA",Georgia
Coach Dalton Kaye,"Scottsdale, AZ",Arizona
Doctor Becki,Idaho,Idaho
Dr. Ben Roat,"Phoenix, AZ",Arizona
Tony Gautier,"Phoenix, AZ",Arizona
Eric Little,"Phoenix, AZ",Arizona
Andy Greenberg,"Scottsdale, AZ",Arizona
Mark Imhoff II,"Phoenix, Arizona",Arizona
Ian,"Portland, OR",Oregon
Trent,Alabama,Alabama
Zoe Cooper,Arizona,Arizona
Ektor Ruben Morales,"El Paso, TX",Texas
Jeff,"Phoenix, AZ",Arizona
Ryan Bane,"Wheeling, WV",West Virginia
Jacob Hernanskey,"Flagstaff, AZ",Arizona
Sander Rue,"Albuquerque, NM",New mexico
Kyle Pottinger,"Phoenix, AZ",Arizona
Antonio Arnold,"Albuquerque, NM",New mexico
Kyle Fleeger,"Tempe, AZ",Arizona
E. Vega ©…©…+™©…©…,"Morenci, AZ",Arizona
Frank Payne,"Peoria, Arizona",Arizona
Shaheen Al-Shatti,"Phoenix, Arizona",Arizona
MG,"Mesa, AZ",Arizona
Ethan_PHX,"Las Vegas, NV",Nevada
Cathy,Arizona,Arizona
Sam Williams,"Tempe, AZ",Arizona
"Irregardless,","Austin, TX",Texas
Alec Michael,Arizona,Arizona
Matthew Hilton,Phoenix,Phoenix
Patrick Dorsey,"Los Angeles, CA",California
Jason C,Arizona,Arizona
Almir Bosnic,"Scottsdale, AZ",Arizona
Chase Clark,"Jackson, TN",Tennessee
Kevin Zimmerman,Arizona,Arizona
regular old toof,"Kalamazoo, Michigan",Michigan
Charles Havard,"San Antonio, TX",Texas
Anthony Salgado,"Phoenix, AZ",Arizona
CJ Allen,"Seattle, WA",Washington
Hector Martinez,"Phoenix, AZ",Arizona
Blake Russo,"Chandler, Arizona",Arizona
4 Get Bout It,"Peoria, AZ",Arizona
Meghan Rose,"Phoenix, AZ",Arizona
Loera_vi,"Clovis, NM",New mexico
Christhian Togaba,"Phoenix, AZ",Arizona
Tj,"Surprise, AZ",Arizona
Jake Knapp,"Phoenix, AZ",Arizona
Al Porteous,"Phoenix, AZ",Arizona
d.,"Phoenix, AZ",Arizona
Brandon Haraway,"San Tan Valley, AZ",Arizona
Tara Hitchcock,Arizona,Arizona
Eric Bargemann,"Chandler, AZ",Arizona
Ishmael Johnson,"Austin, TX",Texas
Sphxphx,"Gilbert, AZ",Arizona
simon,"Mesa, AZ",Arizona
Jack Woods,"Nashville, TN",Tennessee
Willyocum,"Phoenix, AZ",Arizona
Lisa ©…©…,"Scottsdale, Arizona",Arizona
Meghan Raub,"Allentown, PA",Pennsylvania
Christian Johnson,"Phoenix, AZ",Arizona
Northern AZ Suns,"Prescott Valley, AZ",Arizona
TSR Arena,"Phoenix, Arizona",Arizona
begworthy,"Los Angeles, CA",California
UID Films,"Miami, FL",Florida
Daniel Brinton,"McMinnville, OR",Oregon
Ash Kumar,"Boston, MA",Massachusetts
Kaden Waters,Alabama,Alabama
©…©… Durand White ©…©…,"Marietta, GA",Georgia
Jake Shoen,"Phoenix, AZ ",Arizona
Reeniop5,Iowa,Iowa
Amber,"Phoenix, AZ",Arizona
The FFEJ,Iowa,Iowa
The Real Ex Wives,"Scottsdale, AZ",Arizona
Richard Creeger,Phoenix,Phoenix
Lucas Huerta,"Chandler, AZ",Arizona
Jack Magruder,Phoenix,Phoenix
Jason Crosby,"Phoenix, AZ",Arizona
Tate Bennett,"Columbus, OH",Ohio
Sam Ficarro,"DeLand, FL",Florida
Eric Johnson,"San Francisco, CA",California
Jesse Arrington,"Phoenix, Arizona ",Arizona
Jason Todd,"San Francisco, CA",California
Eric Rawlins,"East Valley, AZ",Arizona
Zackary Travis,"Phoenix, AZ",Arizona
Christopher Coffel,"Portland, OR",Oregon
Lor Shoot©…©…,"Chester, PA",Pennsylvania
Seth Scott,"Phoenix, AZ",Arizona
Kaveh,AZ,Arizona
Jeremy McCoy,"Charlotte, NC",North Carolina
NICK ECKHARDT,Phoenix,Phoenix
Brendan Holder,"Liberty, MO",Missouri
Vince Vallejo,Phoenix,Phoenix
Brittany,"Phoenix, AZ",Arizona
Kevin Lightning,"Phoenix, AZ",Arizona
Alexis Brown,"Prairieville,LA",Louisiana
paulito,"South PHX, AZ ",Arizona
Mary Formanek,"PHX, AZ / LA, CA",California
Kevin Birch,"Tucson, AZ",Arizona
Alex Quintana,"Tempe, AZ",Arizona
Ned Stark,Indianapolis,Indianapolis
Steven Blanco,"Phoenix, AZ",Arizona
Shawn Sellers,"Phoenix, Arizona",Arizona
Jim,"Phoenix, AZ",Arizona
John Gambo,"Phoenix, AZ",Arizona
Eric Fong,"San Francisco, CA",California
Connor Flinn,"Phoenix, AZ",Arizona
Ethan Adair,"American Fork, UT",Utah
Paul Suellentrop,"Wichita, Kansas",Kansas
Ashlyn偿  ,"San Marcos, TX",Texas
Bach's Arco Pitcairn,"Phoenix, AZ",Arizona
Brian,"Peoria, IL",Illinois
emily,"Chicago, IL",Illinois
Brian Nelson,"Alexandria, VA",Virginia
Dylan Dubek,"Tempe, AZ",Arizona
Ebony a&,"Durham, NC",North Carolina
GTI,"Salt Lake City, UT",Utah
celine,"Starkville, MS",Mississippi
Derek Dean,"Denver, CO",Colorado
Jay Divine,"Flagstaff, AZ",Arizona
Chris Heath,"Chandler, Arizona",Arizona
Angela Shanice,"Austin, TX",Texas
Makena Christiansen,"Mesa, AZ",Arizona
Howard,"Chandler, AZ",Arizona
Rams 7-3 ©…©…,"Houston, TX",Texas
Noah,"Tempe, AZ",Arizona
David Hughes,"Phoenix, AZ",Arizona
Chris Cox,"Blacksburg, VA",Virginia
Domingo Pea,"San Francisco, CA",California
Michael Aksamit,"Kearney, NE",Nebraska
Chris Caraveo,"Peoria, Arizona",Arizona
Earl J Watson,"Phoenix, AZ",Arizona
Ryan Lowe,"Gloucester, MA",Massachusetts
Jordan Wilt,"Gilbert, Arizona",Arizona
Fredrick Smith,Phoenix,Phoenix
Rusty Sweeney,Phoenix,Phoenix
Hucklebunny,"Phoenix, AZ",Arizona
J Serna,"Glendale, AZ",Arizona
The Rise of the Suns,"Phoenix, Arizona",Arizona
kenz,"Sweet Home, OR",Oregon
Revise,Arizona,Arizona
Lance Gentry,"Peoria, AZ",Arizona
Jordan©…©…,AZ,Arizona
SunDevilFan2020,AZ,Arizona
Jeff Edgeworth,AZ,Arizona
Jared T,"Gilbert, AZ",Arizona
Jacob Howard,"Jackson, MI",Michigan
Brian,"Phoenix, AZ",Arizona
Cameron Cox,"Phoenix, AZ ",Arizona
Dave Lewis,Arizona,Arizona
V.Lane,"Page, AZ",Arizona
Hertz Crew,Arizona,Arizona
Kevin Ray,Arizona,Arizona
Christian Loizzi,"Los Angeles, CA",California
Alex #SunsAt50,Wisconsin,Wisconsin
Ryan Mealman,"Overland Park, KS",Kansas
Sai Jakkamsetti,Phoenix,Phoenix
Brad Smith,Arizona,Arizona
Dustin H,"Prescott, AZ",Arizona
Mr2keveryday 2K17,"Houston, TX",Texas
Christopher Martinez,"Phoenix, AZ",Arizona
Murph,"Chandler, AZ",Arizona
braedan,"Colleyville, TX",Texas
Billy Costigan,"Council Bluffs, IA",Iowa
Abel Asa,"Las Vegas, NV",Nevada
Jordan Tendler,"Phoenix, AZ",Arizona
Rich Ho陇ie T,"Duncan, SC",South carolina
Will Unk,Phoenix,Phoenix
Preston Kulesha,"Moberly, MO",Missouri
Trisha Hendricks,"Phoenix, Arizona",Arizona
Michael Scott,"Phoenix, AZ ",Arizona
Emily Parra,California,California
Justin Daniel,"Gilbert, AZ",Arizona
Chato,AZ,Arizona
Ormie King,NY,New York
Geoff Hull,"Chico, CA",California
A-Deuce,Arizona,Arizona
Justin,Phoenix,Phoenix
Sean Sullivan,"Gilbert, AZ",Arizona
Dust Valley Sports,"Phoenix, AZ",Arizona
Cory Peterson,"Las Vegas, NV",Nevada
Ryan,"Gilbert, AZ",Arizona
Alton," Yuma, AZ",Arizona
T.J.,"Palos Verdes, CA",California
Cole Buchda,"Tempe, AZ",Arizona
Craig Grialou,Phoenix,Phoenix
Naresh Jagernauth,"Phoenix, AZ",Arizona
Benjamin,"Phoenix, AZ",Arizona
Mike,Arizona,Arizona
Jenna,"Portland, OR",Oregon
Cody Gleason,"Peoria, AZ",Arizona
Nasher Soliman,"Berkeley, CA",California
Dustin Dekker,"Phoenix,Arizona",Arizona
Tom Latham,"Tallahassee, FL",Florida
Mitchell Thomas,"San Jose, CA",California
Ivan Monroy,Arizona,Arizona
Kelley,"Phoenix, AZ",Arizona
Andrew Carlson,"Brooklyn, NY",New York
AZ Sports Zone,Arizona,Arizona
Kasey McNerney,"Phoenix, Arizona",Arizona
Patrick Valenzuela,Arizona,Arizona
donald delPrete,"Staten Island, NY",New York
Kyle Bernardo,"Fall River, MA",Massachusetts
Richard Verdugo,"PHOENIX, AZ",Arizona
Javier Grimaldo,"Hitchcock, Texas",Texas
Isaac Sanft,"Phoenix, AZ",Arizona
©…©…Technically Wendy,"Phoenix, Scottsdale, Arizona",Arizona
Isabel Zacarias ©…©…,"Phoenix, AZ",Arizona
Auggie 5000,"Minneapolis, MN",Minnesota
Umar Ghilzai,"Erie, PA-Irvine, CA-Athens, GA",Georgia
Justin,"St Francis, WI",Wisconsin
Topgolf Arizona,"Scottsdale, AZ and Gilbert, AZ",Arizona
Mikes©…©…,Utah,Utah
Phoenix Suns,"Phoenix, AZ",Arizona
say-les-tay,Arizona ,Arizona
Daniella(',KY,Kentucky
Tyler Adams,"Phoenix, AZ",Arizona
Jacob Rudolph,"Hampstead, MD",Maryland
Luke,"Portland, OR",Oregon
Topher Thomas,"Mesa, AZ",Arizona
JOSHUA COLEMAN,"Omaha, NE",Nebraska
Matt Stone,"New York, NY",New York
Hannah Schneider,PA,Pennsylvania
Jst,"Costa Mesa, CA",California
Mike,"Phoenix, AZ",Arizona
Jackson Stroud,"Bruceville, IN",Indiana
Gerald Bourguet,"Scottsdale, AZ",Arizona
Blake Allen Murphy,"Phoenix, AZ",Arizona
Paola,"Orlando, FL",Florida
Joshua Strong,"Arizona
",Arizona
Alexia,"Atlanta, GA",Georgia
Max Frishberg,"Los Angeles, CA",California
Jason Redman (4-6),"Peoria, AZ",Arizona
Teyha Masson,"Chicago, IL",Illinois
U4,"Mesa, AZ",Arizona
Justin_Bruh,Arizona,Arizona
Raheem Tyner,"Minneapolis, MN ",Minnesota
Eric Saar,"Phoenix, Arizona",Arizona
Daniel M. Estrada,Arizona,Arizona
azc26,Phoenix,Phoenix
julius castellon,"Titusville, FL",Florida
Mark Bialkoski,"College Park, MD",Maryland
E ©…©…,"Rockford, IL",Illinois
Mr.ORNG,"Avondale, AZ",Arizona
Amy Frazier d'™,Maryland,Maryland
Darnell Jamal,"Queen Creek, Arizona",Arizona
11/29P&™,"Chicago, IL",Illinois
Marty Koenigs,"Los Angeles, CA",California
Chris Mallory,"Las Vegas, NV",Nevada
Adrienne Oder,Illinois,Illinois
Sarah Angelucci,"Lexington, KY",Kentucky
party Mason,"Kent,OH",Ohio
Ariel Pscheidl,"America's High Five, Michigan",Michigan
Ryan W,"Paradise...Valley, AZ",Arizona
JJ13AZ,"Phoenix, AZ",Arizona
Bruce Lon,"Gwinnett, Georgia ",Georgia
225___,"Baton Rouge, LA",Louisiana
Alex Rivera.©…©…,"Angleton, TX",Texas
Koua Vang,"Waco, TX",Texas
Sarah Meany,"Bowling Green, KY",Kentucky
The Blitz,"Phoenix, AZ",Arizona
98.7FM Host League,"Phoenix, AZ",Arizona
Doug & Wolf Show,Phoenix,Phoenix
Burns and Gambo,"Phoenix, AZ",Arizona
Bickley&Marotta,Phoenix,Phoenix
Arizona Sports,"Phoenix, Arizona",Arizona
Nathan Desai,"Los Angeles, CA",California
Brant Bednarz,"Naperville, IL",Illinois
John Eberle,"Orlando, FL",Florida
Patrick Dempsey,"Frederick, MD",Maryland
Solar Rays ©…©…,"New Bedford, MA",Massachusetts
JeremiahBaez11,"Milwaukee, WI",Wisconsin
Jay Hart,"Nashville, TN",Tennessee
Sav,"Sandy, OR",Oregon
Mike,"Atlanta, GA",Georgia
KD,"Mount Carmel || Kutztown, PA",Pennsylvania
Tyler Bryant,West Virginia,West Virginia
Amber Ewers©…©…©…©…,"Roanoke, VA",Virginia
Phillip Wallace II,Ohio,Ohio
57 win Cavs,"Seattle, WA",Washington
John Richard,"Phoenix, AZ",Arizona
zach mckay,"Rancho San Diego, CA ",California
Alec,"Long Branch, NJ",New jersey
T$,"San Antonio, TX",Texas
Ariana_Grande_Fans,"Boca Raton, FL",Florida
Luka,"Columbus, OH",Ohio
Meredith Schulte,"New Orleans, LA",Louisiana
Annie Wing Kennedy,"Sound Beach, NY",New York
Resty,"Converse, TX",Texas
Tyler-Schiller,"Columbus, OH",Ohio
Drew Knickerbocker,"Lapeer, Michigan",Michigan
Mitch Cotthoff,"Lexington & Louisville, KY",Kentucky
Daddy Swag,"St Louis, MO",Missouri
Jon Stone,"Denver, CO",Colorado
Kami Carmann,"Denver, CO",Colorado
Ric,California,California
Eddie Shmukler,"Indianapolis, IN",Indiana
Drew Pechulonis,"Charlotte, NC",North Carolina
Cufflinks Depot,"Orlando, FL",Florida
Nate Duncan,"San Francisco, CA",California
pink.panther.13,"College Park, MD",Maryland
Dirk Ervin,"El Dorado Hills, CA",California
Brian Fitzgerald,"Mesa, Arizona",Arizona
Anzel brock the chef,"Los Angeles, CA",California
Sam Johnson,"Spring Lake, MI",Michigan
Ryan Scales,"Medfield, MA",Massachusetts
Attention To Details,"Repetition, TX",Texas
Aaron Thompson,"Chesapeake, OH",Ohio
BrianFreeman_NBA,"Portland, OR",Oregon
Marlee Gordon,"Atlanta, GA",Georgia
Kevin Wheeler,"Wakefield, MA",Massachusetts
Andrew Lehman,"Los Angeles, CA, Houston, TX",Texas
Denis Svircic,"San Pedro, CA",California
Sean Christensen,"Camas, WA",Washington
ishu,"Raleigh, NC",North Carolina
™Josh Johnson,Utah,Utah
king adi,"New York, NY",New York
Doron Tamari,"Chicago, IL",Illinois
McCade Pearson,"Swat Lake City, UT",Utah
