V1,V2,V3
Ralphy Villarreal,"Lansing, MI",Michigan
Miller Family,"Stillwater, MN",Minnesota
dobe_el_patrn,"Murfreesboro, TN",Tennessee
Neil Kolweier,"Hoffman Estates, IL",Illinois
Chris Davis,"Rock Island, IL",Illinois
Sad Bull (3-11),"Chicago, IL",Illinois
Walter Esese,"Comstock Park, MI",Michigan
Kari J. Dammerman,"Vancouver, WA",Washington
JT Holmes,"Tempe, AZ",Arizona
Sam Klinsky,"Grand Rapids, MI",Michigan
David Cruzan,"Marion, IN",Indiana
Clinton Maxey,"Las Vegas, NV",Nevada
Ellie,"Chicago, IL",Illinois
Joe Colelli,"Framingham, MA",Massachusetts
Chase Jordan,"Greenville, SC",South carolina
whitney,"Chicago, IL",Illinois
Rigo,"Chicago, IL",Illinois
j i m m y x 2 3 ©…©…©…©…,"Chicago, IL",Illinois
R-Jay Yamaha,"Chicago, IL",Illinois
Raphael Doyle,"Orland Hills, IL",Illinois
Jamar,"Chicago, IL",Illinois
Franky,"Tucson, AZ",Arizona
Jeff Falasz,"Thomasville, GA",Georgia
Johni Tsunami,"Sturgis, MI",Michigan
Peter J. Tomasek,"Ann Arbor, MI",Michigan
Will Petersen,"Huntley, IL",Illinois
Colby Curry,AR,Arkansas
Ryan Adelman,"East Lansing, MI",Michigan
Maddy,Indiana,Indiana
K Dot,"Los Angeles, CA",California
Daniel Bressler,"Chicago, IL",Illinois
MorningStar,"Miami, FL",Florida
Sach Zchrapf,"Los Angeles, CA",California
Rene Munoz,"Chicago, IL",Illinois
Abel.Ledesma.,"Lansing, MI",Michigan
Barry Arcidiacono,"Chicago, IL",Illinois
Bill Patterson,"Chicago, IL",Illinois
Sharbel,"East Lansing, MI",Michigan
Greg McLogan,"Kalamazoo, Michigan",Michigan
Muckkk,"Grand Rapids, MI",Michigan
William K. Zalokar,"Grand Rapids, MI",Michigan
BrianWittenberg,"Aurora, IL ",Illinois
('BULLS(',"Chicago, IL",Illinois
"Straight Outta Gary!""","Gary, IN ©…©…Terre Haute,IN",Indiana
lholman,"Mason, MI",Michigan
Daisy Nicole,"Chicago, IL",Illinois
Bondo,Lansing ,Lansing
Kevin Douglas,"Las Vegas, NV",Nevada
Kevin McCarron Sr.,"Grosse Pointe Farms, MI",Michigan
Sean Rhodes,"Norman, OK",Oklahoma
Karsen Kilburn,"Durand, MI",Michigan
Lola,"Grand Rapids, MI",Michigan
Dennis Meyer,"Lombard, IL",Illinois
Greedy Guillermo,"Chicago, IL",Illinois
Jack Birmingham,"Rochester Hills, MI",Michigan
NSC G League ©…©…,"Fremont, CA",California
Erica,"Waukegan, IL",Illinois
Jordanowens3181,"Grand Rapids, MI",Michigan
Van Wortmann,"Evanston, IL",Illinois
The Blocklist,"Chicago, IL",Illinois
Ryan Johnson,"Rohnert Park, CA",California
Liz Sheehan,"Lansing, MI",Michigan
Skyler Katrina,"East Lansing, MI",Michigan
Lynette Long,"East Lansing, MI",Michigan
Dominique Medel,"Rock Hill, SC",South carolina
GPNBusiness,"Royal Oak, MI",Michigan
Matt Moreno,"Chicago, IL",Illinois
Kathrina Pierce,"Grand Rapids, MI",Michigan
Luke Shehigian,"Marshall, MI",Michigan
Dylan King,"Muncie, IN",Indiana
Vance McClenton,"Grand Rapids, MI",Michigan
DeepRangeCurry,"Chicago, IL",Illinois
NBAGIRL#3PHILLYKEEKS,"Philadelphia, PA",Pennsylvania
Gordy Brown,"Lake Orion, MI",Michigan
madeline,"East Lansing, MI",Michigan
Scott©…©…©…©…©…©…1™ ,"Akron, OH",Ohio
Donna Wilson,"St. Clair Shores, Michigan",Michigan
James Bryan Dycus,"Arthur, Illinois",Illinois
Standing Room Sports,"Detroit, MI",Michigan
NBA_All_Day,"Cary, NC",North Carolina
Chubbs,"Grand Rapids, MI",Michigan
Marc Walker,"Evanston, IL",Illinois
Derek Povich,"Tampa, FL",Florida
UltraXDFX,"Wyoming, MI",Michigan
Mark Feather,"Houston, TX",Texas
Una Hart,"East Lansing, MI",Michigan
Hannah Hart,"Waverly, MI",Michigan
Germaine,"Kentwood, MI",Michigan
Darienne,"Chicago, IL",Illinois
Aubrey ©…©…Rose,"Chicago, IL",Illinois
Dave,Michigan,Michigan
Dykstra,Michigan,Michigan
Chyanne Sawyers,"Ashley, Michigan",Michigan
YUNG DEX,"Detroit, MI",Michigan
Dan Neff,"Mason,  Michigan",Michigan
David Haggard,Michigan,Michigan
Austin Hapner,"Grand Rapids, MI",Michigan
Joshua Samuels,"Mount Vernon, NY",New York
Michael Smith,"St Augustine, FL",Florida
Rob H,"Chicago, IL",Illinois
Eddie De La Rosa,"Barrington, IL",Illinois
German 溅™,Illinois ,Illinois
Kyrie,"Chicago, IL",Illinois
Shaq Daddy ©…©…,"East Lansing, MI",Michigan
Jake Wagner,"Palatine, IL",Illinois
Tim Witzig,"Wildwood, MO",Missouri
DJ kmc,"San Francisco, CA",California
carms.,"Columbia, MO",Missouri
Kelsey Cornett,"Cincinnati, OH",Ohio
Nick Donley,"East Lansing, MI",Michigan
Big Belly Ben,"Chicago, IL",Illinois
Mike Karpinski,"Bridgeport, IL",Illinois
Marcos,"Milwaukee, WI",Wisconsin
Kim Carter,"Pittsburgh, PA",Pennsylvania
Sandra Vargas,"Chicago, IL",Illinois
V. ©…©…©…©…,"Harvey, IL",Illinois
Ben Fields,"Brookfield, IL",Illinois
Caleb Taber,"Washington, IN",Indiana
jordan,"Chicago, IL",Illinois
swingmanswish,"San Diego, CA",California
akayfortysev,"Chicago, IL",Illinois
andrew,"Chicago, IL",Illinois
Timmy Reiter,"Chicago, Illinois",Illinois
Eddie Dollaz,"Lansing, MI",Michigan
Tim Flynn,"Chicago, IL",Illinois
GloJ Simpson,"Chicago, IL",Illinois
Matt Koester,"Chicago, IL",Illinois
Andy s0,"Woodstock, IL",Illinois
Todd Saltzberg,"Tucson,AZ/Buffalo Grove,IL",Illinois
Teddy Perez,"Chicago, IL",Illinois
Chi_cardguy,"Chicago, IL",Illinois
Tariq,"Chicago, IL",Illinois
Austin S. Hobbs,"Salt Lake City, UT",Utah
"IF YOU SUPPORT #GARPAX, THAT'S SOME BULL$H!T","Chicago, IL",Illinois
Justin Snay,"Grand Rapids, Michigan ",Michigan
Miguel Herrera,"Chicago, IL",Illinois
Jason Fox,"Denver, CO",Colorado
Jonathan Cruz,"Chicago,IL",Illinois
Bigkev,"Chicago, IL",Illinois
John Victor,"Chicago, IL",Illinois
Heather williams,Michigan ,Michigan
Hannah,"Jackson, MI",Michigan
Geoff Franz,"Grand Haven, MI",Michigan
Mason FFA,"Mason, MI",Michigan
Jessica Cj  scott,"Hart, MI",Michigan
Mario Smith,"Iowa City, IA",Iowa
Mark Scheffler,"North Muskegon, MI",Michigan
Kurt Wuerth,"Boyne City, MI",Michigan
Dave©…©…©…©…&©…©…,"Bronx, NY",New York
edward kim !!,"Walnut Creek, CA",California
Davean Anthony,"Waverly, MI",Michigan
©…©…KhadirCA,"Atlanta, GA",Georgia
Larry S Palmer,"Wyoming, MI",Michigan
Arek O'Connell,"Grand Rapids, MI",Michigan
Mary Neigh,"Chicago, IL",Illinois
Simon W.,"San Antonio, TX",Texas
michael,"Grand Rapids, MI",Michigan
NBA Reality Check,"Salt Lake City, UT",Utah
Parker Harrington,"Ellettsville, IN",Indiana
Kris GOAT Barr,"Las Vegas, NV",Nevada
Myron Bess,"Columbus, OH",Ohio
Amanda Ramon,"Wyoming, MI",Michigan
Tony Sink,"Chicago, IL",Illinois
Stephen Denton,"Chicago, Illinois",Illinois
Aaron Sperling,"Loudon, TN",Tennessee
Tyler Webb,"Peoria Heights, IL",Illinois
2KBeezy,Tennessee,Tennessee
Maddy Hester,"Grand Rapids, MI",Michigan
Cole Kellogg,"Intercourse, PA",Pennsylvania
Aj Salas,"Mason, MI",Michigan
Dallas Altmire,"Carthage, NY",New York
Jerry Blake,"Holt, MI",Michigan
Cesia,"Grand Rapids, MI",Michigan
Nicholas Trent,"Holt, MI",Michigan
Mike Watson,"Seneca, IL",Illinois
Michael George,"Bath, MI",Michigan
Paw Spa with Cyndi,"Okemos, MI",Michigan
Tara Herald,"DeWitt, MI",Michigan
Akram Ouardirhi ©…©…©…©…,"New York, NY",New York
Monique,"Midland, MI",Michigan
Joren Lewis,"Henderson, NV",Nevada
Luke Scholten,"Grand Rapids, MI",Michigan
Adam Carrizales,"Palo,MI",Michigan
Caleigh Howe,"Big Lake, MN",Minnesota
Wodul,"Grand Rapids, MI",Michigan
Jackson Douglass,"Lake Forest, IL",Illinois
DWHAT,"Hampton, VA",Virginia
3711nmp,"Lansing, MI",Michigan
©…©…ZayyBayBay,"Wyoming, MI",Michigan
Breanna,"Harrison, MI",Michigan
Sean,"Westmont, IL",Illinois
Daniel Milton©…©…©…©…,"Pontiac, MI",Michigan
Stephen Dion Collins,"Los Angeles, CA",California
Drew,"Cottage Grove, Oregon",Oregon
Richard Light,"Sheldon, IL",Illinois
Zion Evans,"Jackson, MS",Mississippi
Elise R. Russell,"Grand Rapids, MI",Michigan
Favian360,"Grand Rapids, MI",Michigan
Daviid,"Nashville, TN",Tennessee
Ben Bustos Jr,"Cedar City, UT",Utah
Tray Versus,"Los Angeles, CA",California
Sharlene Loree,"Rochester, MI",Michigan
Leo,"Rockaway, NJ",New jersey
God Is Dope©…©…©…©…©…©…,"Lehigh Acres, FL",Florida
Based Native ©…©…,"Queens, NY",New York
May Olison,"Hayward, CA",California
Jeffrey Katsulis,"Santa Cruz, CA",California
Alan Ortiz (Alnskii),"Elgin,Illinois",Illinois
MSU Sustainable,"East Lansing, MI",Michigan
Greg Landis,"Midland, MI",Michigan
Britney Doan,"Grand Rapids, MI",Michigan
Rockfisch Foundation,"Lansing, MI",Michigan
Nick Blank,"Grand Rapids, MI",Michigan
MSU Beauties,"East Lansing, MI",Michigan
Nicole Attard,"Dearborn, MI",Michigan
Julee,"Detroit, MI",Michigan
michael george,"East Lansing, MI",Michigan
Aries Baby 4/14/92,"Maywood, IL",Illinois
Todd Iannarelli,"Williamston, MI",Michigan
Pete Contompasis,"Rochester Hills, MI",Michigan
Jess,"Lansing, Michigan",Michigan
Fabian Garcia,"Pomona, CA",California
Jeff Hughes,"Newport, ME",Maine
Christos Pappas,"Detroit, MI",Michigan
Jada Nelson,"Northville, MI",Michigan
Amie Melton,"Denton, TX",Texas
Ball Boi Pip,"Lemont, IL",Illinois
David Kakareka,"Chicago, IL",Illinois
ChiefDon,"Chicago, IL",Illinois
david heicklen,"West Bloomfield, MI",Michigan
ALpha SHARPton,"STL by way of Kankakee,IL",Illinois
@DarrenBGarrett,"Chicago, IL",Illinois
Sam I AM,"Richmond, VA",Virginia
Derek McLaughlin,"Omaha, NE",Nebraska
Tom Farrington,"East Grand Rapids, MI",Michigan
1B.4H ©…©…©…©…,"Chicago, IL",Illinois
Harambe Records,"Grand Rapids, MI",Michigan
Rachel Holly Claire,"Chicago, IL",Illinois
F A I T H (',"Chicago, IL",Illinois
Tavian,"Chicago, IL",Illinois
Rob Carraher,"Lincoln, NE",Nebraska
April Yummy Jackson,"Grand Rapids, MI",Michigan
Nate Haselby,"Dansville, MI",Michigan
Everkonking,"Grand Rapids, MI",Michigan
Drew Ziegler,"Grandville, MI",Michigan
PurePlayinSerb,"Macomb, MI",Michigan
Morgan Breault,"Grand Rapids, MI",Michigan
Brent Parrott,"Jellico,Tennessee",Tennessee
517studios,"Lansing, MI",Michigan
Keith Carlson,"Algonquin, IL",Illinois
kara brace,"Grand Rapids, MI",Michigan
Mark Allan Bouslog,"Grand Rapids, MI",Michigan
Jeffrey Bentley,"Lockport, IL",Illinois
Brian McCormick,"Narberth, PA",Pennsylvania
Dustin Mapes,Indiana,Indiana
Brennan Rainey,"West Milford, NJ",New jersey
johnnyj85,"Skokie, IL",Illinois
Josh Shapiro,"CHICAGO,IL",Illinois
Delo,"Warren, MI",Michigan
TheSnkrVaultMP,"Mount Pleasant, MI",Michigan
Nick Dehoyos,"Houston, TX",Texas
Nate Adkins,"Chesapeake, OH",Ohio
"Ta,mya Williams","Los Angeles, CA",California
Ray Childs,"Grand Rapids, MI",Michigan
"""前冒砂 +}n0©…©…©…©…","Joliet, IL",Illinois
Derek Lee,"Kentwood, MI",Michigan
Brad Blais,"Bristol, CT",Connecticut
Heidi Parker,Michigan,Michigan
Liz Pestow,"Lafayette, IN",Indiana
Princess NicoU&,"Newport Beach, CA",California
Jaden Nguyen,"Austin, TX",Texas
Duce Chairs,"Memphis, TN",Tennessee
Spicey_Killbasa,"Tomball, TX",Texas
natasha,"Sacramento, CA",California
El Rey ©…©…,"Owensboro, KY",Kentucky
MSU ComArtSci,"East Lansing, MI",Michigan
Darius Cunningham,"Lansing, MI",Michigan
Anthony Sutton Jr.,"Miami, FL",Florida
BlacktopSmacktalk,"Seattle, WA",Washington
Sunny Ankit Mishra,"East Lansing, MI",Michigan
Christopher,"West Chicago, IL",Illinois
Charlie Brooks,"Chicago, IL",Illinois
Linaeya Horn-Mller,"Fort Lauderdale, FL",Florida
FNM TriGGA TRA,"We$tBank New Orleans, LA",Louisiana
Mike Rossiter,"Chicago, IL",Illinois
Caden Canavan,"Orland Park, IL",Illinois
Christopher Ryan,"Seattle, WA",Washington
Steven,"Chicago, IL",Illinois
doug d,Massachusetts,Massachusetts
YTP Clan,"Grand Rapids, MI",Michigan
Miguel Hughes,"Chicago, IL",Illinois
Taylor Robson,"Chicago, IL",Illinois
Richie Maciejewski,"Midland, MI",Michigan
Moe Mahmoud,"Chicago, IL",Illinois
Ruben Godinez,"Chicago, IL",Illinois
WzrdOfThisPlace,"Chicago, IL",Illinois
Ryan Vasquez,"Sterling, IL",Illinois
Aaron White,Illinois,Illinois
G Brar,"Chicago, IL",Illinois
Josiah Shirley,"Chinle, AZ",Arizona
Leslie Andrade,"Grand Rapids, MI",Michigan
StaraNICOLE,"Los Angeles, CA",California
Adam Warners,"Wyoming, MI",Michigan
Tony Lopez,"Chicago, IL",Illinois
Lee Quinn,"Holly Springs, MS",Mississippi
Mike Coles,"Potterville, MI",Michigan
JBABYYY©…©…©…©…,"Carol Stream, IL",Illinois
Chris,"Lansing, MI",Michigan
Amonda Renee Kelly,"St Petersburg, FL",Florida
Michael Fink,"Union, KY",Kentucky
Carlos Oquendo,"Columbus, OH",Ohio
Shane Foster,"Ortonville, MI",Michigan
Tiesta Tea,"Chicago, IL",Illinois
©…©…©…©…Valouz©…©…©…©…,"San Francisco, CA",California
Caf Au Lait,"Chicago, IL",Illinois
Pittsburgh Phinchez,"Pittsburgh, PA",Pennsylvania
James,"Chicago, IL",Illinois
"Jenny Westerkamp, CSSD, RD","Chicago, IL",Illinois
living2thebeat,"Chandler, AZ",Arizona
Empress ©…©…,"Kissimmee, FL",Florida
Jonnie Rozin,"Detroit, MI",Michigan
Tony Seefeld,"Essexville, MI",Michigan
Nasir Jr.©…©…+,"Charlotte, NC",North Carolina
HABBENINK,"Salt Lake City, UT",Utah
kain reis,"Rome, NY",New York
Cedric Anderson,"Bay city, Texas",Texas
Vandy,"Bartlett, IL",Illinois
Ms. Graziano,"Chicago, IL",Illinois
Des,"Manchester, NH",New hampshire
Draco,"Pawtucket, RI",Rhode island
Cuban &©…©…,"Detroit, MI",Michigan
Simon,"Los Angeles, CA",California
Brandian S.,"Cincinnati, OH",Ohio
Adam Schwoebel,"Manhattan, IL",Illinois
lupe #DefendDACA,"Chicago, IL",Illinois
Dave Katzman,"Chicago, IL",Illinois
Darrell Hykes,"Atlanta,  GA",Georgia
Matthew Baldwin,"Holt, MI",Michigan
Brandon Patterson,"Hudsonville, MI",Michigan
Shane Cordray,"Grand Rapids, MI",Michigan
"©…©…Bruh Mane !""","Seattle,WA'™Austin, TX",Texas
Alicia Platz,"Lansing, MI",Michigan
Carlos Deleon,"Lansing, MI",Michigan
Cheeb,Michigan,Michigan
Susan Louise,"Cambridge, MA",Massachusetts
Eric E,"Elk Grove Village, IL",Illinois
Aimee Ludwig,"Chicago, IL",Illinois
Izzy,"St Augustine, FL",Florida
kenz,"East Lansing, MI",Michigan
Mark McInnis,"Ypsilanti, MI",Michigan
Bob Maruca,"Manhattan, NY",New York
C Mass,"Grand Rapids, MI",Michigan
Kevin Woehler,"Southfield, MI",Michigan
Rocket X Watts X jr,"Detroit, MI",Michigan
Es Thalis Puta,"Detroit, MI",Michigan
court©…©…,"East Lansing, MI",Michigan
jreezy,"Atlanta, GA",Georgia
Christina Currier,"Lansing, MI",Michigan
Ryan Newberry,"Village of Clarkston, MI",Michigan
Curtis Taylor,"Battle Creek, MI",Michigan
©…©…,"Flint, MI",Michigan
Luke Landis,"Chicago, IL",Illinois
NickyC_Productions,"Crystal Lake, IL",Illinois
Chandler Zurawskyj,"Mason, MI",Michigan
Julius Vincent,"Ypsilanti, MI",Michigan
3B BOS,"Boston, MA",Massachusetts
Lamarcus Davis,"Columbia,SC",South carolina
Smile4thlove,"Lancaster, CA",California
LadyS,"Chicago, IL",Illinois
Dominique,"Rock Hill, SC",South carolina
not jeremy fuller,"Mt. Prospect, IL | Denton, TX",Texas
Mark Wang,"East Lansing, MI",Michigan
Patrick McGing,"Park Ridge, IL",Illinois
IcyJD'D'©…©…©…©…,"Flint, MI",Michigan
isaac arellano,"Chicago, IL",Illinois
Tunes by Majestic,"Chicago, IL",Illinois
Lawrence Edmonson Jr,"Boston, MA",Massachusetts
ArizonaArts,"Phoenix, AZ",Arizona
Ray Glower,"Las Vegas, NV",Nevada
Michigan State Gear,"East Lansing, MI",Michigan
nick boulougouris,"Chicago, IL",Illinois
David Gillaspie,"Des Plaines, IL",Illinois
Kris Bentley,"East Lansing, MI",Michigan
KC Mannisi,"St Louis, MO",Missouri
Sammady Yi,"Signal Hill, CA",California
NayyJanayy,"Houston, TX",Texas
Makaveli Dee©…©…©…©…,"Flint, MI",Michigan
Matthew Samalik,"Gaylord, MI",Michigan
MICHAEL ANGELO,"Battle Creek, MI",Michigan
MAQ CHAMPION,"Atlanta, GA",Georgia
Dr. Rick Neff,"King of Prussia, PA",Pennsylvania
NIU SPORTS REPORT,"DeKalb, IL",Illinois
Poopz Channel,"Brownsville, TX",Texas
Heather Morgan,Ohio,Ohio
Warwick Workouts,"Sioux Falls, SD",South dakota
Lisa May,"Los Angeles, CA",California
Jon Franklin,"Lansing, MI",Michigan
Konner Price,"Dallas, TX",Texas
Ian Clark,"Memphis, TN",Tennessee
Klassy Young,"OakPark,IL",Illinois
Anna Gray,"East Grand Rapids, MI",Michigan
Mariah©…©…,Lansing,Lansing
Andrew Brown,"Tucson , Arizona",Arizona
Isaiah Smith,"Chicago, IL",Illinois
©…©…,"Hialeah, FL",Florida
Emmanuelgarcia,"Grand Rapids, MI",Michigan
Jerry Jennings,"East Lansing, Michigan",Michigan
Ash Drippy''©…©…,"Manhattan, NY",New York
Mike B ©…©…,"Los Angeles, CA",California
Mark And Kyra,"Bath, MI",Michigan
Sonya Everett,"Carbondale, IL",Illinois
Kora Steffes-Leik,"Portland, MI",Michigan
Brandon TOS,"Hudson Valley, NY",New York
Jeremy Cobb,"Midland, MI",Michigan
K,"Lincoln, NE",Nebraska
ChicagoBulls.Nation,"Chicago,IL",Illinois
Hanna platt,"Otsego, MI",Michigan
The ManCave,"Indianapolis, IN",Indiana
Marlon Richard,"U cant know ,IL",Illinois
Craig Wilson Jr.,"Chicago, IL",Illinois
Oscar ©…©…©…©…,"San Antonio, TX",Texas
TMO (t-mo) Andy,Michigan,Michigan
Tracey,"Lansing, MI",Michigan
We Beat PSU(7-2)©…©…©…©…,"Kalamazoo, MI",Michigan
Tim Raymond,"Cedar Springs, MI",Michigan
Mary Beth Likkel,"Hudsonville, MI",Michigan
Tammy,"Grand Rapids, MI",Michigan
Michael Boles,"Chicago, IL",Illinois
Raina,"Lansing, MI",Michigan
Theophilis Harvey,"Lansing, MI",Michigan
Brandon Gonzalez,"San Antonio, TX",Texas
NooBask,"Oklahoma City, OK",Oklahoma
jared,"Louisville, KY",Kentucky
Noah,Ohio,Ohio
Angel DeLaCerda,"East Chicago, IN",Indiana
HNUCoachSanchez,"Oakland, CA",California
Ben Grimes,"East Lansing, MI",Michigan
Tiburon,"Grand Rapids, MI",Michigan
Keyshawn Johnson,"Grand Rapids, MI",Michigan
Damian Haygood,"Fort Wayne, IN",Indiana
Rob S. Porter,"Houston, TX",Texas
Nyasia,"Lansing, MI",Michigan
Ty Logan Hands,"West Palm Beach, FL",Florida
Carey Coffman,"Damascus, MD",Maryland
Keith Kramarczyk,"Howell, MI",Michigan
Brentus Maximus,Michigan,Michigan
Lakemac,"Grand Rapids, MI",Michigan
JT-Swizz,"Boston, MA",Massachusetts
Jaxon Mozzocio,"New Castle, PA",Pennsylvania
Eric Rivera,"Chicago, IL",Illinois
Stephine,"Wyoming, MI",Michigan
Ryan Rademaker,"Grand Rapids, MI",Michigan
Cody Prieto,"El Segundo, CA",California
Chris,"Chicago, IL",Illinois
Alex,"La Grange, IL",Illinois
Events Union Media,"Atlanta, GA",Georgia
James V.,"Lansing, MI",Michigan
RealSpartanFansOnly,"Flint, MI",Michigan
Michael,"Grand Rapids, MI",Michigan
Princess Danica,"Chicago, IL",Illinois
Blake Murray,"Grand Rapids, MI",Michigan
Shari Person,"Montague, MI",Michigan
Alex Hacker,"Wyoming, MI",Michigan
Tony Trupiano,"Dearborn, MI",Michigan
Mark Sanders,"Lansing, MI",Michigan
It's Ok To Help,"Los Angeles, CA",California
Joe,"Spring Lake, MI",Michigan
Lian Cung,"Grand Rapids, MI",Michigan
Douglas Daigle,"Lansing, MI",Michigan
Moreno,"Los Angeles, CA",California
Fantelope,"Ann Arbor, MI",Michigan
Derisha Banks,"Kentwood, MI",Michigan
Jennie,"Grand Rapids, MI",Michigan
Trayshawn,"Grand Rapids, MI",Michigan
Ivan Manoylov,Georgia,Georgia
BasiQtheLyricalPaint,"Chicago, IL",Illinois
Amirah Elmouhafidi,"Forest Hills, MI",Michigan
Jessica Paige,"Chicago, IL",Illinois
Sheri Hoving,Michigan,Michigan
Logann Stiffler,"Lansing, MI",Michigan
Dan Arone,"Westampton, NJ",New jersey
Brian Pierce,"Midland, MI",Michigan
Cody Bailey,"Kentwood, MI",Michigan
Drew Baggett,"Grand Blanc, MI",Michigan
Joe,Illinois,Illinois
Jeffery Elsworth,"East Lansing, MI",Michigan
Jess Hernandez,"Grand Rapids, MI",Michigan
Michael G. Foulk,"Perry, MI",Michigan
Johnny Weston,"Cranford, NJ",New jersey
buzzwireless kzoo,"Kalamazoo, MI",Michigan
Four-ninety-nine,"East Lansing, MI",Michigan
Marri LA Jewell,"Muskegon, MI",Michigan
Caden Carr,"Hudsonville, MI",Michigan
scott Fuller,"Shields, MI",Michigan
Stephen Mispelon,"St Clair Shores, MI",Michigan
QC U',Kentucky,Kentucky
jordan carlisle,"San Dimas, CA",California
Sabastian©…©…©…©…©…©…,"Lansing, MI",Michigan
Black Mamba,"Portland, OR",Oregon
Ringo Joon,"Saugatuck, MI",Michigan
Kendra Fowlkes,"Detroit, MI",Michigan
Abby lawler,"Goodrich, MI",Michigan
Micaiah ajah,"Lansing, MI",Michigan
"Joel Hansen,","San Diego, CA",California
Casey Goodman,"Royal Oak, MI",Michigan
JG©…©…,"Niles, IL",Illinois
Miki Charlamagne Wal,"Manhattan, NY",New York
Tiffani Abraham,"Lansing, MI",Michigan
Garrett Sembritzky,"Grapevine,TX",Texas
ana,"Holt, MI",Michigan
Jameson Brown,"Grand Blanc, MI",Michigan
Mathew,"Genoa, MI",Michigan
Tom,"Waverly, MI",Michigan
Amy Geissbuhler,"Beverly Hills, MI",Michigan
Carlos Montgomery,"Grand Rapids, MI",Michigan
Sebastin Jimnez,"Chicago, IL",Illinois
CholeMyne,"Lansing, MI",Michigan
Ja'Juan Ford,"Haslett, MI",Michigan
ericl58,"Detroit, MI",Michigan
Corey,"Kentwood, MI",Michigan
Colby Sharp,"The Village, MI",Michigan
Larry Dee,"Grand Rapids, MI",Michigan
Joseˇ™,"Gardena, CA",California
Kurtis Haight,"Grand Rapids, MI",Michigan
Sweggy ©…©…,"Chicago, IL",Illinois
Jazmine Moore,"Austin, TX",Texas
Independant sales,"Grand Rapids, MI",Michigan
MYKE-HYLTON,"Dallas, TX",Texas
Seth Terry,"Lansing, MI",Michigan
Carlos Wright,"Perris, CA",California
Shane Trejo,Michigan,Michigan
Anasia,"Grand Rapids, MI",Michigan
Ariel Mezher bitch!!,"Miami, FL",Florida
Seth E Norquist,"Rockford, IL",Illinois
Ashton,"Davison, MI",Michigan
Pat Bowden,"Brookings, SD",South dakota
Cody Smith,"East Lansing, MI",Michigan
John Pitts,"Louisville, KY",Kentucky
Thomas,"Fort Lauderdale, FL",Florida
Daniel Davenport,"Las Vegas, NV",Nevada
Montez,"Grand Rapids, MI",Michigan
Sandking,"Chicago, IL",Illinois
Elvir,"Detroit, MI",Michigan
SavageBoy,"Chicago, IL",Illinois
Roby,"Richland, MI",Michigan
Kristin S Mccort,"Lansing, MI",Michigan
"!""","Compton, CA",California
Nes,"Holt, MI",Michigan
Gluten-Free Delights,"Romulus, MI",Michigan
nate cowen,"Detroit, MI",Michigan
Think McFly,"Brunswick, OH",Ohio
Dakota Comnick,"Duluth, MN",Minnesota
Tatii Jade,"Hudsonville, MI",Michigan
Sam-I-am,"Trill City, TX",Texas
Tmunsss,"Okaga, CA",California
Dwayne Jones,"Chicago, IL",Illinois
Shanato Robinson,"Grand Rapids, MI",Michigan
The Bucket Bros,"Wichita, KS",Kansas
michael,"Hobart, IN",Indiana
Channce Dann,"Cheboygan, MI",Michigan
Chris Lowure,"East Lansing, MI",Michigan
K3NT,"Okemos, MI",Michigan
Treyshaun,Lansing,Lansing
Brian Hoodjer,"Adel, IA",Iowa
Keith,"Michigan City, IN",Indiana
David,"East Lansing, MI",Michigan
JayJay©…©…Brickley,"Lansing, MI",Michigan
Autumn,"Lansing, MI",Michigan
New WAVE ©…©…,"Lansing, MI",Michigan
hihimo4,"Dimondale, MI",Michigan
bongs and anime,"South Yuba City, CA",California
1™ 2™ 0™ 0™ ,"Chicago, IL",Illinois
billy collins,"Plainfield, IL",Illinois
Colton Addison,"Ortonville, MI",Michigan
BiG FooT,NJ,New jersey
SoxSide 078 ©…©…,"Chicago, IL",Illinois
Gersh,"Gaithersburg, MD",Maryland
Jeff,"Chicago, IL ",Illinois
Jonathan Wilde Oats,"Las Vegas, NV",Nevada
Brad,"Chandler, AZ ",Arizona
Scar,"New York, NY",New York
Brandon Nales,"New York, NY | Los Angeles, CA",California
Jake Kuhn,"Dallas, TX",Texas
Billy Nagel,"Orland Park, IL",Illinois
Lil Jefe,"Smackover, AR",Arkansas
Brian Chimino,"Gurnee, IL",Illinois
Keith Brockman,"New York, NY",New York
Alex Jurkowski,"Chicago, IL",Illinois
Michael Jank,"East Lansing, MI",Michigan
aman,"Lufkin, TX",Texas
joe newman,"Boonville, IN",Indiana
©…©…,"Chicago, IL",Illinois
SamDirt77,"Edmond, OK",Oklahoma
Roberto Foster,"Lenexa, KS",Kansas
Gabe©…©…©…©…D'™,"Chicago, Illinois",Illinois
Justin Anderson,"Philadelphia, PA",Pennsylvania
JulianMuscatTheTexasBoyInCollegeInMichigan,"McKinney, TX '™ Ypsilanti, MI",Michigan
Hunter Davis,"Bainbridge, OH",Ohio
Buzz,"Atwood, IL",Illinois
Dana Michelle,"Ann Arbor, MI",Michigan
Alex Rodriguez,"Evergreen Park, IL",Illinois
Jacob Herbert,"East Lansing, MI",Michigan
Demi d'™,"Novi, MI",Michigan
WSB,"Jackson, MI",Michigan
fourfivesix.,"Philadelphia, PA",Pennsylvania
Kendall,"Lansing, MI",Michigan
*,"Oklahoma City, OK",Oklahoma
Amara,"Memphis, TN",Tennessee
$had©…©…,"Elizabeth City, NC",North Carolina
J Walton,"Houston, TX",Texas
XIIAM. COOP,"Los Angeles, CA",California
Miguel_Quinones ©…©…,"Chicago, IL",Illinois
ns,"Oak Brook, IL",Illinois
Colin Rachford,"Warrenville, IL",Illinois
Nick Peterson,"Lansing, MI",Michigan
Max Eugene ©…©…©…©…,"Orlando, FL",Florida
Chelsey Quinn,"Las Vegas, NV",Nevada
micheal sottile,"San Francisco, CA",California
Nathan Park,"Alpharetta, GA",Georgia
Amanda Estimbo,"McAllen, TX",Texas
Trent Rose,"Phoenix, AZ",Arizona
Noah Brenny,"Plymouth Township, MI",Michigan
Terrence Redmond,"Chicago, IL",Illinois
#TankSZN (3-11),"Chicago, IL",Illinois
Aashish Idkaln,"Skokie, IL",Illinois
Miguel Salazar,"Manhattan, KS",Kansas
Sherrilyn Martin Alf,"Chicago, Illinois",Illinois
"!@18X0 4> >:8X0""","Lake Mary, FL",Florida
Cglo Wavy,"Chicago, IL",Illinois
Sarvesh Desai,"Pingree Grove, IL",Illinois
JJK,"Lansing, MI",Michigan
The Shounen Kid,Lansing ,Lansing
Curtis Brown,"Country Club Hills, IL",Illinois
Margaret Maczulski,"Libertyville, Illinois",Illinois
Casey,"Harrison, OH",Ohio
WTF AZ Cardinals (Mr.Splasheen),AZ,Arizona
LilWudaOTM©&™,"Tallulah, LA",Louisiana
Koby Barnett,"Buena Vista, MI",Michigan
Lando_,"Chicago, IL",Illinois
©…©…©…©…,"Savannah, GA",Georgia
Pat Dickey,"Bath, MI",Michigan
Buckets,"North Chicago, IL",Illinois
 ,Georgia,Georgia
Matthew Moy ©…©…,"Chicago, IL",Illinois
Joel Fry,"Des Moines, IA",Iowa
Matt Dorsey,"Charleston, WV ",West Virginia
Vidur Khurana,"East Lansing, MI",Michigan
Angel ,"Tamiami, FL",Florida
Kory Huggins,"San Antonio, Texas",Texas
Michael Reeder CPA,"Chicago, IL",Illinois
Iggy,"Chicago, IL",Illinois
tellymundo,"Detroit, MI",Michigan
Steve Slobin,"Birmingham, MI",Michigan
Aaron Dunn,"East Lansing, MI",Michigan
native ©…©…,"Queens, NY",New York
Shawn Davis,"Chicago, IL",Illinois
Carson Shanks,"Apple Valley, MN",Minnesota
T Harris,"Atlanta, GA",Georgia
Melissa Cornell,"Muskegon, Michigan",Michigan
Dollar Mason. unk #,"Chicago, IL",Illinois
P.T. O'Malley's,"East Lansing, MI",Michigan
Ricky Ricardo James,"Queens, NY",New York
James,"Berkeley, CA",California
S U M M A.,"Chicago, IL",Illinois
Juan Warren©…©…,"Battle Creek, MI",Michigan
Jay D. McCallum©…©…©…©…,"Edinburg, TX",Texas
Brittany Kay,Texas,Texas
JRoc's Daddy,"Laguna, NM ",New mexico
by_any_means29,"Chicago, IL",Illinois
Dan,"Austin, TX",Texas
Nelson Brioso,"Reading, PA",Pennsylvania
Jonny Hall,Lincoln ,Lincoln
Ryan Pierce,"Aylett, VA",Virginia
Coren,"Randallstown, MD",Maryland
joeywaddy,"New Orleans, LA",Louisiana
The Notorious D.A.E,"Magnolia, AR",Arkansas
Tony Miller,"Phoenix, AZ",Arizona
Ryan Camp,"Spokane, WA",Washington
JRLxGNY,"Orlando, FL",Florida
Anthony Harris,"Chicago,IL",Illinois
Toni,"Naperville, IL",Illinois
Adam,"Chicago, IL",Illinois
Tahsin I_1kcan,"Seattle, WA",Washington
Izaiah Hodges< ™< ™,"Joplin, MO",Missouri
Steve Mulrooney,"Aurora, IL",Illinois
Zach Mayernik,"Boise, ID",Idaho
Ibrahim Ali,"Chicago, IL",Illinois
"""Charged""©…©…","Los Angeles, CA",California
Akshay Kalia,"Sparks, NV",Nevada
Andrew Williams,"Phoenix, AZ",Arizona
Martin Hirineo-Ortiz,"North Aurora, IL",Illinois
©…©…Jayden,"Chicago, IL",Illinois
Tony Shute,"Chicago, IL",Illinois
Jacob,"Canton, IL",Illinois
Dale,"Huntley, IL",Illinois
Fbg,"Chicago, IL",Illinois
Shea Durr,"Chicago, Illinois ",Illinois
EJ,"Fort Lauderdale, FL",Florida
DiamondSwag,"Chicago, IL",Illinois
Joe Gutierrez,"Wichita, KS",Kansas
Steven Van Durme,"Tempe, AZ",Arizona
E,"ATL, GA",Georgia
"@症,""
Tristan Parker""","Morton, IL",Illinois
TYB©…©…©…©…©…©…©…©…,"New York, NY",New York
Megan Savage,"Dubuque, IA",Iowa
916kingscourt,"Sacramento, CA",California
Jeremy Secor,"Redford, MI",Michigan
Tamara Thompson,"Darien, IL",Illinois
S O U L Z ©…©…,"Chicago, IL",Illinois
Amir L,"Portland, OR",Oregon
Ashton Kehrli,"Buena Vista, CO",Colorado
Denzel Harper,"Randolph Air Force Base, TX",Texas
Sam Gropman,"Marietta, GA",Georgia
Doug Warren,"Lansing, Michigan",Michigan
Cam & Konwree,"Lansing, MI",Michigan
Riley Sexton,"Riverton, UT",Utah
Courtney J Stevens,"Durham, NC",North Carolina
Joe Canniff,"Beaver Dam, Wisconsin ",Wisconsin
Malkshake,"Brooklyn, NY",New York
Joseph Alvarado,"Deltona, FL",Florida
Humble&Hungry,"East Lansing, MI",Michigan
Alexis B,"Chicago, IL",Illinois
Joel,"Norwich, CT",Connecticut
Lawrence Law Jones,"Chicago, IL",Illinois
Derrick Hawley,"American Fork, UT",Utah
Wrenyatta M.King,"Wynne, AR",Arkansas
Wynton Mohorn,"Maywood, Illinois",Illinois
jakebauman,"Chicago, IL",Illinois
Desi Marie,"San Francisco, CA",California
Matt Good,"Charlevoix, MI",Michigan
Christian Matye,"Charlevoix, MI",Michigan
Steven,"Whiting, Indiana",Indiana
Franz,"Chicago, IL",Illinois
Ivan Hernandez,"Midlothian, IL",Illinois
Zack sandy,"East Brunswick, NJ",New jersey
Michael J. PorterIII,"El Dorado, AR",Arkansas
I have 50 characters for my screen name? Sweet!,"Nazi Bashin', WI",Wisconsin
Jordan Hayner,Michigan,Michigan
Andrew Novell,"Commerce, MI",Michigan
Justin Cox,"Normal, IL",Illinois
Deondre Bonaparte,"Detroit, MI",Michigan
Erik Anderson,"Anoka, MN",Minnesota
Oxbsjd,"Grand Rapids, MI",Michigan
Tony Stewart,"Grand Rapids, MI",Michigan
Mykael McMahan,"Creswell, OR",Oregon
Hiswifey1219,"Detroit, MI",Michigan
devinjames,"Bartlesville,Oklahoma ",Oklahoma
Theresa Pusateri,"Norfolk, VA",Virginia
L.R.C Global,"Chicago, IL",Illinois
Jimmy,Illinois,Illinois
Louie ©…©…©…©…,"Cedar Rapids, IA",Iowa
LA Bella Chauffeurs,"Los Angeles, CA",California
Gregory Spencer,"Detroit, MI",Michigan
Rudy Gelista,"Waverly, MI",Michigan
Horatio Sequoia,"Scottsdale, AZ",Arizona
Zarrious,Phoenix,Phoenix
Cool Hand Lex,"Baton Rouge, Louisiana",Louisiana
BasketballMatt,"Chicago, IL",Illinois
Nataki Vinyard,"Detroit, MI",Michigan
Aaron Wilder,"Pekin, IL",Illinois
Derrick Racowski,"Davenport, IA",Iowa
Bears (3-6),"Chicago, IL",Illinois
IG: MajorVick©…©…,"New York, NY",New York
Tommy John,"Fort Pierce, FL",Florida
Kenneth C. James,"Nicholasville, KY",Kentucky
Luis Ortiz,"Bronx, NY",New York
Matthew Abeles,"Chicago, IL",Illinois
KayvanMD,"Brooklyn, NY",New York
Juan©…©…,"Chicago, IL",Illinois
Bryan,"Kentwood, MI",Michigan
SkyyJones©…©…©…©…©…©…,"Chicago, IL",Illinois
Joey Lieggi,"Norridge/Chicago, IL",Illinois
Donovin,"Schaumburg, IL",Illinois
TD Fergz #11,VA,Virginia
Chris,"Chicago, IL",Illinois
ZSM ©…©…,"Los Angeles, CA",California
BoostMobile Wixom,"Pontiac, MI",Michigan
Shane Collins,"Santa Ana, CA",California
Julio E Santay U,"Grand Rapids, MI",Michigan
Gavin Grohowski,"South Bend, IN",Indiana
RICKY RSS II,"Lansing, MI",Michigan
Flynn Ervin,"Bradford, PA",Pennsylvania
Cassius Clay,"Detroit, MI",Michigan
Polaroid Brown,"Houston, TX",Texas
Larry DeLaPaz,"Kalamazoo, MI",Michigan
Kennedyclay,"Nashville, TN",Tennessee
Skaterplayz,"Austin, Texas ",Texas
"B & K Graphics, Inc.","Byron Center, MI",Michigan
Christy,"East Lansing, MI",Michigan
Seth Ayers,"Bluffton, IN",Indiana
Daniel George,"Los Angeles, CA",California
luis guzman,"San diego, California",California
TJ Walker IV©…©…,"Matthews, NC",North Carolina
olu,"Waukegan, IL",Illinois
kingvibe,"West Palm Beach, FL",Florida
Amel Ramljak boss,"Kentwood, MI",Michigan
Jim O'Grady,"Chicago, IL",Illinois
Itai Reubin,"Dallas, TX",Texas
Brandon Vega,"Carol City, FL",Florida
Hunter Barbian,"Hebron, IN",Indiana
PTHOMP,"Eugene, OR",Oregon
(((ODS))),"Detroit, MI",Michigan
Carla Rose Rios,"Holt, MI",Michigan
Eric Paden,"Zionsville, IN",Indiana
John riggins44,"Ashland, CA",California
Pamela Pressey,"Pensacola, FL",Florida
soph,"New Boston, MI",Michigan
Nick Biggee,"Okemos, MI",Michigan
Kevin Gorman,"Houston, TX",Texas
Paolo Loli,"Castleton, VT",Vermont
Joseph Bedford,"Dayton, OH",Ohio
Steven Bryant,Michigan,Michigan
Drew Besteman,"Hudsonville, MI",Michigan
Ian Green,"Clive, IA",Iowa
VenV RockstaR,"Manhattan, NY",New York
Jacob Hoogendyk,Michigan,Michigan
FSVA_AvocadoToast,"Detroit, MI",Michigan
Thomas Kithier,"Village of Clarkston, MI",Michigan
JoeKundrat,"Redmond, OR",Oregon
Ndungutse Eric,"Lansing, MI",Michigan
Myles FLIP Ulmer,"Anderson, SC",South carolina
Allen Couet,"Howell, MI",Michigan
John,"Northlake, IL",Illinois
Luis,"Chicago, IL",Illinois
Vincenzo©…©…©…©…,"Chicago, IL",Illinois
Erick Hernandez,"Laredo, TX",Texas
Brian Posey,"Williamston, MI",Michigan
Nadia Martin,"Myrtle Beach, SC",South carolina
E. Gahm,"Louisville, KY",Kentucky
Nezih Keskin,"Chicago, IL",Illinois
Jacques,"Boston, MA",Massachusetts
唉2PG CHUBBZ &™,"Indianapolis, IN",Indiana
BLACK IS BEAUTIFUL &,"Bridgeport, CT",Connecticut
wreck marley,"San Antonio, TX",Texas
Mark Cock,"East Lansing, MI",Michigan
Anias Lamont Burgess,"Louisville, KY",Kentucky
Alexander Albarran,MI,Michigan
&CJ&,"Natchitoches, LA",Louisiana
Gary  Stewart Jr.,"Hazard, KY",Kentucky
Andy Yocum,"Chicago, IL",Illinois
Andre Gilmore,"Chicago, IL",Illinois
Beverly Baldwin,"Houston, Texas",Texas
Aaron_D1_bound5,"Lansing, MI",Michigan
Gavin,"Cadillac, MI",Michigan
Sel ©…©…,"Chicago, IL",Illinois
Eliaz Bell,"Lansing, MI",Michigan
CHRISTIAN  WILLIAMS,"Calabash, NC",North Carolina
Melissa LaRose,"Sarasota, FL",Florida
Bulls d'™,"Chicago, IL",Illinois
NIU Dance Marathon,"DeKalb, IL",Illinois
'™©…©…©…©…,"Asbury Park, NJ",New jersey
Brandon Moix,"Conway, AR",Arkansas
jt,California,California
David Barnhart,"Bluffton, IN",Indiana
Dejon A. Scott,"Hinesville, GA",Georgia
Redwhite&blueHeeler,"Mount Clemens, MI",Michigan
Rafi Chowdhury,"Memphis, TN",Tennessee
Kenneth Samuels,"Tappahannock, VA",Virginia
Rae Laws,"Ponte Vedra Beach, FL",Florida
Jared ©…©…,"Franklin, IL",Illinois
"DJ!©…©…""","Hayti, MO",Missouri
Christopher Allen,"Mount Vernon, NY",New York
Gracious Tees,"Las Vegas, NV",Nevada
Tanner Daniel,"Covington, KY",Kentucky
Daniel Badajosa,"El Paso, TX",Texas
Henry,"Chicago, IL",Illinois
LilD,"Burton, MI",Michigan
"Chase Vander Klay!""","Detroit, MI",Michigan
Zack Krupp,"Normal, IL",Illinois
Scott Eddy,"Miami, FL",Florida
Arthur,"San Diego, CA",California
lol,Illinois,Illinois
"
.Ballard©…©…","Chicago, IL",Illinois
Sean Don,"Detroit, MI",Michigan
Joe C,West Virginia,West Virginia
Ya boi sosa,"Chicago, IL",Illinois
Graymond Dreen,"Oakland, CA",California
Vijay Sura,"Brooklyn, NY",New York
Bulls Express,"Chicago, IL",Illinois
Xavier Vert ©…©…&™©…©…,"Queens, NY",New York
Henry Mode,"Brooklyn, NY",New York
Jermane wilson,"Atlanta, GA",Georgia
QB BOMBA YAE ©…©…©…©…©…©…,"810 , MI",Michigan
Karen S. Dorman,"Abbottstown, PA",Pennsylvania
Nori Keef,"Detroit, MI",Michigan
David Weston,MI,Michigan
Andy kitchens Mullet,"Byron Center, MI",Michigan
Profile Magazine,"Chicago, IL",Illinois
gray rahm,"Grosse Pointe Farms, MI",Michigan
Brian Ransom,"Williamston, MI",Michigan
Lansingresident,"Lansing, MI",Michigan
Eh,"Sugar Hill, GA",Georgia
Mike Weed,"Parma, MI",Michigan
Lewis Macer,Texas,Texas
AJ Stone ©…©…©…©…,"Grand Ledge, MI",Michigan
Roxie,"Fort Worth, TX",Texas
Ryan Goddard,"Natchez, MS",Mississippi
Kimberly Sunderland,"New York, NY",New York
"Elijah Reeves,","Thompson's Station, TN",Tennessee
Aaron Bradley,"Stratford, IA",Iowa
Jakob Durham,"St Joseph, MO",Missouri
daniel patrick,"Los Angeles, CA",California
Kyle Edwards,"Rochester Hills, MI",Michigan
MarQuis Trill,"Atlanta, GA",Georgia
Jason Burger,"Elgin, IL",Illinois
Andrew M. Thompson,"Front Royal, VA",Virginia
Ary ©…©…,"Middletown, Ohio",Ohio
Carlos Luna,"Bronx, NY",New York
Bre'Naya Lane c'™,"Lansing, MI",Michigan
Caleb Williams,"Sanford, FL",Florida
Top Shelf Sports,"DeKalb, IL",Illinois
Basketball Guyaries,"Cleveland, OH",Ohio
A DAYDREAM AWAY,"Lansing, MI",Michigan
J5e6s6s5i8e 7l5y7n7n,Michigan,Michigan
Tay ©…©…,"Battle Creek, MI",Michigan
Paris sway,"Chicago,  IL",Illinois
Richie The Barber,"Financial District, Boston",Boston
Brad Ketchmark,"Downers Grove, IL",Illinois
Sadie Koresh,"Prairie du Chien, WI",Wisconsin
OG.Guapo,"Beverly Hills, CA",California
John Herion,"Columbus, OH",Ohio
Jesse Gonzalez,"Grand Island, NE",Nebraska
Brandon Dean,"Miami, FL",Florida
Becky,Michigan,Michigan
Joshua Smith,"Twin lake, Michigan ",Michigan
Peterrr,"Brookfield, IL",Illinois
Isaac Gurley,"Forest Hills, MI",Michigan
Michael Sevy,"Delray Beach, FL",Florida
Ben Bullock,"Rockford, IL",Illinois
Tim Izzo,"New York, NY",New York
JuiceVisuals,"East Lansing, MI",Michigan
Michelle 4 Mayor,"Morristown, NJ",New jersey
The STAR Center,"Headquarters: East Lansing, MI",Michigan
nichelleimani,"Chicago, IL",Illinois
Ronnie,"East Lansing, MI",Michigan
Gallagher Lids,"East Lansing, MI",Michigan
Rima khattab,"Dearborn Heights, MI",Michigan
Vision ©…©…,"Chicago, IL",Illinois
Jagger Johnson,"Muscatine, IA",Iowa
Chris DuBois,"Chandler, AZ",Arizona
Shane Wyllie,"Reno, NV",Nevada
juan pablo,"Chicago, IL",Illinois
Joe,"Menasha, WI",Wisconsin
AlleyBrazy,"Norfolk, VA",Virginia
Meme Monarch,"Chicago, IL",Illinois
Amanda K,"Denver, CO",Colorado
alexa reynoso,"Chicago, IL",Illinois
Bazza Bar,"Lansing, MI",Michigan
Yerlan Dutbayev,"East Lansing, MI",Michigan
Dee Nar,"Lansing, MI",Michigan
Quentin Burton,"Lansing, MI",Michigan
Al Hawkins,"Hammond, IN",Indiana
Jamiah Mendenhall,"Lansing, MI",Michigan
Ozzy,"Akron, OH",Ohio
SportsbyCaleb,"Denver, CO",Colorado
Vincent Schiavi,Michigan,Michigan
&™ John Thomas &™,"East Lansing, MI",Michigan
JungleCat,"chicago, IL",Illinois
Ross Davids,"Chandler, Arizona",Arizona
Nicole Galindo,"San Antonio, TX",Texas
martin diaz,"Goshen, IN",Indiana
Kimberly Ross,"Chicago, IL",Illinois
Michael J,"Detroit, MI",Michigan
Diego Gomez,"Shelby, MI",Michigan
R.C,"Chicago, IL",Illinois
A$AP,"Harvard, IL",Illinois
Alex Vancenzo,"Tullytown, PA",Pennsylvania
Rajon Rondo Fan Page,"Chicago, IL",Illinois
Nick Faber,"Lansing, MI",Michigan
liam's film studio,"East Lansing, MI",Michigan
Melanin,"Charlotte, NC",North Carolina
Lee Ivanoff,"Chicago, IL",Illinois
Tony,OH,Ohio
Alex Schwab,"Owosso, MI",Michigan
James Djurovski,"Imlay City, MI",Michigan
Adam Visser,"Grand Rapids, MI",Michigan
Andy Ackley,"Compton, CA",California
Lil $in,"Racine, WI",Wisconsin
©…©…Cj Watson©…©…,"Whitehall, MI",Michigan
leslilewis,"Los Angeles, CA",California
Justin Winslow,"Lansing, MI",Michigan
Cameron Lester,"Huntington, WV",West Virginia
Gage Vasquez,"Mount Morris, MI",Michigan
Zoe Coffing,Delaware,Delaware
圈.Nygel圈,"Flint, MI",Michigan
Kevin Gates,"Cincinnati, OH",Ohio
Hollow Point,"Lansing, MI",Michigan
Kevtron Media,"Grand Rapids, MI",Michigan
Lindsay Johnson,"North Bethesda, MD",Maryland
Debbie kiser,"Rochester, MI",Michigan
DJobin,"Flint, MI",Michigan
Brian McLuckie,"Bay City, Michigan",Michigan
Andy,"Traverse City, MI",Michigan
Ricardo Jimenez,"Modesto, CA",California
Brooke,"Lansing, MI",Michigan
Hunter,"Grand Ledge, MI",Michigan
DAWL3Y,"Anchorage, AK",Alaska
Kiah SalL'ons,"Sandusky, Ohio",Ohio
Valentino Martini,"Chicago, IL",Illinois
Max Camacho,"Miami, Florida",Florida
Brett Murphy,"Bay Area, CA",California
Dyno ©…©…©…©…©…©…,"Chicago, IL ©…©…©…©… Hartford, CT",Connecticut
Aidan,"Chicago, IL",Illinois
Klint Kashenider,"Murfreesboro,TN",Tennessee
Julie Roehrig,"Oakland Twp, MI",Michigan
OsoarrogantMe,"Detroit, MI",Michigan
d-nice(90),"Speedway, IN",Indiana
Andrew Howard,"Royal Oak, MI",Michigan
Patrick Vinckier,"Romeo, MI",Michigan
Chris Smith,"Williamston, MI",Michigan
Benjamin Weber,"East Lansing, MI ",Michigan
Alex Martin,"Columbus, OH",Ohio
BetsyZ,"Holt, MI",Michigan
Stormy Johnson,"Chicago, IL",Illinois
Tia Roxy,"Grand Junction, CO",Colorado
Nate Kamakakulani,"Jackson,MI",Michigan
SportsTownChicago,"Chicago, IL",Illinois
Jose Amaro,"Adrian, MI",Michigan
Tanya Schultz,"Fowlerville, MI",Michigan
Austin Croft,"Adel, GA",Georgia
Shelby Anderson,"Lansing, MI",Michigan
TFTUDS,"Denver, CO",Colorado
Aric,"Lisle, IL",Illinois
Jamie Price ,"Brooklyn, NY",New York
Anthony Bell,"Lansing, MI",Michigan
Tony Phillips,"Tipp City, OH",Ohio
STLSpartans,"St. Louis, MO",Missouri
TellYaBoutIt,"Los Angeles, CA",California
Sports Truth,"Chicago, IL",Illinois
Trev hunt,"Pasadena, CA",California
Jason J. Wender,"Grand Rapids, MI",Michigan
Andy Schofield,"Grand Rapids, MI",Michigan
Dan Kangas,Michigan,Michigan
Mackenzie Heale,NY,New York
Kenny Jennings,"Las Vegas, NV",Nevada
ChristopherAngelo S.,"Frisco, TX",Texas
Kenzie,"Conway, SC",South carolina
Partnership,"Waxahachie, TX",Texas
char,"East Lansing, MI",Michigan
Andy Labarrera,"Tampa, FL",Florida
Devin Keller,"Cedar Rapids, IA",Iowa
Liz,Michigan,Michigan
Matt Cook,"Niagara Falls, NY",New York
allenwest85,"Kalamazoo, MI",Michigan
Anto Kalo,"Chicago, IL",Illinois
CoachReese,"Sterling Heights, MI",Michigan
JinfengGuo,"Lansing, MI",Michigan
Chris Ruzzin,"Southfield, MI",Michigan
ELITE C-SPICE,"Muskegon Heights, MI",Michigan
I'm a Business-Man,"Lansing, MI",Michigan
Mar Rob .Jr,"Dayton,Ohio ",Ohio
PirateNinja,"Farmington Hills, MI",Michigan
Aminahali@yahoo.com,"Lansing, MI",Michigan
Supreme,"Lansing, MI",Michigan
payton,"Boston, MA",Massachusetts
Chaz78,Colorado,Colorado
Rae'Shayye RoseMarie,"South Chicago, IL",Illinois
2CLIX,"Chicago, IL",Illinois
Charles T. Fraser,"Okemos, MI",Michigan
Carson Murphy,"Gilberts, IL",Illinois
Star Khalifa,"Holt, MI",Michigan
Meisty,"Tucson, AZ",Arizona
Thomas Fitzgerald,"Plainfield, IL",Illinois
Natalie Toth Watkins,"East Lansing, MI",Michigan
_Kody_,"Lansing, MI",Michigan
Kevin P. Purgiel,Tennessee,Tennessee
Jarod,"Orlando, FL",Florida
Spanish Prince ©…©…©…©…,"Austin, TX",Texas
Coach L,"Downers Grove, IL",Illinois
Claudia Conness,"Rockford, IL",Illinois
Anthony Gennings,"Cincinnati, OH",Ohio
Melissa Deatsch,Illinois,Illinois
David Frew,"Kalamazoo, MI",Michigan
Evan Tino,"East Lansing, MI",Michigan
Gilberto Mauricio Jr,"Baltimore, MD",Maryland
John Tsuei,"New York, NY",New York
'#Leo |Boss Chick|',"Murderville, TX",Texas
aveenkurdishofficial,"East Lansing, MI",Michigan
Andrew Primmer,"Big Lake, MN",Minnesota
Cody Howard,"Stockton, CA",California
Haleigh sullivan,"Kansas City, MO",Missouri
©…©…©…©…©…©…('©…©…,"Chicago, IL",Illinois
broderick baysinger,"Anderson, IN",Indiana
Lexi lautner,"Charlotte, MI",Michigan
Hank Apwisch,"East Lansing, MI",Michigan
©…©…Yayaˇ™,"Lansing, MI",Michigan
Wave Papi,"Chicago, IL",Illinois
Poetry Attack,"East Lansing, MI",Michigan
Major Harris,"Salem, OR",Oregon
Dawn Sanders,"East Lansing, MI",Michigan
Chicago Bulls ©…©…©…©…,"Chicago, IL",Illinois
Landon Buford,"Seattle, WA",Washington
Justin,"San Antonio, TX",Texas
SliceGang©…©…,"Lansing, MI",Michigan
Tim Laverne,"Lansing, MI",Michigan
Travis Neller,"Lansing, MI",Michigan
Cody Kleeves,"Austin, TX",Texas
#RWTW,"Cleveland, OH",Ohio
©…©… KingTeddyBear ©…©…,"Lansing, MI",Michigan
Pthe5th,"Los Angeles, CA",California
smokereggieevryday,Illinois,Illinois
Joao Guassi Moreira,"Los Angeles, CA",California
Jayne Schuiteman,"Williamston, MI",Michigan
KVVarsity,"Brighton, MI",Michigan
Lavoris ©…©…©…©…©…©…,"Memphis, TN",Tennessee
Andrew,"Redondo Beach, CA",California
Sam Arvy,"Jackson, MI",Michigan
The Boys,"East Lansing, MI",Michigan
Official Mari©…©…,Atlanta,Atlanta
Connor Flynn,"Bloomfield Hills, MI",Michigan
Jake Meyers,"Chillicothe, MO",Missouri
Ray,"Clearwater, FL",Florida
Campus Burger,"East Lansing, MI",Michigan
kate mccolley,"Orlando, FL",Florida
Scott Jager,"Lansing, MI",Michigan
Bruce Manley,"East Lansing, MI",Michigan
Devon Edwards,"Miami, FL",Florida
Amy Jordan,"Lansing, MI",Michigan
MIchael Mills Sr.,"Bellwood, IL",Illinois
mirsad j,"Chicago, IL",Illinois
kam©…©…©…©…©…©…©…©…,"Elizabeth City, NC",North Carolina
The Spalding Ball,"Chicago,Illinois",Illinois
Casey Ramos Jr.,"Hammond, IN",Indiana
Nick Calderaro,"Lockport, IL",Illinois
Cole Brown,"Davenport, IA",Iowa
Alex Aithal,"Piscataway, NJ ¨™ Chicago, IL",Illinois
Sandy Czarnecki,"Tampa, FL",Florida
Karina,"Chicago, IL",Illinois
Wally Schmidt,"Naperville, IL",Illinois
el chapo jr,"Ashland, KY",Kentucky
Carrie Kovach,"Richmond, IN",Indiana
Jon Legg,"Lansing, MI",Michigan
Nyah©…©…©…©…,"Grand Ledge, MI",Michigan
Drew Schmale,"Ann Arbor, MI",Michigan
Mark Mendenhall,"Springfield, IL",Illinois
The Outside Analysis,"Chicago, IL",Illinois
Lul Mone,"Sacramento,CA",California
Kyrie Raine,"Lansing, MI",Michigan
KingCutz,"San Antonio, TX",Texas
Jalen Bell,"Lansing, MI",Michigan
Cody Tucker,"Jackson, MI",Michigan
Matt Morgan,"Kalamazoo, MI",Michigan
Caroline Glover,"Olney, IL",Illinois
Trish Collins,"Outer Portland, OR",Oregon
Trey Malone,"Appleton, WI",Wisconsin
Better Days,"Chicago, IL",Illinois
michael dyer,"Chicago, IL",Illinois
Cobey Pava,"Chicago, IL",Illinois
G©…©…©…©…RESSIE ©…©…©…©…©…©…©…©…,"Bryan, TX",Texas
Edgard clemente,"Allentown, PA",Pennsylvania
Erykah,"Kingsville, TX",Texas
Sapphire stormy,Michigan ,Michigan
Darian Tellez Betanc,"Houston, TX",Texas
Duena W Parker,"Honolulu, HI",Hawaii
Michael Murphy,"Lansing, MI",Michigan
Rowen,"Powell, OH",Ohio
Megan Salazar,"Boston, MA",Massachusetts
Swagysmooth_23,"Lansing, MI",Michigan
Joe Edwards,"Chicago, IL ",Illinois
Logan O'Brien,"Chicago, IL",Illinois
mayweather mcgregor,"Las Vegas, NV",Nevada
Ron J Zwyghuizen,"Holland, MI",Michigan
Syd,"East Lansing, MI",Michigan
Eric Ndugutse,"Lansing, MI",Michigan
Jordan Hooper,"Union, SC",South carolina
Jose Ramirez,"Joliet, IL",Illinois
BULLY KING Magazine,"Miami, FL",Florida
Moore Fever Forever,Florida,Florida
Keith Shen,"Lake Forest, CA",California
Daniel Perez Ortega,"Chicago, IL",Illinois
Brian Ottmer,"Chicago, IL",Illinois
KKKKai,"Island Lake, IL",Illinois
ReturnMiles,"East Lansing, MI",Michigan
Brittany Norris,"Lansing, MI",Michigan
Austin Mingee,"Lapeer,MI",Michigan
Javier,"Chicago, IL",Illinois
Jason Raley,"Ridge,MD",Maryland
Andy,"Boston, MA",Massachusetts
Ciara,"Chicago, IL",Illinois
Matthew Baldwin,"Holt, MI",Michigan
0@8O 09<0=,"Belleville, IL",Illinois
polkatsparty,"Byron Center, MI",Michigan
Stephanie Lilly,"Whitehall, MI",Michigan
NBA,"Chicago, IL",Illinois
Jack Mennow,"Edinboro, PA",Pennsylvania
\s,"Atlantic City, NJ",New jersey
Gavin Wilkinson,"Chicago, IL",Illinois
#TMT 50-0,"Chicago, IL",Illinois
Sean,"Massillon, OH",Ohio
JonahGamez,"Portland, MI",Michigan
Ben Faunce,"San Diego, CA / Chicago, IL",Illinois
"DeZee, Nick","Joliet, IL",Illinois
Holvin G. Santana,"Waterbury, CT",Connecticut
Adham Ralev,"Chicago, IL",Illinois
Yulissa Hernandez,"Chicago, IL",Illinois
Quinn Tesch,"Roy, UT",Utah
Chance Gerhold,"Elkhart, IN",Indiana
Urban Clothing,"Hillsboro, OR",Oregon
Cody Martin,Arkansas,Arkansas
Nathan Kober,"Grand Rapids, MI",Michigan
ryan eaton,"LaGrange, IN",Indiana
Finlay ©…©…©…©…,"Chicago, Illinois",Illinois
©…©…Shariq Issa©…©…,"Chicago, IL",Illinois
Bryce Bourne,"Christiansburg, VA",Virginia
TJ Demar,"Miami, FL",Florida
Fabian C Manning,"Sun Valley, NV",Nevada
DeJaun,"Atlanta, GA",Georgia
#1 Gabe#1 ,"Chicago, IL",Illinois
"Dan!""","Chicago, IL",Illinois
CeeBrown,"Richmond, VA",Virginia
Sophia A Skinner,"East Lansing, MI",Michigan
Anaheim Panics,"Anaheim, CA",California
Oscar F. Plata,"Chicago, IL",Illinois
Trey,"Las Vegas, NV",Nevada
CaseyD'™,"Carol Stream, IL",Illinois
Lance E. B.,"Lakewood Ranch, FL",Florida
Fredy,"Chicago, IL",Illinois
Jason Stevens,"Fort Collins, CO",Colorado
Alan Pham,"Chicago, IL",Illinois
MICHAEL D'AIGLE,"Flushing, MI",Michigan
Magic Bree(',"Seattle, WA",Washington
Cameron allen,"Cape Coral, FL",Florida
Erin Alvarez,"East Lansing, MI",Michigan
Nick Robinson,"South Haven, MI",Michigan
Brian B,"Chicago, IL",Illinois
Pratik Amin,"Chicago, IL",Illinois
Aaron Osmer,"Lansing, MI",Michigan
Jeff Stanislaw,"Westchester, IL",Illinois
Josh Grimes,"Orange County, CA",California
Robert Cooper,"Watervliet, MI",Michigan
Backup account,"Chicago, IL",Illinois
Garrett Hogan,"East Lansing, MI",Michigan
Gary Lowe,Georgia,Georgia
Ryan McCoy,"Chicago, IL",Illinois
"Ronald Gorman, Ph.D.","Grand Rapids, Michigan",Michigan
Benjamin Roth,"East Lansing, MI",Michigan
Erin Konheim Mandras,"Baltimore, MD",Maryland
M.Gallegos,"Elk Grove Village, IL",Illinois
mike craft,Nashville,Nashville
ROBERTO,"Chicago, IL",Illinois
Kevin Sparks,California,California
Sammy Confer,"Cullman, Alabama",Alabama
Howard Sierra,"Chicago, IL",Illinois
Blake Cinnamon,"Kewanee, IL",Illinois
Alex J,"Chicago, IL",Illinois
Anthony N,"Chicago, IL",Illinois
Kevin Cramer,"Chicago, IL",Illinois
Lui$,"Orange, CA",California
Zach Lawton,"New Haven, CT",Connecticut
Masroor Khan,"Chicago, IL",Illinois
JD,"Plainfield, IL",Illinois
KENTON WARING,"Charlotte, NC",North Carolina
AB©…©…©…©…,"St John, IN",Indiana
John Newman,"Las Vegas, NM",New mexico
mah lick,"Brooklyn, NY",New York
Ed Hu,"Chicago, IL",Illinois
Alex,"Chicago, Illinois ",Illinois
Abbi Alemayehu,"Burr Ridge, IL",Illinois
lukieboy,"Waukegan, IL",Illinois
Oscar Escatel,"Morris, IL",Illinois
KiLoOo,"Chicago, IL",Illinois
AdaptShot,"Chicago, IL",Illinois
Berto Lujan,"Santa Fe, NM",New mexico
kngmoe82,"Chicago, IL",Illinois
Jasen Roberts,"Oakville, CT",Connecticut
Bobby The Bull,"Chicago, IL",Illinois
Austin Tiffany,"Chicago, Illinois ",Illinois
Nicole ©…©…,"Bay Area, CA ",California
Erich Dewald,"Bay City, MI",Michigan
Gym Shorts,"Philadelphia, PA",Pennsylvania
Johnny,"Crystal Lake, IL",Illinois
December Sip D'™,"Detroit, MI",Michigan
Kate,"Chicago, IL",Illinois
Ranier Sicat,California,California
"Scarface! ©…©…""","Las Vegas, NV",Nevada
Jeff,"Chicago, IL",Illinois
BDownBully,Georgia ,Georgia
Aaron Shariq,"Chicago, IL",Illinois
Nicole Carlson,"Mason, MI",Michigan
Doug Erickson,"Gladstone, MI",Michigan
Matt the beard riley,"Orangeburg, SC",South carolina
Hmorta/jelly fam©…©…,"Los Angeles, CA",California
Flo Money,"New York, NY",New York
Snia,"Chicago, IL",Illinois
Daniel Kent,"Williamston, MI",Michigan
Kevin (MiJoe),"San Antonio, TX",Texas
Stephen Sabon,"Grand Rapids,Michigan",Michigan
Nick Dullarier,"Dallas, TX",Texas
Luis-Alfredo Garcia,"Kendall, FL",Florida
carly ruehl,"Terre Haute, IN",Indiana
RACKY,"LANSING,MI",Michigan
"©…©…`m R
hB+g©…©…","Omaha, NE",Nebraska
Connor Morse,"Dolgeville, NY",New York
dd,"Highland Park, IL",Illinois
Nathaniel Baker,"Lansing, MI",Michigan
Don Lewis,"Philadelphia, PA",Pennsylvania
philly4for4dad,"Hatfield, PA",Pennsylvania
SubToDreamTeamMikeal,"St Cloud, MN",Minnesota
Isaac Trujillo,"Santa Fe,NM",New mexico
Lions 6-4,"Saginaw, MI",Michigan
Ja'MarkisP+™,"Starkville, MS",Mississippi
Jas ©…©…,"Tracy, CA",California
"C u B B i!""","Lansing, Michigan",Michigan
Justin Harris,"Brooklyn, NY",New York
"Mary Keyes, MA / CDF","Durand, MI",Michigan
Jonathan Leon,"Oxnard, CA",California
Braxton psuik,"Glen Allen, VA",Virginia
Casimiro Adrian Marc,"Los Angeles, CA",California
Jett Russell,"Carrollton, OH",Ohio
StephJanowiak,"East Lansing, MI",Michigan
MSUPaulJaques,"East Lansing, MI",Michigan
Melissa Ferrigan,Michigan,Michigan
Daniel L Richardson,"Okemos, MI",Michigan
Carlos Garcia Jr,"Lansing, MI",Michigan
X,"Minneapolis, MN",Minnesota
MSU Interior Design,"East Lansing, MI",Michigan
randall green,"East Lansing, MI",Michigan
Casey Seberger,"Kansas City, Kansas",Kansas
Bsmooth,"Chicago, IL",Illinois
1|20R&,"Chicago, IL",Illinois
Eric Root,"Coal City, IL",Illinois
Adrian Martinez,"Denver, CO",Colorado
Kevin Dever,"Long Beach, CA",California
Nate ©…©…©…©…,"Waynesville, MO",Missouri
BK_ZK,"Lansing, MI",Michigan
Itchytasty,"Chicago, IL",Illinois
Flam3z,"Chicago, IL",Illinois
Scoobert Doobert,"Algona, IA",Iowa
Mike Winkleman,"Brighton, MI",Michigan
Jesse Oliver,"Rochester Hills, MI",Michigan
ZEL©…©…(',"Wilson, NC",North Carolina
mini_worf_19xx,Illinois,Illinois
ajd,"Chicago, IL",Illinois
GiGi Monroe,"East Lansing, MI",Michigan
ya boi,"Chicago, IL",Illinois
Irete Ansa,"West University Place, TX",Texas
Connor Geurts,"East Lansing, MI",Michigan
Cyrell Hodges,"Omaha, NE",Nebraska
Eric Foster,"East Lansing, MI",Michigan
Jeffrey Thrush,"Tempe, AZ",Arizona
c'™,"Oakland, CA",California
Brad Hektor,"Denver, CO",Colorado
"GPS Track Time, LLC","Chicago, IL",Illinois
Gavin Gregory,"Camas, WA",Washington
Jski©…©…©…©…©…©…,"Flint, MI",Michigan
Hugh Brennan III,"Howell, MI",Michigan
Lil Pudding MSU,"East Lansing, MI",Michigan
Rob Sands,"Lansing, MI",Michigan
Liad Zamir,"Highland Park, IL",Illinois
Jordan Harris,"O'Fallon, MO",Missouri
Abby Clopton,"Plainville, CT",Connecticut
Cory McLaughlin,"Philadelphia, PA",Pennsylvania
Benjamin Peterson,"Polo, IL",Illinois
Spencer J. Ford,Michigan,Michigan
Tentacles Santiago,"Chicago, IL",Illinois
Bustos©…©…©…©…©…©…©…©…©…©…,"Chicago, IL",Illinois
Samantha Fan,"Lansing, MI",Michigan
Tlyriks,"Chicago, IL",Illinois
Leakia Danielle d'™,"Benton Harbor , MI ",Michigan
kenzi kush,"Long Beach, CA",California
Chicago Bulls Log,"Chicago, IL",Illinois
Elijah Glover,"Cedar Rapids, IA",Iowa
CMB Runnin' Rebels,"Flint, MI",Michigan
Brandon Seefeldt,"Little Chute, WI",Wisconsin
Aaron Jay Michell,"Marion, MI",Michigan
Dan Grenawitzke,"Grand Rapids, MI",Michigan
Jill Doyle,Illinois,Illinois
Mariya,AZ,Arizona
YallEvenBall,"Des Moines, IA",Iowa
©…©…Alizay©…©…,"Lovington, NM",New mexico
Diego Conley,"Lansing, MI",Michigan
Luke DuBois,"East Lansing, MI",Michigan
Ty,Illinois,Illinois
MAINO,"White Plains, NY",New York
Anthony Gonzalez,"Highland, IN",Indiana
Kristian Shkambi,"Detroit, MI",Michigan
Nichole,"Chicago, IL",Illinois
Delmonaco S.,"Chicago,IL",Illinois
Derrick Austin,Michigan ,Michigan
Tony Young,"Town 'n' Country, FL",Florida
Casey Harrison,"East Lansing, MI",Michigan
Midnight77,Michigan ,Michigan
Tom Miles,"White Plains, NY",New York
thepulse,"East Lansing, MI",Michigan
OTSTACO,"Champaign, IL",Illinois
DailyOfficePoll,"Kansas City, MO",Missouri
TrUtH,"East Lansing, MI",Michigan
Nate Stevenson,"Chicago, IL",Illinois
sg,"Chicago, IL",Illinois
Taylor Benson,"Grand Rapids, MI",Michigan
Abby Lake,"East Lansing, MI",Michigan
Adam (Niner King),"Madera, CA",California
No Respect,"Harrison Township, Michigan",Michigan
Adrain McRae,"Wadesboro, NC",North Carolina
Steven Wester,"Bellevue, WA",Washington
emily grzesikowski,"Vandercook Lake, MI",Michigan
Web For All,"East Lansing, MI",Michigan
F0R3GCW4x,"Roanoke, VA",Virginia
Shane Hannua,"Waterford, MI",Michigan
Brent Klein,Michigan,Michigan
Jacob Shelley,"Ithaca, NY",New York
Laura Ledesma,Michigan,Michigan
Veronica,"Chicago, IL",Illinois
Ryan Charles Brown,"Los Angeles, CA",California
Walt Groszek,"Chicago, IL | Midland, MI",Michigan
Zachariah Paul,"Chicago, IL",Illinois
"Benitez, Elsie","Chicago, IL",Illinois
Patrick Knapp,"West Dundee, IL",Illinois
Gavin Reames,"Edwardsville, IL",Illinois
BK,"Kalamazoo, MI",Michigan
Maryjo Anderson,"Grand Ledge, MI",Michigan
Chris DeRosia,"Denver, CO",Colorado
Alberto,"Chicago, IL",Illinois
Bill Crowley,"Highland, IN",Indiana
Ryan Dorsett,"South Hadley, MA",Massachusetts
Matthew,"San Diego, CA",California
Brayden Hall,"Minford, Ohio",Ohio
Marian,"Lansing, MI",Michigan
Ahmad Awadallah,"West New York, NJ",New jersey
Trevor Marrero,"Elgin, IL",Illinois
Anthony Patrick,"Chicago, IL",Illinois
Jeff Heilig,"Bay Area, CA",California
James Lewis,"Youngstown, OH",Ohio
Derrick Richard,"Doney Park, AZ",Arizona
Davion Lane,"Muskegon, MI",Michigan
3one3#1Marketing,"Detroit, MI",Michigan
Land Squad,"Knoxville, TN",Tennessee
Lance Mcclellan,"Lansing, MI",Michigan
EJ Altamirano,"San Antonio, TX",Texas
Dakota  Emerson,"Hollywood,CA",California
CeCe Rayne,"Long Beach, California",California
Marla Dawson,Lansing ,Lansing
C.V,"Detroit, MI",Michigan
Dylan Brown,"Columbus, OH",Ohio
Sherry Smith,"Lansing, MI",Michigan
ADG Da Railfanner,"Bronx, NY",New York
WithLoveFromLoveland,"Loveland, Colorado",Colorado
Melanie Near,"St Johns, MI",Michigan
David Landis,"Chicago, IL",Illinois
TIMMY LIU,"Columbus, OH",Ohio
©…©…,"San Marcos, CA",California
Martin Gleason,"Elkhorn, NE",Nebraska
Austin Boyer,"Cincinnati, OH",Ohio
Oscar,"Melrose Park, IL",Illinois
Tyler Caponey,"St Johns, MI",Michigan
Markese Richmond,"Burlington, NC",North Carolina
Yuln Wz,"Miami, FL",Florida
BrosBBFoudation,"Chicago, IL",Illinois
5,Michigan,Michigan
Thatunfunnymfa,Texas,Texas
Ryan,"Crystal Lake, IL",Illinois
Walter Gates Jr.,"Fort Wayne,Indiana",Indiana
Gabriel Villa,"Orlando, FL",Florida
Ryan Calverley,"Chicago, IL",Illinois
TreyBucketz26©…©…,"Chicago, IL",Illinois
Christina Anderson,"Holt, MI",Michigan
Chris Casnave,"Town 'n' Country, FL",Florida
Zachary M Bosco,"Fitchburg,WI",Wisconsin
Richard,MI,Michigan
Kevin Kimmel,California,California
Tia Nukuse ©…©…,"China Grove, NC",North Carolina
"Chase ""Smitty Werbenjagermanjensen"" Grove","San Diego, CA",California
BattleWorldRadio,"Brooklyn, NY",New York
Saad Waheed,"Chicago, IL",Illinois
Julius Donte' B.,"Arlington, TX",Texas
23forlife,"Spartanburg, SC",South carolina
Stockton Jazz,"Chesapeake, VA",Virginia
Momo,"Chicago, IL",Illinois
M. Jaber,"New York, NY",New York
John Wallace,"Nashville, TN",Tennessee
matt t,"Virginia Beach, VA",Virginia
Taylor Peek,Michigan ,Michigan
Anne Sullivan,"Pataskala, Ohio",Ohio
Brian Banke,"Sheldon, IA",Iowa
Matthew Terrell,"Ringgold, GA",Georgia
Jason Friedland,"Chicago, IL",Illinois
('SONO(',VA,Virginia
Tradis Gary-Thomas'™,"Waterloo, IA",Iowa
Patrick Flowers,"Chicago, IL",Illinois
Lukasz Krahel,"Memphis, Tennessee",Tennessee
GamefaceInc,"Chula Vista, CA",California
Gregory May,"Lansing, MI",Michigan
Summer Foster,Michigan,Michigan
Adrian McRae,"Wadesboro, NC",North Carolina
RaSean Mitchell,"Chicago, IL",Illinois
Sparty Kids,"East Lansing, MI",Michigan
Mohammed Ahmed,"Chicago, Illinois ",Illinois
Julee,"Danville, IL",Illinois
Arturo Garza,"Beach Park, IL ",Illinois
SoIcyBoy 摩,"Grand Rapids , MI",Michigan
marquise blair,"Lansing, MI",Michigan
Mauro Vakanjac,"Compton, CA",California
Eddy Guevara,"Chicago, IL",Illinois
Michael,"Los Angeles, CA",California
Junior Diaz,"Chicago, IL",Illinois
Beau Gardner,"Peachtree City, GA",Georgia
Cup Cake,Florida,Florida
Louis Wyre,"East Lansing, MI",Michigan
Carrie Reif-Busman,"Saginaw Township South, MI",Michigan
Kaleb Bradley,"Germantown, NY",New York
Anthony Davis,"Denton, TX",Texas
Luis Rubio,"Chicago, IL",Illinois
850 Lake Shore Drive,"Chicago, IL",Illinois
Brian Rohde,"Tinley Park, IL",Illinois
Issac Christopher K&™,"San Antonio, TX",Texas
[Antonio],"Cicero, IL",Illinois
Andy Mau,MI,Michigan
RadicalProbe,"Chicago, IL",Illinois
Legend DG Chaser,"Chicago, IL",Illinois
Corey Case,"Clinton, IL",Illinois
Tabby Msp,"Lansing, MI",Michigan
Mike Considine,"Chicago, IL",Illinois
Fandings,"Pittsburgh, PA",Pennsylvania
Brian Jacob,"Dallas,TX",Texas
Joshua Nathan Strong,"Chicago, Illinois",Illinois
Jeremy Goedeke,"Villa Park, Illinois",Illinois
Jordan H,"Chicago, IL",Illinois
Jonathon Christopher,"Chicago, IL",Illinois
Matt Jacobs,"Sandusky, Ohio",Ohio
$pace,"Pasadena, TX",Texas
Chimere Gibbs,"Milwaukee, WI",Wisconsin
TheRealVeteran,"Houston, Texas",Texas
Nik Rair,"Canal Fulton, Ohio",Ohio
Tyler Burns,"Millbrook, NY",New York
"HMath!""","UT, IL ",Illinois
Carl L.,"Chicago, IL",Illinois
Golden Goods USA,"San Francisco, CA",California
young unfuckwittable,CT,Connecticut
Jaylen Simmons,"Buffalo, NY",New York
©…©…©…©…©…©…,"chicago, IL",Illinois
Dylan Komara,"Peoria Heights, IL",Illinois
Carmelo John Works,"Lansing, MI",Michigan
Jenn Oswald,"Chicago, IL",Illinois
Austin White,"Monterey, CA",California
Jared,"Baltimore, MD",Maryland
Pete Mahaney,"East Lansing, MI",Michigan
syd the kid,"Chesterton, IN",Indiana
Nick Diaz,"Cicero, IL",Illinois
Teresa Leming,"Shelby Twp., Michigan",Michigan
"Ranbir Singh[&,&","Chesterton, Indiana",Indiana
Brian Deloo,"East Lansing, MI",Michigan
The Glam Academy AZ,"Scottsdale, AZ",Arizona
Lisa Heaton,"Barrington, IL",Illinois
Jennifer Hoffer,Connecticut,Connecticut
MilkFromBrooklyn,"New York, NY",New York
Kendra Robison,"East Lansing, MI",Michigan
Dylan Spratt,"Virginia Beach, VA",Virginia
WanderlustAdventures,"Upper Marlboro, MD",Maryland
Jennifer Dusseau,"Lansing, MI",Michigan
Josh Byers,"Sterling Heights, MI",Michigan
King Zu$e,"Lansing, MI",Michigan
Marissa,"Lansing, MI",Michigan
Journeys with JoMo,"Chicago, IL ",Illinois
Trent Cooper,"Cedar Springs, MI",Michigan
Alijiah Robinson,"Seattle, WA",Washington
R^e,"China Grove, TX",Texas
JenniferDWright3,"Los Angeles, CA",California
Darnell Butler,"Eldridge, IA",Iowa
Austin McCabe,"East Lansing, MI",Michigan
Zack Gilliland,"Holt, MI",Michigan
Lance Wiggins Music,"Raleigh, NC",North Carolina
Hoopkards,"East Bridgewater, MA",Massachusetts
shook,"Chicago, IL",Illinois
Fly AirChicago,"Chicago, IL",Illinois
Young Furb ©…©…©…©…,"Magnolia,Ohio",Ohio
Joe©…©…,"Durham, NC",North Carolina
Cameron Mullins,"Johnson City, TN",Tennessee
Laura Marie Bodiker,"Englewood, OH",Ohio
Sasha67,"Howell, MI",Michigan
Mac Sauce,"Chicago, IL",Illinois
Mamadou-Abou Sarr,"Chicago, IL",Illinois
Noel,"Chicago, IL",Illinois
Happy Grandma,"Schaumburg, IL",Illinois
BlakeneySZN,"Chicago, IL",Illinois
ennis Jenkins,"Carbondale, IL",Illinois
BullsFanDan,"Chicago, IL",Illinois
manutegarrett,"Rocky Mount,NC",North Carolina
Rikayla J. Seatts ©…©…,"Warren, MI",Michigan
Juan Rios,"Emporia, Kansas",Kansas
Erin Suddeth,"Lansing, MI",Michigan
Ryan Leaver,"Mint Hill, NC",North Carolina
Gina Cook,"Baltimore, MD",Maryland
Tracy Nykamp,"Hamilton, MI",Michigan
Rafael Gutierrez Jr,"Chicago, IL",Illinois
Deborah Weir,"Las Cruces, NM",New mexico
Kirby Walker,"Little Rock, AR",Arkansas
Jarrod Raymond Smith,"Pembroke, NY",New York
Andrew  Engler,"South Park Township, PA",Pennsylvania
Petti Philippe,Florida,Florida
Big Momma,"Ypsilanti, MI",Michigan
Blake Spencer,"Pikeville, KY... Lexington, KY",Kentucky
John Small,"Fort Wayne, Indiana",Indiana
chazcarrillo,"Lansing, MI",Michigan
Glen Daley,"Fort Lauderdale, FL",Florida
Aja (ah-juh©…©…),"Athens, GA",Georgia
Cameron Raynor,"Greensboro, NC",North Carolina
Mike Karlsson,"New York, NY",New York
Darnesh Alleck,"Chicago, IL",Illinois
Austin Boyd,"Chicago, IL",Illinois
DaWindy,"Madison, WI",Wisconsin
Danny,"Chicago, IL",Illinois
Travis Woodward,"Watauga, TN",Tennessee
Steven Poore,"North Augusta, SC",South carolina
Aana T,"Chicago, IL",Illinois
Billy Judge,"Chicago, IL",Illinois
Jon Miller,MN,Minnesota
Tayy,"Detroit, MI",Michigan
Rebecca Judd,"Grand Ledge, MI",Michigan
Elise Wheeler Huhn,"Atlanta, Georgia",Georgia
Tom Bowles,"Wyoming, MI",Michigan
3Loading,"Las Vegas, NV",Nevada
A calzn quita o,"Milwaukee, WI",Wisconsin
Roberta Gubbins JD,"Mason, Michigan",Michigan
YounG MoT,"Arlington, Texas ",Texas
Beautydoor1228@gmail,"Fullerton, CA",California
Raymond Barrios,"Chicago, IL",Illinois
Peter Cohen,"Chicago, IL",Illinois
claudzz :),"Chicago, Illinois",Illinois
"Samson!""","Los Angeles, CA",California
Sophie Hanover,Michigan,Michigan
David Bueno,"Chicago, IL",Illinois
Dee Bradford,"Lansing, MI",Michigan
Sparty the Spartan,"Freedom, PA",Pennsylvania
Draco Markey,"Atlanta, GA",Georgia
Gorgeous Brid'™,"Chicago, IL",Illinois
Kayla Vie,"Lansing, MI",Michigan
Mary Lindsey,"Okemos, MI",Michigan
Kevin Decker,"Tucson, AZ",Arizona
Kory Root,"Mount Pleasant, MI",Michigan
Young Foreign©…©…©…©…©…©…,"Minneapolis, MN",Minnesota
Dakota Basketball,"Macomb, MI",Michigan
Tyler,"St Louis, MI",Michigan
Jenna Johnston,"Grand Rapids, MI",Michigan
Tony Blake,"DeWitt, MI",Michigan
Ali Faraj,"Dearborn, MI",Michigan
Lance Higgins,"Portland, Maine",Maine
Sofia Komolmis,"Lansing, MI",Michigan
Nolan HarL'on,"ColuL'bus, OH",Ohio
Nick Rust,"Logan, UT",Utah
Provision Sports ,"Hamden, CT",Connecticut
Neil Bogmenko,"Lombard, IL",Illinois
Victoria Pacheco,"Chicago, IL",Illinois
Darren Maiden,"Chicago, IL",Illinois
Katy Young.,"Coldwater, MI",Michigan
Nini Meparishvili,Georgia,Georgia
furaha,"Lansing, MI",Michigan
Brianna©…©…©…©…,"Grand Ledge, MI",Michigan
Jeremy B.,"Mason, MI",Michigan
Mario Ezquivel,"Laredo, TX",Texas
Selvan Thamilavel,RI,Rhode island
Nicole Lovato,"Boston, MA",Massachusetts
Jacob Walker,Boston,Boston
Nic,"Cleveland Heights, OH",Ohio
Pallavi,"San Francisco, CA",California
William Brooks,"Roanoke, VA",Virginia
Elite Social Media,"San Diego, CA",California
Brett Swanson,"Pendleton, OR",Oregon
Jenna Boyle,"Chicago, IL",Illinois
Lela,Georgia,Georgia
Jamal Chevis,"Hyattsville, Maryland",Maryland
jaceDaHooper,"Lansing, MI",Michigan
Mr. Osborn,"Yuma, AZ",Arizona
"Cody Farmer!""","Lowell, IN",Indiana
Jason Freeman,"Plymouth, MI",Michigan
Kojo S.,"Augusta, GA",Georgia
Jason Hausmann,"Marquette, MI",Michigan
Julio Lazalde,"Chicago, IL",Illinois
Mackenzie MacDonald,"Chicago, IL",Illinois
Kirsten Samson Kelly,"Haslett, MI",Michigan
©…©… NBA,"Springfield, MA",Massachusetts
Cody Adams,"Cincinnati, OH",Ohio
Miguel Angel Mendoza,"Chicago, IL",Illinois
DjBizzyFeelMore,"Chicago, IL",Illinois
Kyle ^S^,"Council Bluffs, IA",Iowa
Jack Cooper,"Memphis, TN",Tennessee
Sergio Luckett,"Chapel Hill, NC",North Carolina
Jaylen©…©…©…©…©…©…,"Detroit, MI",Michigan
GUMBE YT,Georgia,Georgia
peter buxtun,"Athens, GA",Georgia
Eunice Mcelrath,"Lansing, MI",Michigan
Tucker Riffle,"Lansing, MI",Michigan
Cody Blankenburg,"Lansing, MI",Michigan
Nick,"Omaha,NE",Nebraska
Matt Farra,"Lansing, MI",Michigan
Iamsc.VII,"Los Angeles, CA",California
MSU Club Tennis,"East Lansing, MI",Michigan
Alazia kirk,"Lansing, MI",Michigan
Tim Fletcher,"Durham, NC",North Carolina
takesavillageteach,"Owosso, Michigan",Michigan
Sharon Mullen,"Durham, NC",North Carolina
Matthew Geiger,"Chicago, IL",Illinois
Chad Boxenbaum,"Chicago, IL",Illinois
mack,"Crawfordsville, IN",Indiana
Brian Smith,Indiana,Indiana
Liza Chilashvili,Georgia,Georgia
Joey Mosele,"Champaign, IL",Illinois
Aerdna Reitamlap,"Naples, FL",Florida
Nick ©…©…,"Reese, MI ",Michigan
Savage Snell,"Milwaukee, WI",Wisconsin
"The Great Gary!""","Arlington, TX",Texas
Chanel Jol,California,California
GoChiTownBulls,"Chicago, IL   Rock Island, IL ",Illinois
Kylie Flewelling,"Haslett, MI",Michigan
gigi,Georgia,Georgia
El Patron,"Las Vegas, NV",Nevada
Bill Metzger,"Chicago, IL",Illinois
DavidWilliams,"Bossier City, LA",Louisiana
CutTheCheck BigJune,Lansing ,Lansing
Luke Ulin,"Lackland Air Force Base, TX",Texas
Denise Carlos  ©…©…©…©…,"San Francisco, CA",California
Tavon JP,"Moorpark, CA",California
Lisa Volz,"Charlotte, MI",Michigan
MSUBA Lansing,"Lansing, MI",Michigan
Arianna,"New Orleans, LA",Louisiana
AJ Hamilton,Illinois,Illinois
TaxLawyerTampaArea,"Tampa, FL",Florida
C Lynn,"Chicago,  IL",Illinois
sweet caroline,"Chicago, IL",Illinois
Jon Manzanilla,"Montgomery, IL",Illinois
Emily,"Colo Spgs, CO",Colorado
DIRTY DA DON,"Chicago, IL",Illinois
grohldaddy,"Chicago, IL",Illinois
Big Jesus 23,"Chicago, IL",Illinois
Ryan Harrold,"Jackson, MI",Michigan
Kiel Baptiste,"Plantation, FL",Florida
MC Money,"Pine Bluff, AR",Arkansas
Hiddentree Apartment,"East Lansing, MI",Michigan
David Susanto,"Arlington, VA",Virginia
3 Guys Pies - Denver,"Denver, CO",Colorado
Chris,"Baton Rouge, LA",Louisiana
Ryan,"Philadelphia, PA",Pennsylvania
Anthony Rangel,"Brooklyn, NY",New York
Cristian Orozco,"Chicago, IL",Illinois
kayleemarie,MI,Michigan
Anthouy Dupuis,"St Johns, MI",Michigan
follow @swagggyben,"Akron, OH",Ohio
Ryan Coleman,"Grand Rapids, MI",Michigan
khari,"East Lansing, MI",Michigan
Robert Baldino,"Lansing, MI",Michigan
Greg Adkins,"Lansing, MI",Michigan
cobys backup,"Lansing, MI",Michigan
JustJulia,"Columbus, OH",Ohio
OBG Lil Duece,"Chicago, IL",Illinois
4™ .,"New Orleans, LA",Louisiana
chocolate strawberry,"Memphis, TN",Tennessee
Don Dreleone,"Detroit, MI",Michigan
Black In Maryland,Maryland,Maryland
Brice M. J. Milliron,SC,South carolina
Bulls Kingdom©…©…,"Chicago, IL",Illinois
©…©…Justin©…©…,"Silverdale, WA",Washington
Court Lessigne,"Jennings, LA",Louisiana
Swaggy Fee,"West Chicago, IL",Illinois
Alexander Browning,"Los Angeles, CA",California
Aerial Powers,"Arlington, TX",Texas
Jason Adams,Indiana,Indiana
Mallory Patterson,"Kalamazoo, MI",Michigan
TwoTwin Wopp&©…©…©…©…©…©…,"Lorain, OH",Ohio
Hannah Snell,"Ottawa, IL",Illinois
Benjamin Mitchell,"Chicago, IL",Illinois
©…©…©…©…boricua303©…©…©…©…,"Denver, CO",Colorado
William Paul Burgie,"East Lansing, MI",Michigan
Antonio Friday,"Suwanee, GA",Georgia
Noah Parks,"Holt, MI",Michigan
craigebaker,Florida,Florida
Phillip Wilson,"Chicago, IL",Illinois
Yasmine,"East Lansing, MI",Michigan
NJ R,Michigan,Michigan
Canbehooping32,"Vienna, WV",West Virginia
Blayne VanderHam,"Jenison, MI",Michigan
Mitchell Nemeth,"Williamston, MI",Michigan
Daniel Brandon,"West Palm Beach, FL",Florida
Briana,"Lansing, MI",Michigan
David Leshem,"Chicago, IL",Illinois
Dera-Tie,"Kalamazoo, MI",Michigan
Michigan Munchi3,"Detroit, MI",Michigan
lil uzi vert,"Greensboro, NC",North Carolina
Man's Not Hot,Michigan,Michigan
Brock Pedersen,"Tulsa, OK",Oklahoma
Assana Musah,"Denver, CO",Colorado
Mike Finn,"Phoenix, AZ",Arizona
David M. Bassila,"lansing, MI",Michigan
shana welch,"Grand Rapids, MI; Muskegon, MI",Michigan
Blake Apkarian,"San Jose, CA",California
WeishFest,"Merrionette Park, IL",Illinois
Michael Bond,"Brigham City, UT",Utah
Don_Joe_Pablo,"Joliet, IL",Illinois
Isaac,"Corpus Christi, TX",Texas
Swaggyp,"St Joseph, MO",Missouri
Trail,"East Lansing, MI",Michigan
Geoffrey Mazur,"Fort Dodge, IA",Iowa
Jennifer,"Evanston, IL",Illinois
Marsha Bristor,"East Lansing, MI",Michigan
Alfredo Tecum,"Los Angeles, CA",California
Jonathan,"Waterbury, CT",Connecticut
Alex Trevino,"Lansing, MI",Michigan
Chuy,"Southwest Detroit, Michigan",Michigan
GAITorade,"San Diego, CA",California
Ethan Neitzel,Lincoln,Lincoln
Patrick,"Chicago, IL",Illinois
Duncan Clark I,"Grand Rapids, MI",Michigan
Dakta LrsMn,ND,North Dakota
Ross,"Lansing, MI",Michigan
Ryan K,"Chicago, IL",Illinois
Keegan Cutshaw,"Livonia, MI",Michigan
MREZsports,"Saint Paul, Minnesota",Minnesota
Josh Gaertner,"Sultan, WA",Washington
Cruzs brother,"Highland, IN",Indiana
Isaac Reyes ,"Chicago, IL",Illinois
*' Zerxies,"Chicago, IL",Illinois
ballUp,"Boston, MA",Massachusetts
devin williams,"Menifee, CA",California
Ty Ward,"Los Angeles, CA",California
B.Love,"Memphis, TN",Tennessee
Engraved Memories Pl,"Chambersburg, PA",Pennsylvania
D Gothage,"Brockton, MA",Massachusetts
dodgeahwranch©…©…©…©…©…©…,"Chicago, IL",Illinois
Kati no e,"Hawkins, IN",Indiana
yk_.bigbee,"Shreveport, LA",Louisiana
Maurice gayetay,"Boston, MA",Massachusetts
Steven Moran,"Long Island, NY",New York
Sam Leppala,Michigan,Michigan
Chris hill,"Villas, NJ",New jersey
Gabrielle Weiss,"Pinehurst, NC",North Carolina
"Adam McFarland, ATC","Aberdeen, SD",South dakota
bobby brannon,"Mercer, PA",Pennsylvania
Battle-4-Bauer,"Williamston, MI",Michigan
Alexander Shattuck,"Mason, MI",Michigan
Stefanie,"Northville, MI",Michigan
SouthExChicago,"Chicago, IL",Illinois
Miller,"North Muskegon, MI",Michigan
Kristy Love,"Chicago, IL",Illinois
Justin hall,"Lansing, MI",Michigan
Jack,"Compton, CA",California
Chicago Bulls TURKEY,"Chicago, IL",Illinois
=0™©…©…&™©…©…,"Chicago, IL",Illinois
Tyler Danielson,"New London, MN",Minnesota
Jalen Rose,"Detroit, MI",Michigan
Kunka,"Washington, IL",Illinois
Hugh Hefner ©…©…©…©…,"Chicago, IL",Illinois
"Elliott Barton!""","Central City, KY",Kentucky
Salmon John Apparel,"Logan, UT",Utah
Logan Madden,"Amherst, MA",Massachusetts
Noah Worrell,"Walkertown, NC",North Carolina
Derek Sondag,"Iowa City, IA",Iowa
TheRealStephen,"Chicago, IL",Illinois
Ryan ©…©…,"Kalamazoo, MI",Michigan
Alex Kromer,"Roanoke, VA",Virginia
Rickey Pearson,"Chicago, IL",Illinois
Lentila Foster,"Minneapolis, MN",Minnesota
Aly khoja,"Glenview, IL",Illinois
Keeping©…©…WithLex,"Dallas, TX",Texas
Browneyez64(Chandra),"Chicago, IL",Illinois
Ryan Newsome,"Denver, CO",Colorado
Pure Honey©…©…©…©…©…©…©…©…,Illinois,Illinois
Erika Kreiner,"Chicago, IL",Illinois
CurtishaaRenaa©…©…,"Memphis, TN",Tennessee
Ran,"Chicago, IL",Illinois
Mack Smith,"Indianapolis, IN",Indiana
Rozay Chestnutt,"Warsaw, NC",North Carolina
Alicia Yamamoto,"Notre Dame, IN",Indiana
PoetLuffy,"San Francisco, CA",California
Jorge Perez,"Indio, CA",California
Walter White,TN,Tennessee
Jacoby Greer,Michigan,Michigan
SPLASH BROTHERS,"Chicago, IL",Illinois
Ken McCarty,"Hill Valley, California",California
Tim Slavik,"South Lyon, MI",Michigan
Florence CG,"Chicago, IL",Illinois
Contras,"Chiraq, IL",Illinois
Redskins fan ©…©…,"Oklahoma City, OK",Oklahoma
Michael Licata,"East Lansing, MI",Michigan
Mimi,"Chicago, IL",Illinois
Pat in the Mitt,"Grand Rapids, Michigan ",Michigan
Lansing State Journal,"Lansing, MI",Michigan
Hunter,"Virginia Beach, VA",Virginia
Deivid,"Chicago, IL",Illinois
Michelle,Michigan,Michigan
Jo,"Honolulu, HI",Hawaii
Football Era,"New York, NY",New York
Lillian Mackenzie,"Chicago, IL",Illinois
苜 Q掭,"East Lansing, MI",Michigan
David Dominiak,"East Lansing, MI - Chicago, IL",Illinois
Bridgette Guenette,"Lansing, MI",Michigan
Vidur Khurana,"East Lansing, MI",Michigan
Travis Kapp,"Detroit, MI",Michigan
Justin David Kish,"Tempe, Arizona",Arizona
Shaney Wilson,"Toledo, Ohio ",Ohio
Keaton,"Chicago, IL",Illinois
zmkanweb,"Hebron, KY",Kentucky
Eddie Miranda,"Chicago, IL",Illinois
CagedNrealitY Quotes,"Atlanta, GA",Georgia
Summer Sixteen,"Michigan City, IN",Indiana
MSU Archery Club,"East Lansing, MI",Michigan
Seth Forman,"West Bloomfield Township, MI",Michigan
PALACE©…©…,"Chicago, IL",Illinois
Michael Frush,"East Lansing, MI",Michigan
Lanyjah Cobbs Jones,"Milwaukee, WI",Wisconsin
Devin,"Wixom, MI",Michigan
Matt Kalinowski,"Worcester, MA",Massachusetts
Chef Jordan,"Louisville, KY",Kentucky
SportfanDC,Washington,Washington
jab21,"Chicago, IL",Illinois
Nando Z.,"Little Village, IL",Illinois
kevin,"Rocky River, OH",Ohio
Tenny's Daycare,"Monterey, CA",California
Ben Kloss,"Waukegan, IL",Illinois
John,"Lansing, MI",Michigan
Michael Yaeger,"Hinsdale, IL",Illinois
Producer 9-0,"Kansas City, MO",Missouri
Mindie Kniss,"Scottsdale, Arizona",Arizona
Vince Casalino,"Chicago, IL",Illinois
Tyler VK,"Austin, TX",Texas
Dan,"Tampa, FL",Florida
©…©…WasteGod唉™,"Indianola, MS",Mississippi
OYL Films,"Tucker, GA",Georgia
A,"Los Angeles, CA",California
Witek,"Chicago, IL",Illinois
sako but actually gohan©…©…,"East Lansing, MI",Michigan
Jordan Dicksen,"Tempe, AZ",Arizona
SR,"Chicago, IL",Illinois
Vince Coniglio,"Crown Point, IN",Indiana
Joey Klecka,"Kenai, AK",Alaska
Heather Pollack,"Chicago, IL",Illinois
Jake,"Champaign, IL",Illinois
Oscar Fernandez,"Chicago, IL",Illinois
OG_SaintPablo,"Chicago, Illinois ",Illinois
Michael B. Hefner,"Chicago, IL",Illinois
Starr_Struck_ENT©…©…,"Kalamazoo, MI",Michigan
John_John,"Utica, NY",New York
Anil Bajaj,"Chicago, IL",Illinois
Jordan Sherwood,"Delray Beach, FL",Florida
Drew Linger,"Los Angeles, CA",California
Zavier Hidalgv ©…©…,"Los Angeles, CA",California
Ashor DeKelaita,"Chicago, IL",Illinois
Nirali,NJ,New jersey
Charlo's MILF,"East Lansing, MI",Michigan
Joshy,"Peotone, IL",Illinois
Rodney Lightfoot,"Nashville, TN",Tennessee
AJ Vetter,"Chicago, IL",Illinois
bobby,"Round Rock, TX",Texas
Meg Oswill,"Okemos, MI ",Michigan
Joshua Friesen,"Crystal Lake, IL",Illinois
Ben,"Centerville, OH",Ohio
1 310-994-3608,"Willowbrook, CA",California
Gray,"Denver, CO",Colorado
Liz Rolands,"Royal Oak, MI",Michigan
WILL©…©…,"Detroit, MI",Michigan
Warner,"Rockford, MI",Michigan
Coach Avery III,"East Lansing, MI",Michigan
Richard,"Chicago, IL",Illinois
Star Williams,"Detroit, Michigan",Michigan
Elijah Kyle,"Olive Branch, MS",Mississippi
Hami Arain,IL,Illinois
Bryan Beyer,"Chicago, IL",Illinois
Charles Allen,"Chicago, IL",Illinois
Huey,"Holt, MI",Michigan
Patrick Betts,"Crest Hill ,IL",Illinois
Quincy Williams,"Lansing, MI",Michigan
BUILD Chicago,"Chicago, IL",Illinois
Kevin Swift,"Waverly, MI",Michigan
Nic Boal,"Dallas, TX",Texas
Tyler Hamilton,Iowa,Iowa
Chad Nelson,"Cedar Falls, IA",Iowa
Erica Monahan,"Chelsea, MI",Michigan
Connery Calkins,"Goodrich, MI",Michigan
ktal,"Chicago, IL",Illinois
Ryan Mitchell,"Chelsea, MI",Michigan
dchatterjee,"Minneapolis, MN",Minnesota
Eric Padden,"Southington, CT",Connecticut
Axel Delaghetto,"Elizabeth, NJ",New jersey
Fehinti Akande,"Farmington Hills, MI",Michigan
Alisandra©…©…©…©…,"Pleasant Grove, UT",Utah
Alex Sroka,"Chicago, IL",Illinois
Jeremy Dump,"Sidney, MT",Montana
Beth Flaten,"La Crosse, WI",Wisconsin
Bob,"Bentonville, AR",Arkansas
Sonny Del Rosario,"Chicago, Illinois",Illinois
Michelle,IL,Illinois
Griffin Foster,"Maryville, TN",Tennessee
MSUAlaina,"East Lansing, MI",Michigan
Mack Seymour,"Orlando, FL",Florida
Tate ©…©…©…©…,"Wabash, IN",Indiana
Melissa Hoover,"East Lansing, MI",Michigan
Amy Houser,"Holt, MI",Michigan
Nicholas,"New York, NY",New York
Michael Falsey,"Chicago, IL",Illinois
Lurui Yu,"Minneapolis, MN",Minnesota
Elise,Michigan,Michigan
Nathan wilson,"Lansing, MI",Michigan
3pm Media,Georgia,Georgia
Pham Thanh Huong,"San Francisco, CA",California
Sydney,"Lansing, MI",Michigan
Klay Thompson,"Oakland, CA",California
Connor Drake,"Austin, TX",Texas
Yakferd,"Detroit, MI",Michigan
Anna Gogidze,Georgia,Georgia
Joshua Smolik,Texas,Texas
"aaaront!""","Losoya, Texas ",Texas
Kylie,"St George, UT",Utah
Brady Chambers,"Muscatine, IA",Iowa
Amanda Amsterdam,"East Lansing, MI",Michigan
Tiffany Babcock,"Fort Collins, CO",Colorado
Jayce Hernandez ©…©…,"East Lansing, MI",Michigan
Gabe,Michigan ,Michigan
Green,"Maywood, IL",Illinois
thevvindycity,"Chicago, IL",Illinois
Louis Kotsakis,"Kirkland, WA",Washington
Mike,"Sturbridge, MA",Massachusetts
Overdosed_Llama,"Chicago, IL",Illinois
Jesus M. Velazquez,"Urbana, IL",Illinois
Diana Ferrer,"Lansing, MI",Michigan
Cbabe98,"Chicago, IL",Illinois
DrkSknnsia_,"Lansing, MI",Michigan
macie herren,"Fowlerville, MI",Michigan
jamie klimson,"Naperville, IL",Illinois
Tommy Twardecki,"Dearborn, MI",Michigan
Marcus williams,Michigan,Michigan
D Truman,"Cleveland, OH",Ohio
Omar Uddin,"Chicago, IL",Illinois
Kimberly Luna,"El Paso, TX",Texas
©…©…©…©…©…©…睛™,"Atlanta, GA",Georgia
Arvin Sujanani,"Mundelein, IL",Illinois
Miranda,"San Antonio, TX",Texas
Not A Ricer,"Chicago, IL",Illinois
Dallas.Chandler28,"Frederick, OK",Oklahoma
SHEED.TV,"Lansing, MI",Michigan
Raudel Munoz,"Chicago, IL",Illinois
Megan Palazzolo,"Moorhead, MN",Minnesota
TRN WOLF,"Santa Maria, CA",California
Blue Belle,"West Monroe, MI",Michigan
Emilio hernandez,"Lansing, MI",Michigan
f&™TheSocialMedium f&™,"Providence, RI",Rhode island
James Evans,"Midland, MI",Michigan
Teri Ann Whitney,"Lansing, MI",Michigan
Pedro Sandoval,"Lansing, MI",Michigan
McLain Shearin,"Mount Pleasant, MI",Michigan
Tory Jones,"Markham, IL",Illinois
Bo Esco,"Memphis, TN",Tennessee
dwizthekid,"Grand Rapids, MI",Michigan
E ©…©…,"LAKE COUNTY, IL",Illinois
Michael Tyler,"Lansing, MI",Michigan
Ryan Mullins,"Bend, OR",Oregon
WILK,"Boulder, CO",Colorado
Germaine  McPipe,Michigan,Michigan
Haley Muno,"Chicago, IL",Illinois
Raisin Bran,"The Poconos, Pennsylvania",Pennsylvania
Stunner Baby Mag,"Chicago, IL",Illinois
Evelyn,"Puyallup, WA",Washington
Kyle Patrick Stanton,"Chicago, IL",Illinois
GOOD Music Golden Child,"Chicago, IL",Illinois
Knight Commission,"Miami, FL",Florida
JennellT&,"Toledo, OH",Ohio
KL Evans,"Chicago, Illinois",Illinois
Eddie Sobodash,"Charlotte, NC",North Carolina
s镅&t,"Manhattan, NY",New York
Mirium maldonado,"DeWitt, MI",Michigan
Neil Sahai,"Chicago, IL",Illinois
Austin Hobbs,"Salt Lake City, UT",Utah
Robert Richards,Indianapolis ,Indianapolis
William Naylor,"Los Angeles, CA",California
Sam Adams,"North Little Rock, AR",Arkansas
Jose Sanchez,"Plainfield, IL",Illinois
NBA INSIDER,"Queens, NY",New York
Steph Nunez,"Grand Forks, ND",North Dakota
Zach Surdenik,"Lansing, MI",Michigan
Josh Cowles,"Mount Pleasant, MI",Michigan
CoalHouse_OBM,"New York, NY",New York
Jerome Rogers,"Charlotte, NC",North Carolina
"Pedro Chavez, Jr.","Lansing, MI",Michigan
Iczman Yang,"Lansing, MI",Michigan
Vada Jo,"Lansing, MI",Michigan
Hunter Hart,"East Lansing, MI",Michigan
clinton gould,"Lansing, MI",Michigan
Joshua Idachaba,Missouri,Missouri
Joann Weil,"Holt, MI",Michigan
M J,"408, CA",California
Samarthshah,"Chicago, IL",Illinois
Noah,"Modesto, CA",California
JUSTIN CARPENTER,"East Lansing, MI",Michigan
Luke Turner,Lansing,Lansing
TLGDoylestown,"Doylestown, PA",Pennsylvania
Nikki Sanders,"Minneapolis, MN",Minnesota
Eric Remillard,"Fenton, MI",Michigan
dubb,"East Lansing, MI",Michigan
person on a website,"Columbus, OH",Ohio
Breverend Buell,"Mount Pleasant, MI ",Michigan
Ravens Basketball,"Detroit, MI",Michigan
John Tull,"East Lansing, MI",Michigan
Mike Carter,"Las Vegas, NV",Nevada
John Kalmar,"Detroit, MI",Michigan
D Machado,"Mascoutah, IL",Illinois
Rafay Khan,"Chicago, IL",Illinois
Big Fireworks,"Lansing, MI Fort Mill, SC",South carolina
Robert Parchman,"Chicago,IL",Illinois
Ricardo Henriquez,"Miami, FL",Florida
Larry keck,"Tecumseh, MI",Michigan
Sammy Frieri,"Chicago, IL",Illinois
Adrain Liles,"Wadesboro, NC",North Carolina
Civchood Landlord,"Madison Heights, MI Flint,MI",Michigan
Justin Durham,"Detroit, MI",Michigan
Michael Landa,"Chicago, IL",Illinois
Kody Carpenter,"East Lansing, MI",Michigan
Impressions n Shotz,"Chicago, IL",Illinois
=0™alachi Walker,"Flint, MI",Michigan
Michael J. Martin,"East Lansing, MI",Michigan
Coach Best,"Fennville, MI",Michigan
Derrick Chua ©…©…,"Irvine, CA",California
Eddie Daley,"DeWitt, MI",Michigan
Austin Harper,"Miami, FL",Florida
Samaki Walker,"Los Angeles, CA",California
Yongrui Mi,"East Lansing, MI",Michigan
Izzy Gonzalez,"North Riverside, IL",Illinois
Justin Lewis,"Chicago, IL",Illinois
Cardell,"Zachary, LA",Louisiana
Alex,"Chicago, IL",Illinois
Jordan J. Milks,"Olean, NY",New York
Yamaris ©…©…,"Hernando, MS",Mississippi
Trey_Lind,"Chanute, KS",Kansas
Global Dreamchaser,"Chicago, IL",Illinois
John Schafer,"Ionia, MI",Michigan
Mary Liz,"Morrice, MI",Michigan
Mayteah Perry,"East Lansing, MI",Michigan
Jack Lewis,"Des Moines, IA",Iowa
Zack Patterson,"Charlotte, MI",Michigan
Ghost ©…©…©…©…©…©…,"Arlington, TX",Texas
Devin Geiger,"Lake Orion, MI",Michigan
Romell Bolton,"Chicago, IL",Illinois
Especial Cruz,"Alamo, TX",Texas
Efrain Mejia,"Chicago, IL",Illinois
Chicago Bulls News,"New York, NY",New York
Robert Outterbridge,"Philadelphia, PA",Pennsylvania
Casswatsup4,"Chicago, IL",Illinois
Young Savage,"Waukegan,IL",Illinois
Ashish Mathur,"Chicago, IL",Illinois
Faith Prep Warriors,"West Memphis, AR",Arkansas
JJ Thomas,Michigan,Michigan
Miles Satchwell,"Walton, KY",Kentucky
Manny,"Mattapan, Boston",Boston
Autumn Drake,"Tulsa, OK",Oklahoma
Mountkent,"Lansing, MI",Michigan
Shon Jerel Stout,"Noblesville, IN",Indiana
Todd Patrick,"New York, NY",New York
The 2L,"East Lansing, MI",Michigan
D0钒拾劝榘,"Corpus Christi, TX",Texas
Gymtyme,"Charlotte, MI",Michigan
Brett Schmitt,"Lowell, MA",Massachusetts
They call me Trae,"DeKalb, IL",Illinois
Adam Dubrawski,"Abington, MA",Massachusetts
Nancy Ocampo,"Chicago, IL",Illinois
layiet,"Austin, MN",Minnesota
Anthony Wisdom,"Chicago, IL",Illinois
Rodas Geb,"Okemos, MI",Michigan
Kyle Peters,"Philadelphia, PA",Pennsylvania
Chad Huber,Illinois,Illinois
Leigh Heseltine,"Chicago, IL",Illinois
Chris ©…©…©…©…,"Chicago, IL",Illinois
TReese82,"Goodlettsville ,TN",Tennessee
JON FRANKLIN,"Lansing, MI",Michigan
matt,"Cinco Ranch, TX",Texas
Uncle Dreww,"Morrison, IL",Illinois
Sergio Manzo,"Chicago, IL",Illinois
Sam Staniszewski,"Chicago,Illinois ",Illinois
Andrea Bejarano,"Chicago, IL ",Illinois
Longin,"Chicago, IL",Illinois
Scott Frankel,"Chicago, IL",Illinois
Phillip Gatsby,"Chicago, IL",Illinois
Corey Ford,"Bottom Of The Map,TX",Texas
Ronny Ryan,"Knoxville, TN",Tennessee
Deborah Rocha,"Chicago, IL",Illinois
Anthony Sandoval,"East Moline, Illinois",Illinois
Dylan Geiger,"Pickerington, OH",Ohio
DeMarco Monroe,"Evansville, IN",Indiana
Billdozer Chicago,"Chicago, IL",Illinois
la flame,"Saugatuck, MI",Michigan
Ryan Van Wyk,"Merrillville, IN",Indiana
Pablo,"Chicago, IL",Illinois
Carlos Trujillo,"Chicago, IL",Illinois
Renee Herro,"Volo, IL",Illinois
Ricky J. Royal,"Lansing, MI",Michigan
Deontae Sims,"Milwaukee, WI",Wisconsin
ReviewTheSpartans,"Jackson, MI",Michigan
Jeffrey,"Lansing, MI",Michigan
Mike J,"Fort Belvoir, VA",Virginia
Mia,"East Lansing, MI",Michigan
Lukemarlan,"Mason, MI",Michigan
DAE DAE,"Lansing, MI",Michigan
Brandon Valdo,"Grand Rapids, MI",Michigan
Rico Crowley Jr.,"South Haven, MI",Michigan
Michale chase,"Humboldt, IA",Iowa
Nick Quirk,"Lindenhurst, NY",New York
stacy fernandez,"East Lansing, MI",Michigan
DiagoLeeParsley©…©…,"Grandview, IN",Indiana
BleacherReport,"Los Angeles, CA",California
Dinwiddie Fans,"Brooklyn, NY",New York
Myesha,"Chicago, IL",Illinois
Bailey McGill,"Magnolia, MS",Mississippi
Bruceplaidboy,"Baraga, Michigan",Michigan
Key Hyuga,"Charlotte, NC",North Carolina
Susie Shoven,"Bourbonnais, IL",Illinois
Tahira Qaazi Qureshi,"Okemos, MI",Michigan
Lily Powell,"East Lansing, MI",Michigan
Russell Alger,"Oak Park, IL",Illinois
EQ '18,"Lansing, MI",Michigan
John,"Detroit, MI",Michigan
Joshua Garcia,"Miami, FL",Florida
Nik Valdiserri,"Notre Dame, IN/Wilmette, IL",Illinois
D. Dawson,"PQ-GB Hollow World Bpt, CT",Connecticut
trentonbutcher,"Grove City, OH",Ohio
ERIC CASAREZ,"Lubbock, TX",Texas
Isaiah Irwin,Iowa,Iowa
Pedro GomezLatorre,"Coral Gables, FL",Florida
Feldman Lansing,"Lansing, MI",Michigan
Matthew Rockwell,"Chicago, IL",Illinois
Lumber2Love,"Flushing, Michigan",Michigan
Reniya,"Livonia, MI",Michigan
King6NJames,"Cleveland, OH",Ohio
Brandon Kaelin,"Shelbyville, KY",Kentucky
Sandro Vega,"Normal, IL",Illinois
Matt,"Middletown, OH",Ohio
Trading Card Co-Op,"Raleigh, NC",North Carolina
chase,"East Lansing, MI",Michigan
sue osborne,"Holt, MI",Michigan
Ramaj Eroc,"Los Angeles, CA",California
Roomie Quotes,"East Lansing, MI",Michigan
Saeed,"Chico, CA",California
Nina Frappuccina,"Sandy Springs, GA",Georgia
Dulce,"Chicago, IL ",Illinois
Robert Adrian Daria,"Chicago, IL",Illinois
DwightCarnahan,Lansing,Lansing
KhanRad,"Cornfield, Illinois",Illinois
Billy Reich,"Elmhurst, IL",Illinois
Michelle B.,"Chicago, IL",Illinois
Destiny,"Jersey City, NJ",New jersey
aaron mejia,"Houston, TX",Texas
MSU JCC,"East Lansing, MI",Michigan
Dylan,"Chicago, IL",Illinois
Jerena,"Chicago, IL",Illinois
Kiing Coop,Texas,Texas
Nicky Joey,"Milwaukee, WI",Wisconsin
Christopher Sosa,"Chicago, IL",Illinois
Connor Gorrell,"Milwaukee, WI",Wisconsin
Trisha Donaldson,Michigan,Michigan
In Will We Trust,"College Park, MD",Maryland
Amanda,"Las Vegas, NV",Nevada
Peter JM,"Arlington, VA",Virginia
Alex Kerpan,"Kenosha, WI",Wisconsin
Brent sandige,"Asheville, NC",North Carolina
N.FIFE,"Chicago, IL",Illinois
Shawn Lepper,"Bronson, MI ",Michigan
Arnez,"Chicago, IL",Illinois
Bud,"Haslett, MI",Michigan
Trevor,"Lansing, MI",Michigan
Konrad Sadkowski,"Chicago, IL",Illinois
Gus,"Gym, TX",Texas
Andre,"Oswego, IL",Illinois
Lauren Ballewske,"Chicago, IL",Illinois
BRSE,"Portales, NM",New mexico
The Peachtree,"Aurora, IL",Illinois
Carter McCullen,"DeWitt, Michigan",Michigan
Jeff Galey,"Lansing, MI",Michigan
E James Potchen M.D.,"Okemos, MI",Michigan
Tim,"Okemos, MI",Michigan
Tony James,"Lockport, IL",Illinois
Jay ©…©…©…©…©…©…©…©…16 straight Ws ©…©…,"Boston, MA",Massachusetts
Troy Lockhart,"Alton, IL",Illinois
Silky Ash Williams,"New Orleans, LA",Louisiana
Adam Werbin,"Cooper City, FL",Florida
Aaron Jackson,"Edmond, OK",Oklahoma
mudflap,TX,Texas
Kush Desai,"Chicago, IL",Illinois
Kam ©…©…©…©…©…©…,"Sinton, TX",Texas
gretchen genello,"Garrison, MD",Maryland
FOOTBALL FREAK ©…©…©…©…,"Garland, TX",Texas
Rohit,"Chicago,IL",Illinois
TheReedGoforth,"Chicago, IL",Illinois
Red Dot,"West Hempstead, NY",New York
Andrew Barr,"Chicago, IL",Illinois
Carly Rabz,"East Lansing, MI",Michigan
noone,"Lansing, MI",Michigan
Grizzly,"Chicago, IL",Illinois
AnnJel,Michigan,Michigan
Forest Hills,"Forest Hills, MI",Michigan
Avto,Georgia,Georgia
Matthew Kurylo,"Davenport, Iowa",Iowa
beth avery,"Lansing, MI",Michigan
One Black Girl Left,"Columbia, SC",South carolina
Ashley R. Lee,"Lansing, MI",Michigan
Jessica Clem,"Kalamazoo, MI",Michigan
Ramon Singh,"La Porte, IN",Indiana
Ellen DiPietro,"Marshfield Hills, MA",Massachusetts
Caleb Dawkins,"Chesapeake, VA",Virginia
Tim Reusche,"Glenview, IL  Muncie, IN",Indiana
Sexton Athletics,"Lansing, MI",Michigan
Misses Jones,"East Lansing, MI",Michigan
Gage LeClair,"Chicago, IL",Illinois
Rick Carter,"Chicago, IL",Illinois
Mark Cheklich,"Detroit, MI",Michigan
Josh Jarmanning,"Boston, MA",Massachusetts
Mitch Lyons,"Rockford, Michigan",Michigan
Brad Williams,"Lansing/Detroit, Michigan",Michigan
Joe Beardsley,"Norton Shores, MI",Michigan
Seth Williams,"Derry, NH",New hampshire
Tyler Bey,"Minneapolis, MN",Minnesota
Lisa Groot,"Chicago, IL",Illinois
"xoxo buttercup""","Tampa, FL",Florida
ChrisTheMouth,"Haslett, MI",Michigan
lbj,"Dayton, OH",Ohio
Jeremiah A,"Chicago,IL",Illinois
Maria Isabel,"Chicago, IL",Illinois
Jeremy Fetty,Indiana,Indiana
Desiree' Slaughter,"Houston, TX",Texas
Lorinda Gory,TX,Texas
Amir,"Seattle, WA",Washington
Michael Do,"East Lansing, MI",Michigan
Mad Max.,"Poughkeepsie, NY",New York
The Crevice,"Manhattan, NY",New York
Connor Brady,"Chicago, IL",Illinois
Edgar,"New York, NY",New York
Brooke Miller,"Chicago, IL",Illinois
Adam Edward,"Portland, OR",Oregon
Demond Davis,"Chicago, IL",Illinois
Taylor,"East Lansing, MI",Michigan
Walter Leikett,"Lansing, MI",Michigan
Bud Somerville,"Detroit, MI",Michigan
©…©… TheReal_OllieK,"Lansing, MI",Michigan
.,"Dallas, TX",Texas
Kat Dexter,"Dimondale, MI",Michigan
sa sa,"New York, NY",New York
GarrettBoy,"Troy, MI",Michigan
Beni,"Margate City, NJ",New jersey
Byronn Jarrell,"Durham, NC ",North Carolina
Steve,"Boston, MA",Massachusetts
Veljko Vidakovic,"Chicago,Illinois",Illinois
T'Challa,"Lansing, Michigan",Michigan
Elijah,"New York, NY",New York
James West,"Dallas, Texas",Texas
kevin krauss,"Fresno, CA",California
Shawn Nelson,"Okemos, MI",Michigan
Stephon Frost,"Evanston, IL",Illinois
Alex,"Fountain Valley, CA",California
Alex Beis,"Memphis, TN",Tennessee
Los Angeles Rams,"Los Angeles, CA",California
Ben Donner,"Streator, IL",Illinois
Jordan©…©…,Maryland,Maryland
Plymouth Landing,"Williamston, MI",Michigan
CJ Wesolek,"East Lansing, MI",Michigan
"AGU+ +""","Rocky Mount, NC",North Carolina
Jat vO&™,"Chicago, IL",Illinois
R. Diddy &©…©…,"JonoWorld Chicago, IL",Illinois
Brad Balik,Michigan,Michigan
Gabriel,"Iowa City, IA",Iowa
Lori Erny,"Spring Lake, MI",Michigan
Kyle Tierney,"Oshkosh, WI",Wisconsin
Gus Patrick,"Toledo, OH",Ohio
Mackenzie Benson,"Cedar City, UT",Utah
Abel,"Boston, MA",Massachusetts
Mondrick_,"Fort Worth, TX",Texas
KevinWayne,"Chicago, IL",Illinois
B Fox,"Phoenix, AZ",Arizona
Shubi Goins,"Lansing, MI",Michigan
Brendon BeMent,"Los Angeles, CA",California
Wise Guy©…©…©…©…,"Flint, MI",Michigan
1400©…©…©…©…©…©…©…©…1600©…©…&™©…©…©…©…,"Miami, FL",Florida
Molly Smillon,"Grand Rapids, MI",Michigan
Jazra Williams,"Austin, TX",Texas
Nick©…©…,"Dallas, TX",Texas
Guy Layfield,"Scio, NY",New York
Roarke McAllister,"East Lansing, MI",Michigan
Dirty Thirty,"Saginaw, Michigan",Michigan
Hamish Fasan,"Brooklyn, NY",New York
MSU Hort. Farm,"3291 N. College Rd. Holt, MI",Michigan
Griffin,"Manchester, NH,  Rochester, NY",New York
Panagiotis Mpakos,"Los Angeles, CA",California
Brandon Begley,"Banks, OR",Oregon
Eddie Garcia,"Bakersfield, CA",California
Qichen Lin,"East Lansing, MI",Michigan
Brittney Thompson,"Lansing, MI",Michigan
D'™YUNGTOBZD'™,"Carson, CA",California
Zachary Rice,"Chicago, IL",Illinois
Prison Mike,"Scranton, PA",Pennsylvania
MSU Pre-Chiropractic,"East Lansing, MI",Michigan
All Love Basketball,"Bradley, IL",Illinois
Daniel Ferreiras,"Bronx, NY",New York
Robert White ©…©…,"Tampa, FL",Florida
Fatty Dix,"Chicago, IL",Illinois
Groovy Donuts EL,"East Lansing, MI",Michigan
De-Reck,"Chicago, IL",Illinois
Kristina Meeker,"Olivet, MI",Michigan
Buzztap,"Los Angeles, CA",California
Jaco,"Chicago, IL",Illinois
Tori Eliese rivera,"East Lansing, MI",Michigan
MD,"Aurora,IL",Illinois
www.WhoIsPavy.com,"Chicago, IL",Illinois
SportsGuy,California,California
Brian Hernandez,"Chicago, IL",Illinois
Nithanial,"Lansing, MI",Michigan
tommy,"Chicago, IL",Illinois
Bank Blake,"Lansing, MI",Michigan
Brad Rook,"Chicago, IL",Illinois
Ryan Forniss,"Puyallup, WA",Washington
Adam Cushman,"Chicago, IL",Illinois
Logan Maki,Michigan,Michigan
Wizard Kelly,"St. Joseph, MI",Michigan
Arjensen,"Lansing, MI",Michigan
Jen Jordan,"Skeetown, Michigan",Michigan
fola,"Atlanta, GA/ Chicago, IL",Illinois
Brian Robinson,"Clearwater, Florida",Florida
Glow Birmingham,"Birmingham, MI",Michigan
cherfoli,"Atlanta, Georgia",Georgia
Jordan Maier,"Grand Ledge, MI",Michigan
Ivan Salazar,"Elmwood Park, IL",Illinois
*In$ideThatcountz *,"Milwaukee,WI",Wisconsin
AVONTI©…©…©…©…©…©…©…©…,"Columbus, OH",Ohio
Tina,"Chicago, IL",Illinois
Daimon Beathea,"Leawood, KS",Kansas
Omar Hearst,"Philadelphia, PA",Pennsylvania
Ryan McCoy,"Manhattan, IL",Illinois
Michael Walsh,"Chicago, IL",Illinois
Ms. Tobias,"East Lansing, MI",Michigan
Dakota Davis,"Perry, MI",Michigan
Oscar Mendiola,"Berwyn, IL",Illinois
Alicia Daddario,"Utica, NY",New York
David Hess,"East Lansing, MI",Michigan
Mara Somlo,"Chicago, Illinois",Illinois
GC World Consulting,"Miami, FL",Florida
Suan,"East Lansing, MI",Michigan
kk,"Lansing, MI",Michigan
Jon Guthrie,"East Lansing, MI",Michigan
The Don Ravon,"Lincoln, NE",Nebraska
Taurie Miller,"Walker, MI",Michigan
Jianqing Hu,"East Lansing, MI",Michigan
Seen At MSU,"East Lansing, MI",Michigan
Jordan McCallister,"Portland, OR",Oregon
babyvvaeh©…©…©…©…©…©…©…©…©…©…,"East Lansing, MI",Michigan
Jordan,"Muncie, IN",Indiana
~.Swiggy Smalls.~,"Chicago, Illinois",Illinois
Jose,"Chicago, IL",Illinois
Isaac Harris,"Eugene, OR",Oregon
ung uro ©…©…,"North Las Vegas, NV",Nevada
Greg Cassoli,"Cambridge, MA",Massachusetts
Broad MBAA,"East Lansing, MI",Michigan
FazeBoy©…©…©…©…©…©…©…©…©…©…,"New Orleans, LA",Louisiana
Ben,"Lansing, MI",Michigan
tyasiaj,"Saginaw Township North, MI",Michigan
Zaqwon Powell,"East Lansing, MI",Michigan
paperchaser,Florida,Florida
the John Black,"Chattanooga, TN",Tennessee
Demond Ceaser,"Lawrence, Kansas",Kansas
MamaC6919,"Lansing, MI",Michigan
Quincy Bevineau,"Rockford, Illinois",Illinois
BrandoBoss,"Chicago, IL",Illinois
©…©…,"Pittsburgh, PA",Pennsylvania
Matthew Johnson,"Burbank, IL",Illinois
Lucas Withers,"Three Rivers, MI",Michigan
Nicole Rajadhyaksha,"Powell, OH",Ohio
Ltowns,"Lansing, MI",Michigan
Devon Thompson,"East Lansing, MI",Michigan
gus oswald,"Miles City, MT",Montana
Britt Buzz,"Toledo, OH",Ohio
Matt Falconi,"Chicago, IL",Illinois
LaneToth,"East Lansing, MI",Michigan
David garza,"Lansing, MI",Michigan
AFRE Undergrad,"East Lansing, MI",Michigan
Ebo Nation Music,"Detroit,Los Angeles,Columbus",Columbus
Dayvion Canady,"Topeka, KS",Kansas
"Blurry Solomon!S'""",Lansing,Lansing
{Not A Saint},"Atlanta, GA via Detroit, MI",Michigan
$cotty Bibben,"Atlanta, GA",Georgia
Tommy N,"Chicago, IL",Illinois
Arlandis Hickman,"Oakland, CA",California
Wendy Fine,"Chicago, IL",Illinois
good time benny,"Zanesville, OH",Ohio
zeshan hussain,"Chicago, IL",Illinois
©…©…,"South Bend, IN ",Indiana
Maximillian,"Pittsburgh, PA",Pennsylvania
JG,"Chicago. Aventura, FL",Florida
Garret Pierce,"Austin, TX",Texas
Drewseph &™©…©…,"Chicago, IL",Illinois
Papi Chulo,"Chicago, IL",Illinois
Chris Myers,"New Lenox, Illinois",Illinois
Alexis Marie,"Chicago, IL",Illinois
Renwei,"Austin, TX",Texas
King of Wakanda,"Dallas, TX",Texas
Frankie Prainito,"Warren, MI",Michigan
_Twinn ©…©…©…©…,"Lansing, MI",Michigan
Chris Frey Jr,"East Lansing, MI",Michigan
Cwest,"Inkster, MI",Michigan
Lisney Peterson,"Austin, TX",Texas
Christian Sanders,"Chicago, IL",Illinois
Dale Blum,"Romeoville, IL",Illinois
Garrick Baylie,"Chicago, IL",Illinois
Kalimah Johnson,"Detroit, Michigan",Michigan
Mike Leapley Jr,"Omaha, NE",Nebraska
Joshua,"North Las Vegas, NV",Nevada
Ryan Ruettiger,"Chicago, IL",Illinois
Jack Jack,"Lansing, MI",Michigan
ZHennnnderson,"Richmond, VA",Virginia
