V1,V2,V3
Josh cole,"Neptune, NJ",New jersey
Reese Hudson,"Humble, TX",Texas
Demetris Richardson,"Chicago, IL",Illinois
I need 10000 likes,"Columbus, OH",Ohio
L A A I L A,"Los Angeles, CA",California
raggedalarm3,"Florence, KY",Kentucky
NumbersLie,"Springfield, MA",Massachusetts
Ethan Brinkmeyer,"Clive, IA",Iowa
Kennedy Bailey,"Columbus, OH",Ohio
Pansy scibetta,"Gahanna, OH",Ohio
TriplePlayOhio,"Westerville, Ohio",Ohio
shawn rowser sr,"Cortland, NY",New York
Willie Hollowell,"Memphis, TN",Tennessee
John,"Beaumont, TX",Texas
Patrick Ryan,"Chicago, Illinois",Illinois
bball_4life#22,"Houston, TX",Texas
©…©…Rico J©…©…,"Richmond,VA",Virginia
Mitch James,"San Antonio, TX",Texas
aaliyah bess,"Chicago, IL",Illinois
Chivis©…©…©…©…,"Independence, MO",Missouri
Philip,"Albany, NY",New York
Dylan Cannon,"Lake City, FL",Florida
SMOOVEFAM FRASS,"Brooklyn, NY",New York
Cortney Roman,"Westerville, OH",Ohio
ASAP KILLA,"Norfolk, VA",Virginia
kings ransome,"New York, NY",New York
T&C,Texas,Texas
Rizz,"Roxbury, Boston",Boston
Jarret Sengelmann,"Chester, SD",South dakota
lyss,"Bakersfield, CA",California
Brian Rolff,"Las Vegas, NV",Nevada
Hudson Scofield,"Colorado Springs, CO",Colorado
taylor keesee,"Omaha, NE",Nebraska
cbg.dhani ©…©…,"Westwood, NJ",New jersey
Manny,"Los Angeles, CA",California
carver banker,"Moline, IL",Illinois
Tyler Novak,Wisconsin ,Wisconsin
Zander Dohn,"Athens, OH",Ohio
nate schlitt,"Jackson, MO",Missouri
©…©…©…©…™桅'™©…©…©…©…,"Tampa, FL",Florida
Aziza M,"Louisville, KY",Kentucky
Saint Anegam,"Santa Cruz Village, AZ",Arizona
King Kelly,"Denver, Colorado ",Colorado
Domenic James Ricci,"Brockton, MA",Massachusetts
Mrs. S. L. Billups,"Columbia, SC",South carolina
Treshon Masias,"Amarillo, TX",Texas
Caleb Steck,"Canton, IL",Illinois
Michael Mack,"Cambridge, OH",Ohio
Ethan Toal,"Buffalo, NY",New York
Chase Springs r0," West Palm Beach,Florida",Florida
The Purple and Gold,"Los Angeles, CA",California
Harold,"West Hollywood, CA",California
Calvin Collins,"Fort Myers, FL",Florida
Tommy Saunders,"East Syracuse, NY",New York
Luis Torres,"Madison, WI",Wisconsin
Surraya,"Los Angeles, CA",California
Sean,"Thousand Oaks, CA",California
Alisal Athletics,"Salinas, CA",California
Jay< ™©…©…©…©…,"Amarillo, TX",Texas
Joe Manny Hernandez,"San Fernando, CA",California
THEGREAT,"Staten Island, NY",New York
sam hills,"Salem,Oregon",Oregon
Alejandro,"Chicago, IL",Illinois
SuperDuper Kailah ©…©…,"Lawton, OK",Oklahoma
reginuhh04,"San Francisco, CA",California
Isaiah Jacobs,"Inglewood, CA",California
Tyrel,"Kamiah, Idaho",Idaho
Leonardo Perez,Colorado,Colorado
Christian Reed,"Los Angeles, CA",California
Kaleb,"Las Vegas, NV",Nevada
Goku black,"Columbus, OH",Ohio
Roy Minato,"Irvine, CA",California
Chrishon Cook,"Niagara Falls, NY",New York
Aaron Paule,"Huntington Beach, CA",California
Tommy,"Edina, MN",Minnesota
kim,"North Long Beach, CA",California
Reese,"Reno, NV",Nevada
Rody Ballesteros JR,"Seattle, WA",Washington
j.l,"Chicago, IL",Illinois
TG0310,"New York, NY",New York
The One,"Austin, TX",Texas
Shaquille,"Los Angeles, CA",California
Thomas Kennedy,"Homerville, GA",Georgia
Don,"Miami, FL",Florida
.68©…©…©…©…,"Flint, MI",Michigan
HakavellFoFn,"Newark, NJ",New jersey
Thickums(',"Los Angeles, CA",California
Nattiboicody,"Louisville, KY",Kentucky
Tyler Miller,"North Corbin, KY",Kentucky
sergio vega,"Holtville, CA",California
dustin bucket christopher,"Muncie, IN",Indiana
Kamani,"Aurora, Colorado",Colorado
Butch Quib,"Queens, NY",New York
Merritt Walker,"Durham, NC",North Carolina
Tyler Bennett,"Clermont, IN",Indiana
Bob Brown,"Tamarac, FL",Florida
Mathew,"Las Cruces, NM",New mexico
cmae,"Philadelphia, PA",Pennsylvania
lit David,"Houma, LA",Louisiana
Dee ©…©…©…©…,"Medford, NY",New York
JT Holmes,"Tempe, AZ",Arizona
Gio Ramirez,"Phoenix, AZ",Arizona
John Madden,"Philadelphia, PA",Pennsylvania
Sunny,"NY, NY",New York
Tim mcgee,"Cleveland Heights, OH",Ohio
Kayla Iricks,"Pikeville, KY",Kentucky
Michael Neal,"College Station, TX",Texas
Malik Strutchen,"Charlotte, NC",North Carolina
Mark,"Johnston, RI",Rhode island
xyrellemarcky,"Cleveland, OH",Ohio
John Stovall,"Portland, OR",Oregon
Kell$,"San Antonio, TX",Texas
Harned's Class,"Louisville, KY",Kentucky
kpq_S,"Renton,Washington",Washington
Christian Ramirez,"Fabens, TX",Texas
Briana Gastelum (',"San Diego, CA",California
Malik Harris,"Las Vegas, NV",Nevada
Angelo Garcia,"Denver, CO",Colorado
G Brar,"Chicago, IL",Illinois
Dan Jackelen,"Minneapolis, MN",Minnesota
Patrick Stratton,"Merrimack, NH",New hampshire
Alexis Kennedy,"Cincinnati, OH",Ohio
Huy Vu,"Westminster, CA",California
Rich Franco,"Rochester , NY",New York
Carol,"Brooklyn, NY",New York
Kendal Shae,"Long Beach, CA",California
.,GA,Georgia
Rob,"Bayonne, NJ",New jersey
J&N Sports,"Lincoln, NE",Nebraska
Dominic Zappone,"Terryville, CT",Connecticut
Mustafa Mufti,"Danbury, CT",Connecticut
Tuxy,"Brooklyn, NY",New York
Patrick Maflin,"New York, NY",New York
LLCOOLO,"Pensacola, FL",Florida
Rah_Bandz22,"Lincoln Heights, OH",Ohio
Jackie,"Dix Hills, NY",New York
Mateuszz,NY,New York
Raheem Porter,"Pawnee, Indiana",Indiana
JR,"Lodi, CA",California
Kyle Schanzer,"New York, NY",New York
Anthony Ramsey,"Las Vegas, NV",Nevada
George C. Balazs,"New York, NY",New York
Trev,"Cedar City,UT ",Utah
Tyler Bey,"Minneapolis, MN",Minnesota
Kj Ward,"Lorain, OH",Ohio
Jeffrey©…©…,"Jersey City, NJ",New jersey
Emmanuel L. Butler,"Los Angeles, CA",California
Terrance Smith,Texas,Texas
Fred Barboza,"Portland, OR",Oregon
Joshua Robinson,"Dallas, TX",Texas
Chris Anthony,"Bergenfield, NJ",New jersey
Caitlin M,"Lafayette, LA",Louisiana
Xian©…©…,"Los Angeles, California",California
Brandon Simpson,"Tallahassee, FL",Florida
Aiden Standridge,"Phoenix, AZ",Arizona
chriscanup,"Charlotte, NC",North Carolina
Tyler DeSimone,"East Meadow, NY",New York
Jordan Bernstein,"Chicago, IL",Illinois
KILLAXUZI©…©…©…©…ˇ,"Memphis, TN",Tennessee
Mike Kleiman,"Cranford, NJ",New jersey
I like turtles,Maryland ,Maryland
BiG FooT,NJ,New jersey
Rob Szczerba,"Binghamton, NY",New York
LANDEROS,"Oxnard, CA",California
Reggie,"Jackson, MS",Mississippi
edward,"Iowa City, IA",Iowa
Francisco Vazquez,"Salt Lake City, Utah",Utah
Dru Kotleba,"Long Beach, CA",California
Cesar Aguirre,"Phoenix, AZ",Arizona
Reginaldtraceylong,"Charlotte, NC",North Carolina
Daddy D-Ray,"Monroe, LA",Louisiana
Tre,"Nashville, TN",Tennessee
Robert Lee Burrell,"Woodlawn, MD",Maryland
Zyshaun Daveon Harri,"Charlotte, NC",North Carolina
Jophan S. Letterman,"Montana City, Montana",Montana
Jiovanni Franklin,"Anchorage, AK ",Alaska
Alejandro ©…©…©…©…©…©…©…©…,"Memphis, TN",Tennessee
Jaedin,"Denver, CO",Colorado
Marjorie Kidd,"Anaheim, CA",California
Josh Gutierrez,"Troutdale, OR",Oregon
Alejandrina,"Santa Ana, CA",California
Andrew Gonzales,"Houston, TX",Texas
kd™a™ti,"Dixon, IL",Illinois
Sam voege,"Greenlawn, NY",New York
Juliet A. Rodriguez,"Manchester, CT",Connecticut
Blaze Hendrix,"Hanford, CA",California
Goat Moves ©…©…©…©…©…©…©…©…,"Lackawanna, NY",New York
Raiders/Lakers Fan,"Santa Rosa, CA",California
Shadon Shannon,"Lincoln, NE",Nebraska
Sam McKenney,"Dover, NH",New hampshire
Zaki Bhatti,"Elkridge, MD",Maryland
jon gionis,"Buffalo, NY",New York
Karter Smith,"Brookhaven, MS",Mississippi
Jay Estupinan,"Bossier City, LA",Louisiana
Eric Taylor,"Buffalo, NY",New York
daniel sweetland,"Orange, CA",California
QueenBee©…©…e&™,"Lakeville, MN",Minnesota
Paul Tomlinson,"Lytle, TX",Texas
Omar Bati,"St Cloud, MN",Minnesota
Daniel Guzman,"Manhattan, NY",New York
Caleb,"Lander, WY",Wyoming
Ryan Harrison Sr.,"Sacramento, CA",California
Tiffany Esmailian,"Los Angeles, CA",California
Victoria Locklear,"Kinston, NC",North Carolina
Aaron Troe,"Minneapolis, MN",Minnesota
calmo,"Fairbanks, AK",Alaska
Reid Pearsall,"West Islip, NY",New York
Kevin,"Cleveland, OH",Ohio
Sam Finkel,"Yardley, PA",Pennsylvania
Ryan Deak,"Alexandria, VA",Virginia
D Clark,"Gallipolis, OH",Ohio
Magic Charm©…©…,"Baton Rouge, LA",Louisiana
Moheezy,"Louisville, KY",Kentucky
Desiree Price,"Columbus, OH",Ohio
blank,"Medicine Lake, MN",Minnesota
Michael Broadhead,"San Antonio, Texas",Texas
josh shua,Indiana,Indiana
GOD,"Colorado Springs, CO",Colorado
...,"San Diego, CA",California
Dot,"Cleveland, TX",Texas
Luke Bell,"Manhattan Beach, CA",California
TMac ©…©…©…©…酽™,"Chicago, IL",Illinois
Asan Armani,"Apple Valley, CA",California
Greg Mailhot,"Manchester, NH",New hampshire
J Gold,"Queens, NY",New York
iSnag TMT,"Galloway, NJ",New jersey
Edwin Aristilde,"Brooklyn, NY",New York
Ulysses Barron,"Compton, CA",California
Miss Malcolm,"Atlanta, GA",Georgia
Michael E. Kinster,"Columbus, Ohio",Ohio
..mjf..,"Brooklyn, NY",New York
Anttheknee,"Bethel, CT",Connecticut
Logan Turner,"Atlanta, GA",Georgia
Antwan,"Belleville, IL",Illinois
Paul Sublette,"Redding, CA",California
Executive Billiards,"White Plains, NY",New York
Jaileen Lopez,"New Bedford, MA",Massachusetts
Jason Greenawald,"Newport, OR",Oregon
Chris Juarbe,"Dacula,Georgia",Georgia
Caprice Griffin,"Champaign, IL",Illinois
andre appiah,"Pocatello, ID",Idaho
Bobby Bowen ll,"Clarksville, TN",Tennessee
Josh Stellflug,"Coeur d'Alene, ID",Idaho
Leo Salinas,"Lake Jackson, TX",Texas
Isaac Atwood,"Palm Coast, FL",Florida
Thomas,"Arlington, WA",Washington
Devonte,Georgia,Georgia
Grant McKisick,"Hot Springs, AR",Arkansas
Adam Troll,"Compton, NY",New York
Reyes,"Orland Hills, IL",Illinois
Giovanni ortega,"Chicago, IL",Illinois
Aaron Gray ©…©…,"Providence, RI",Rhode island
Carlos Figueroa,"Pasadena, CA",California
B$RG,"Yucca Valley, CA",California
Knox,"DeLand, FL",Florida
Jordan Myrick,"Brooklyn, NY",New York
rocky,"Riverside, CA",California
Chase Kinzinger,"Cedar Springs, MI",Michigan
Andrew Hensley,"Gate City, VA",Virginia
RL_5,"Monrovia, CA",California
Jt Hewitt,"Lansing,MI",Michigan
Kristen Cady,"Cincinnati,OH",Ohio
Davon Pearson,"Eastpointe,Michigan",Michigan
dducee©…©…!,"New Orleans, LA",Louisiana
chris hunt,"Columbus, OH",Ohio
Austin Vazquez,"Pleasant Prairie, WI",Wisconsin
Dylan Smith,"Santa Rosa, CA",California
funky dialed,"Mount Washington, KY",Kentucky
Juanˇ™,"Houston, TX",Texas
Jose Antonio Rivera,"Worcester, MA",Massachusetts
Carlos,"Santa Ana, CA",California
ANGELA,"York, SC",South carolina
JUNE 21st,"Hope Mills, NC",North Carolina
jake.,"Columbus, OH",Ohio
Kyle LaFemina,"Boulder, CO",Colorado
Manny De La Rosa,"Houston, TX",Texas
Matt V,"New York, NY",New York
Kristy Garrett Cowley,"Louisville, KY",Kentucky
basketball head.,"Los Angeles, CA",California
Coochie Crook,"Tempe, AZ",Arizona
Antonio Gonzalez,"Moreno Valley, CA",California
Grant Porter,"Howell, MI",Michigan
Manrup Singh Virk,"Shawnee, KS",Kansas
Go,"Grove City, OH",Ohio
Bryce Barnett,"Iowa City, IA",Iowa
Will O'Brien,Massachusetts ,Massachusetts
LOADING.......,"Greenville, SC",South carolina
Bryan Ramirez,"Malibu, CA",California
B-Money,"Round Lake, IL",Illinois
Rose Ceremony,"Berkeley, CA",California
Avion Gibson,"Milwaukee, WI",Wisconsin
Devin Padelford,"Maplewood, MN",Minnesota
Yuisa Rivera,"Houston, TX",Texas
Wilbur Speights jr.,"St. Pete, FL ",Florida
BandMan Black,"Akron, OH",Ohio
~0M0S0u,"Gahanna, OH",Ohio
Rafael Nuguid,"Los Angeles, CA",California
Ethan Jefferson,"Westerville, OH",Ohio
Pull Up ©…©…©…©…©…©…©…©…,"Lafayette, LA",Louisiana
Ameer Adel,"Weatherford, TX",Texas
Darnell,"White Plains, NY",New York
Carrie Summitt,"Shelbyville, KY",Kentucky
Alex Alvarado,"Cerritos, CA",California
Caleb Byrd,"Fleming Island, FL",Florida
Malik Kaba-Diakite,"Ann Arbor, MI",Michigan
Max Withers,"Huntington, WV",West Virginia
Houseables,"Huntington Beach, CA",California
Eric,"Riverside, CA",California
24kontaigous,"Aurora, CO",Colorado
Mike Schlictman,"Chicago, IL",Illinois
Sam Woodruff,"Omaha, NE",Nebraska
Anthony Mastro,"Old Bridge, NJ",New jersey
Flomatic Justice,"Providence, RI",Rhode island
Jake Cooper,"Goodrich, MI",Michigan
Zac,"Portland, OR",Oregon
Cristian Gabuardi,"Miami, FL",Florida
uncle mando ©…©…©…©…,"Northeast Park Hill, Denver",Denver
Deontre Johnlouis Jr,"Norwalk, CA",California
ICYJ ©…©…,"Albuquerque, NM",New mexico
Crazy_Zans,"Fairburn, GA",Georgia
Morell Jones,"Long Beach, CA",California
TheRealLuisToFr3sh,"Allentown, PA",Pennsylvania
Big chukey,"Milwaukee, WI",Wisconsin
Alberto Estrada Jr,"San Antonio, TX",Texas
Ameesh Ahluwalia,"San Jose, CA",California
Mitch Holder,"Marshall, MO",Missouri
Gabe McDonnell,"Pennington, NJ",New jersey
Tiff'Ani,Atlanta,Atlanta
Young Visionz,"Chula Vista, CA",California
Lx,"Canton, GA",Georgia
Edward Nuu,"Bakersfield, CA",California
Sasha liu,"Arcadia, CA",California
Nancy Seger,"Broadway, Ohio",Ohio
Reyes (jr) Ponce,"Moreno Valley, CA",California
David,"Adrian, MI",Michigan
atinom,"Columbus, OH",Ohio
Sa'Von Newsome,Indiana ,Indiana
K     ©…©…©…©…,"Houston, TX",Texas
Angel©…©… Estevan©…©…,"Fort Worth, TX",Texas
lil bullshit,"Chapel Hill, NC",North Carolina
The 2016-2016 Historic Warriors Blew a 3-1 lead,"Cleveland, OH",Ohio
David Mahoney47,"Luray, VA",Virginia
Teandra Burns,VA,Virginia
braa kwaku,"Middlesex, NJ",New jersey
HSL,"粮 办 祭1临 / Great Neck, NY",New York
M.T.E Marketing Group,"Columbus, OH",Ohio
Quincy Yard,"Monroe, NC",North Carolina
Isaac,"Dover, NH",New hampshire
JG©…©…,"Niles, IL",Illinois
Raphael,"Bronx, NY",New York
JJ,"Chandler, AZ",Arizona
I Stay Cookin',"San Francisco, CA",California
Chelsea Camara,"Las Vegas, Nevada",Nevada
morgan spurlock,West Virginia,West Virginia
K E Y©…©…,"Houston, TX",Texas
Youtube @ IAm Jalen,LA,Louisiana
KeeToYourTeam©…©…,"Mesquite, TX",Texas
MadHatter,"Chicago, IL",Illinois
Boobie Miles,"Syracuse, NY",New York
Danny,"Portland, OR",Oregon
Jtrim21,"Waco, TX",Texas
J.BAY671,"P.H.I.L.A.D.E.L.P.H.I.A, PA",Pennsylvania
emelie,"Compton, CA",California
Burton Brown Sr.,"Pittsburgh, PA",Pennsylvania
Tony,Texas,Texas
Zach Foley,"Crab Orchard, WV",West Virginia
Ron Harrell,"Arlington, VA",Virginia
Jack Donovan,"Manhattan, NY",New York
Cole Stover,"Quicksburg, VA",Virginia
Jay Piva,Boston,Boston
marcos,"Alafaya, FL",Florida
Mr. Ong,"Ridgewood, NJ",New jersey
Steve R. Granados,"Los Angeles, CA",California
Fernando,"Atlantic City, NJ",New jersey
Johnathan,"Newberg, OR",Oregon
DEV &™,"Oklahoma City, OK",Oklahoma
Dominick Ellis,"Bettendorf, IA",Iowa
Tyler Harp,"Baton Rouge, LA",Louisiana
Hunter Travis,"Biloxi, MS",Mississippi
Diego,"Paramount, CA",California
Josh Thomas,"Inglewood, CA",California
DK,"Los Angeles, CA",California
Marcelle Cass,"Vista, CA",California
Ishmam,"New York, NY",New York
Sthefany Figueredo,"Sarasota, FL",Florida
Jeff Bachmann,"Philadelphia, PA",Pennsylvania
chief r0,"Pixburgh, PA~ Athens, OH",Ohio
John DePirri,"Branchburg, NJ",New jersey
kenny the one with neon guts ©…©…,"Knoxville, TN",Tennessee
Mareo ©…©…,"Angel Grove, CA",California
lumpiaman,"Portland, OR",Oregon
Wolf Warner,"BROOKLYN, NY",New York
jakemahl,"Scottsdale, AZ",Arizona
R&™LAND©…©…©…©…,"Denver, CO",Colorado
I....loading,"Sulphur Springs, TX",Texas
Jeff W,Oregon,Oregon
Erika,"San Jose, CA",California
Jorge Oyola Jr,"Harrison, NJ",New jersey
Zack Dahlia,"PK, NY",New York
©…©…,"Anchorage, AK",Alaska
Julian Marin,"Las Vegas, NV",Nevada
williamfahey12,"Wellesley, MA",Massachusetts
Conal O'Connor,"Lancaster, PA",Pennsylvania
YBNMEER,"Shell Point, SC",South carolina
Young Brown Boy ©…©…©…©…,"Brooklyn, NY",New York
Danjo,"Austin, TX",Texas
Joshua A. Benjamin,"Philadelphia, PA",Pennsylvania
