V1,V2,V3
Michael B Kaylor,"Noblesville, Indiana",Indiana
Sherry Oswalt,"Fishers, IN",Indiana
Georgina Marrero,"Miami, FL",Florida
Norma Allen,"Indianapolis, IN",Indiana
Paul Thomas Ramer,"Houston, TX",Texas
Todd Sanger,Indianapolis,Indianapolis
Opie Hughes,"Erie, PA",Pennsylvania
Josh Spicer,"Scottsburg, IN",Indiana
Sean Milligan,"Indianapolis, IN",Indiana
JT Holmes,"Tempe, AZ",Arizona
Darren Hughes,Indiana,Indiana
Danielle Battle,Indianapolis ,Indianapolis
Josh Herrington,"Indianapolis, Indiana",Indiana
rcblythe,"Indianapolis, IN",Indiana
Chris Milton,"Atwood, IN",Indiana
TJ MCNEW,"Papillion, NE",Nebraska
Jon Shelley,Indianapolis,Indianapolis
Mike Pissos,"Cleveland, OH",Ohio
rod,"Tupelo, MS",Mississippi
Ben Avril,MA,Massachusetts
Nicholas D'Onofrio,"Indianpolis, IN",Indiana
Robert Finchum,"Bloomington, Indiana",Indiana
Asta,"Chicago, IL",Illinois
Matt Jones,"Indianapolis, IN",Indiana
Brian Copenhaver,"Indianapolis, IN",Indiana
Ryan Harris,Indianapolis,Indianapolis
trophytroy,"Spokane, WA",Washington
Jacob delatorre,"Corona, CA",California
Parker Schaar,Ohio,Ohio
Enrique Calixtro,"Galloway, NJ",New jersey
Universe Klose,"Kearny, NJ",New jersey
Andrew Maze,"Westphalia, IN",Indiana
Kristen Jackson,"Cincinnati, OH",Ohio
Jeff Wheeler,"Cunot, IN",Indiana
Shan,"Carmel, IN",Indiana
Jeff Johnson,"Evansville, IN",Indiana
Cari Crowe,"Indianapolis, IN",Indiana
Patrick Evan Molohon,"Yakima, WA",Washington
Anand Cheruvu,"Edison, NJ",New jersey
WDB Highlights,"Seattle, WA",Washington
Danielle Pemble,"Spokane, Washington",Washington
Curtis Reeser,Indiana,Indiana
Behrmbo,"847, IL",Illinois
Tony Lopez,"Chicago, IL",Illinois
Tyler Massey,"San Angelo, TX",Texas
Julio Vasquez,"Wichita Falls, TX",Texas
James Shafer,"Charleston, WV",West Virginia
Joe Carter,"Philadelphia, PA ",Pennsylvania
Brian Ritter,"Carmel, IN",Indiana
Victoria Grace,Indianapolis,Indianapolis
mp,"Indianapolis, IN",Indiana
Max Neuhaus,"White Bear Lake, MN",Minnesota
Steve Maro,"New York, NY",New York
Patrick Anderson,"Indianapolis, IN",Indiana
Flask Kyrie,"Nashville, TN",Tennessee
Michael,NY,New York
Ryan Johnson,"Rohnert Park, CA",California
Oliver Maroney,"Portland, Oregon",Oregon
David Crull,"Indianapolis, IN",Indiana
L'Ass de Trfle,"Indianapolis, IN",Indiana
Jerry Pulliam,"Greenwood, IN",Indiana
Mark Day,"Beaverton, OR",Oregon
Zach Spicer,"Seymour, Indiana",Indiana
dave noel,Indianapolis,Indianapolis
Drew ©…©…,"Chicago, IL",Illinois
Michael Davisson,"Noblesville, IN",Indiana
Mason Hattabaugh,"South Bend, IN",Indiana
Michael Speaker,"Columbus, IN",Indiana
Scotty iz my name,"Winona Lake, IN",Indiana
Morgan Webster,"North Vernon, IN",Indiana
Big Green,"Indianapolis, IN",Indiana
kaitlyn,"Zionsville, IN",Indiana
Eric Domzalski,"Philadelphia,PA",Pennsylvania
Alex Haab,Indianapolis ,Indianapolis
Rick Brewer,Indiana ,Indiana
Pro Wrestling Walrus,"Farmingdale, NY",New York
Eck,"Jasper, IN",Indiana
Joe Mercer,"Indianapolis, IN",Indiana
TerryBorder,Indiana,Indiana
Drew,"Broad Ripple, IN",Indiana
David Dearing,"Indianapolis, IN",Indiana
Brad,Indiana,Indiana
PB,"North Side Indianapolis, IN",Indiana
J.Cooley,"Indianapolis, IN",Indiana
Cliff Brunt,"Oklahoma City, OK",Oklahoma
Sean Mintert,"West Lafayette, IN",Indiana
Gage Dooley,"Columbus, Indiana",Indiana
Ryan,"West Lafayette, IN",Indiana
Jacob Street,"Indianapolis, IN",Indiana
Drew Griffis,"Brownsburg, IN",Indiana
Davis,"Columbus, IN",Indiana
Tim McCord,"Indianapolis, IN",Indiana
Jacob Guernsey,"Henryville, Indiana",Indiana
GM at BR,"South Bend, IN",Indiana
Brian Snyder,"Spokane, WA",Washington
Arlan Finfrock,"Clifton, VA",Virginia
Kyle Blankenship,"Indianapolis, IN",Indiana
Nate Roof,"Indianapolis, IN",Indiana
Amy Greenway,"Indianapolis, IN",Indiana
Dylan Grissom,"Indianapolis, IN",Indiana
Patrick Hermiller,"Bloomington, IN",Indiana
Nisha,"Los Angeles, CA",California
Chris Ferguson,"Indianapolis, IN",Indiana
Clay McDaniel,"New Castle, IN",Indiana
Jay Schomburg,"Meridian, ID",Idaho
Mike Gaffney,"Indianapolis, IN",Indiana
Justin Masters,"The 765, Indiana",Indiana
matt haralson,"Norfolk, VA",Virginia
Pacers Updates/News,"Indianapolis, IN",Indiana
Jimmy Ray,"Muncie, IN",Indiana
Josh Whitson,"Avon, IN",Indiana
Jake Wingo,"Indianapolis, IN",Indiana
ptothehizard,Indianapolis,Indianapolis
Benson Lau,"Los Angeles, CA",California
Song Chengxuan,"San Francisco, CA",California
Priscilla Haralson,"Carmel, IN",Indiana
Marcus Haley,Indiana,Indiana
Meaghan Banks,"Indianapolis, IN",Indiana
Xavi Gispert,"Chicago, Illinois ",Illinois
Dalton Hamilton,Indiana,Indiana
Wes Beardtooth,"Indianapolis, Indiana",Indiana
Austin,"Dallas, TX",Texas
Danny Barnett,Indianapolis,Indianapolis
Alec Simmons,"Indianapolis, IN",Indiana
Adam,"Huntington, IN",Indiana
Steve Hadley,"Galveston, TX",Texas
Nicholas Smith,"Indianapolis, Indiana",Indiana
Chris Rains,"Indianapolis, IN",Indiana
tomrossmanith,"Jax, FL",Florida
Steven kuffer,"Louisville, KY",Kentucky
Pat Futscher,"Indianapolis, IN",Indiana
&YosemiteSam82&,"Indianapolis, IN",Indiana
Mitch Holder,"Marshall, MO",Missouri
Daniel Modelski,"Chicago, IL",Illinois
Hillary Edmondson,"Indianapolis, IN",Indiana
Tim Strunk,IN,Indiana
Josh Grider,"Plainfield, IN",Indiana
Jessica Jarboe,Indiana,Indiana
Sara Jones,Indianapolis,Indianapolis
Mitch Barnhill,"Indianapolis, IN",Indiana
MarciMarshall,Indiana,Indiana
Paul La Master,Indiana,Indiana
Blake Holman,"Voorhees, NJ",New jersey
Harry,"Richmond, IN",Indiana
Brian Perry,"Fort Wayne, IN",Indiana
Ilan Hernandez,"Spokane, WA",Washington
Brent Beck,"Chicago, IL",Illinois
James Roberson,"Near West, Indianapolis",Indianapolis
Brad A. Jester,"Griffin, GA",Georgia
Josiah Dinwiddie,"Springfield, MO",Missouri
"1LL!""",NY,New York
Graciela Keating,"Oklahoma City, OK",Oklahoma
Brett Bensley,"Indianapolis, IN",Indiana
Blake Wilson,"Phoenix, AZ",Arizona
Michael Phillips,"Oklahoma City, OK",Oklahoma
offsetcloth61,"St.Louis,MO",Missouri
Joe Molina,"Post Falls, Idaho",Idaho
Dallas Harris,"Anderson, IN",Indiana
Gabriel Via,"Spokane, WA",Washington
Drizzy Drake '™,"Indianapolis, IN",Indiana
Nick Ford,"Fort Wayne, IN",Indiana
Don Lain,Indianapolis,Indianapolis
Dane Warren,"Noblesville, IN",Indiana
Zeb Clark,"Alexandria,IN",Indiana
Eric Hayes,"Bloomington, IN",Indiana
Eli Reevis,"Ithaca, NY",New York
brendamarie,Indianapolis,Indianapolis
Melissa Scheetz,"Indianapolis, IN",Indiana
Mike Huya,"Albion, PA",Pennsylvania
Jeff Anderson,"Carmel, IN",Indiana
Jake,"Brownsburg, Indiana",Indiana
Chase Carroll,Indiana,Indiana
Nick Senior,"Baltimore, MD",Maryland
Dean Stahley,Indianapolis,Indianapolis
Adam McIntyre,"Louisville, KY",Kentucky
Joe Beckman,"Indianapolis, IN",Indiana
Jesse Pinkman,"Danville, Indiana",Indiana
Brandon French,"Indianapolis, IN",Indiana
Teresa B,"Plainfield, IN",Indiana
Hunter Leum,"Brownsburg, IN",Indiana
Jimmy Garcia,"San Diego, CA",California
Kailiang Shi,"Minneapolis, MN",Minnesota
Joey Foley,"Indianapolis,Indiana",Indiana
Conner McKenzie,"Joplin, MO",Missouri
Jason Rodriguez,"indianapolis, IN",Indiana
Ben Smith,"Minneapolis, MN",Minnesota
IndyStar Sports,"Indianapolis, IN",Indiana
Becky ya dig,"Indianapolis, IN",Indiana
Mark Tinsley Jr.,Indianapolis,Indianapolis
Matt Farkas,"Indianapolis, IN",Indiana
Jason Kinslow,"Indianapolis, IN",Indiana
David Roosa,"Seattle, WA",Washington
Jon Colby,Indianapolis,Indianapolis
Pablo BC,"Chicago, IL",Illinois
Molly McQuilkin,Connecticut,Connecticut
Kevin Montgomery,"Spokane, WA",Washington
Alexa Green,"Indianapolis, IN",Indiana
"…O…B…B…Y… 3…E…I…Z…E…""",Phoenix,Phoenix
Cory Bolt,"Indianapolis,IN  ",Indiana
Adrian Lawhorn,"Rossville, IN",Indiana
larry biddle,"Edinburgh, IN",Indiana
Derrik Judy !,"Plainfield, IN",Indiana
Franz Metzler,"Saint Petersburg, FL",Florida
Spencer Cobb,Indiana,Indiana
Matt Fox,"New Palestine, IN",Indiana
Adam Gross,"Orange County, CA",California
Jonas Kazlauskas,"Indianapolis, IN",Indiana
Ryan Mangus,Indianapolis ,Indianapolis
Lexie Dames,"Indianapolis, IN",Indiana
Carli Lewman,"Greenfield, IN",Indiana
Austen  Leake,"Terre Haute, IN",Indiana
Danny Perry,"Indianapolis, Indiana",Indiana
Abe Underhill,"Indianapolis, IN",Indiana
posh spice,"Fort Lauderdale, FL",Florida
Kanga,"Provo, UT",Utah
Naptown Nation,"Indianapolis, IN",Indiana
Andy Knies,"Evansville, IN",Indiana
Charlene,"Hollywood, FL",Florida
Shawn Olsen,Indianapolis,Indianapolis
April M,IN,Indiana
Joseph Olas,"Indianapolis, IN",Indiana
Ashley Peek,"Indianapolis, IN",Indiana
David Allen,"Indianapolis, Indiana ",Indiana
Real Estate Ryan,"Indianapolis, IN",Indiana
david gayler,Indianapolis,Indianapolis
XXXspeghation,"Atlanta, GA",Georgia
Aaron Prickett,"Brownsburg, IN",Indiana
Dave©…©…©…©…&©…©…,"Bronx, NY",New York
Heather Hudson,"Indianapolis, IN ",Indiana
Julie Day,"Spokane, WA",Washington
TRMink,"Indianapolis, Indiana",Indiana
Candace Janell,"Indianapolis, IN",Indiana
Scott Powell,"Brownsburg, IN",Indiana
Chad Cummings,"Indianapolis, Indiana",Indiana
Andrew Keller,"Washington, MO",Missouri
Juli,Indianapolis,Indianapolis
Victoria Schmutte,"Carmel, IN",Indiana
Gokenssj2,"Indianapolis, IN",Indiana
Steven Gansey,"Fort Wayne, IN",Indiana
Taylor Salley,"Lubbock, TX",Texas
Emily,"Noblesville, IN",Indiana
Dallas Altmire,"Carthage, NY",New York
FOX Sports Indiana,Indiana,Indiana
Hilda Biggins,"Portland, OR",Oregon
Justin Brown,"Greenwood, IN",Indiana
Kevin Hyland,"Indianapolis, IN",Indiana
Chris,"Tacoma, WA",Washington
Pacers Insiders,"Indianapolis, IN",Indiana
Charlie,Indiana,Indiana
Mohamad El Jarouch,"Toledo, OH",Ohio
Andrew Williams,"Fortville, IN",Indiana
kanye,"Atlanta, GA",Georgia
Greg ~Big G~ Smith,"Oklahoma City, OK",Oklahoma
Jacob Salazar,"Spokane, WA",Washington
Brad Blais,"Bristol, CT",Connecticut
Nick Hilliard,"Florida, NY",New York
2for1Hoops,"San Francisco, CA",California
Chris Jones,"Goshen, IN",Indiana
Ben Bustos Jr,"Cedar City, UT",Utah
Jim Stone,"Spokane, WA",Washington
Justin Tetreault,"Newport, VT",Vermont
Based Native ©…©…,"Queens, NY",New York
Kevin Barnhart,"Brownsburg, IN",Indiana
©…©…Derek Decosto©…©…,"Los Angeles, CA",California
Miyagi,"Oklahoma city,Oklahoma",Oklahoma
maryann lopez,"Havana, IL",Illinois
Crosby Hoffman,Indianapolis,Indianapolis
Matthew Zaletski,"Oakdale, PA",Pennsylvania
Gonzaga LYM Crew,"Spokane, WA",Washington
lucas tuhoy,"Indianapolis, IN",Indiana
Pacers Report,"Indianapolis, IN",Indiana
Reggie Smits,"Indianapolis, IN",Indiana
Austin Armendariz,"Tulsa, OK",Oklahoma
David Dill,"Spokane, WA",Washington
Paul Kading,"Norwalk, IA",Iowa
James Schutt,"Knightstown, IN",Indiana
Melanie grace,"Oklahoma City, OK",Oklahoma
Evan Massey,"Indianapolis, IN",Indiana
Lynn Dunlap,"Elk City, Oklahoma",Oklahoma
K. Reid,"Fort Lauderdale, FL",Florida
MikeyT,"Fishers, IN",Indiana
Kimmey Ritter,"Sapulpa, OK",Oklahoma
Katie Howell,"Oklahoma City, OK",Oklahoma
Rhen portwood,"Norman, OK",Oklahoma
Dom,"Syracuse, NY",New York
Bailey S. Brown,"Muskogee, Oklahoma",Oklahoma
Fourth Quarter Sport,"Chicago, IL",Illinois
Darrell Hykes,"Atlanta,  GA",Georgia
Jingram,"Indianapolis, IN",Indiana
Pittsburgh Phinchez,"Pittsburgh, PA",Pennsylvania
Harrison Higdon,"Edmond, OK",Oklahoma
Daric,"Spokane, WA",Washington
Steve Holliday,"New Palestine, IN",Indiana
Josh Dean,"Gilbert, AZ",Arizona
Dominic Morris,"Clarksville,TN",Tennessee
9-1 ©…©…,"Groveland, FL",Florida
Cinthya,"Oklahoma City, OK",Oklahoma
Adreanna Flores,"Oklahoma City, OK",Oklahoma
Seth Truman,"Clay,WV",West Virginia
Jeremy Andrew Knoke,"Oklahoma City, OK",Oklahoma
Eric Sharon,"Peoria, IL",Illinois
Ozzy Bear,"Defiance, OH",Ohio
Gonzaga S.A.A.C.,"Spokane, WA",Washington
Mandy,"Tulsa, OK",Oklahoma
Lamarcus Davis,"Columbia,SC",South carolina
Deedee,"Atlanta, GA",Georgia
Rhyan,"Vancouver, WA",Washington
Damien D. Bush,"Lawton, OK",Oklahoma
Amanda Ramirez,"New Cordell, OK",Oklahoma
Elliot Rivera AKA,"New York,NY",New York
Jason McCreary,Indianapolis,Indianapolis
Theadventuresofcatty,"Oklahoma City, OK",Oklahoma
Fiend Ass Nigga,"New York, NY",New York
Cheyanna Cook,"Oklahoma City, OK",Oklahoma
Nancy Elizabeth,"Bridge Creek, OK",Oklahoma
Daniel Clark,"Oklahoma City, OK",Oklahoma
Joey Garber,"Harrah, OK",Oklahoma
Melanie Krause,Oklahoma,Oklahoma
Greg Cassoli,"Cambridge, MA",Massachusetts
Alicia Wilson,"Oklahoma City, OK",Oklahoma
sconagel93,"Spokane, WA",Washington
Kiersten Rogers,"Oklahoma City, OK",Oklahoma
Barry Ramsay,"Spokane, WA",Washington
William English,"Indianapolis, IN",Indiana
Steve McCaffrey,Indiana,Indiana
fragmen,"Spokane, WA",Washington
Khalil Delice,"New York, NY",New York
Poopz Channel,"Brownsville, TX",Texas
Jordan Howlett,"Oklahoma City, OK",Oklahoma
BeaconOKC,"Oklahoma City, OK",Oklahoma
Sandra Dominguez,"Topeka, KS",Kansas
Timothy Manzanares,"Oklahoma City, OK",Oklahoma
 ,Georgia,Georgia
Alex Moser,"Syracuse, KS",Kansas
De'jon Slaughter,"Oklahoma City, OK",Oklahoma
Rob Slobbed Bobs Cob,"San Diego, CA",California
H J Toland III,"Kirkland, WA",Washington
Kez,Indiana,Indiana
©…©…,"Hialeah, FL",Florida
Ridwan Ahamed,"Oklahoma City, OK",Oklahoma
Konner Price,"Dallas, TX",Texas
Terrance Ferguson,"Tulsa, OK",Oklahoma
The ManCave,"Indianapolis, IN",Indiana
Matt Welsh,Indianapolis,Indianapolis
K,"Lincoln, NE",Nebraska
The Tailgate,"New York, NY",New York
Hudson Taylor,"Hoboken, NJ",New jersey
Brandon TOS,"Hudson Valley, NY",New York
SportZreport.com,"Indianapolis, IN & Chicago, IL",Illinois
Barber Dre,"San Antonio, TX",Texas
Stephen,"Los Angeles, CA",California
Kym Heckenkemper,"Tulsa, OK",Oklahoma
NooBask,"Oklahoma City, OK",Oklahoma
Brian,Indianapolis,Indianapolis
Stephana,"Stillwater, OK",Oklahoma
okc fan for life,"Columbus, OH",Ohio
Jake Maggiacomo,"Medford, NY",New York
FanSided,"New York, NY",New York
Elie,"Bronx, NY",New York
BOOKER & WARREN & ULIS &CHRISS & BENDER & JAMES,"Charlotte, NC",North Carolina
mohammed almadhlouh,"Denver,Colorado ",Colorado
Nic Hendrix,"Indianapolis, IN",Indiana
JT Schmidt,"Tacoma, WA",Washington
Aaron LIN,"Seattle, WA",Washington
Moreno,"Los Angeles, CA",California
Taidou Huang,"Eugene, OR",Oregon
Yanluis Martinez,"Charlotte, NC",North Carolina
Christofer Stein,"Scottsdale, AZ",Arizona
IG: Kevhunnid_405,"Oklahoma City, OK",Oklahoma
Sean Philson,"Pensacola, FL",Florida
"Roberta Ba
iulyt","Gunnison, CO",Colorado
AJ Riley,"Tell City, IN",Indiana
Nathan Keil,"Waco, TX",Texas
Gediminas Sereika,"Los Angeles, CA",California
Ewing Learning,"Nacogdoches, TX",Texas
Rachel Monster©…©…,"Portland, ME",Maine
MYKE-HYLTON,"Dallas, TX",Texas
Jim U - Zagsfan,"Carmel, IN",Indiana
Connor Matthews,"Princeton, NJ",New jersey
Kristie Larman,"Oklahoma City, OK",Oklahoma
Deshawn Mack,"Orangeburg, SC",South carolina
Max Margulis,"New York, NY",New York
Skyler Sadler,"Spokane, WA",Washington
Jorge Quiroz,"Oklahoma City, OK",Oklahoma
T-Kel,"Antioch, CA",California
J Walton,"Houston, TX",Texas
mel roberts,"Oklahoma City, OK",Oklahoma
Chris Anderson,"Coeur d'Alene, ID",Idaho
Tynerica Hawkins,"Oklahoma City, OK",Oklahoma
Shaunte Long,"Midwest City, OK",Oklahoma
StuffEverybodyLikes,"Spokane, WA",Washington
Bowser,"Indianapolis, IN",Indiana
Nyah Manuel,"Oklahoma City, OK",Oklahoma
HardyMack,"Oklahoma City, OK",Oklahoma
Jose Becerra©…©…,"Oakland, CA",California
John,"Oklahoma City, OK",Oklahoma
Josh,"Bartlesville, OK",Oklahoma
Upstream,"Oklahoma City, OK",Oklahoma
Hawks Nation,"Atlanta, GA",Georgia
Selrianator d',"Los Angeles, CA",California
Tamera Britton,"Moore, OK",Oklahoma
Mr.emoji,"Oklahoma City, OK",Oklahoma
Aaron,"Missoula, MT",Montana
Andrew Paul,"Oklahoma City, OK",Oklahoma
Beyounces,"Oklahoma City, OK",Oklahoma
Brooklyn O'Connor,"Edmond, OK",Oklahoma
caitlan and brooklyn,"Yukon, OK",Oklahoma
Gregrobertson,"The Village, OK",Oklahoma
MOTHAFUQING THUNDER,"Oklahoma City, OK",Oklahoma
Warrior Made,"Oklahoma City, OK",Oklahoma
Jon Thornberry,Indiana,Indiana
Nini,"Yukon, OK",Oklahoma
Zhaowen Luo,"Spokane, WA",Washington
Alexs Loare,"Hall Park, OK",Oklahoma
foolishwizard,"Las Vegas, NV",Nevada
Tyler Holtgrave,"Indianapolis, IN",Indiana
Doug Birge,"Phoenix, AZ",Arizona
Derek Robertson,"Indianapolis, IN",Indiana
The_Coach_Misha_,"Tampa, Florida",Florida
kee©…©…©…©…,"Fort Worth, TX",Texas
g,"Yukon, OK",Oklahoma
jayden miller,"Moore, OK",Oklahoma
Ella Bergstrand,"Silvis, IL",Illinois
Z.,"New Orleans, LA'™Katy,TX",Texas
Jack W.,Indianapolis,Indianapolis
Jason Cochran,"Noblesville, IN",Indiana
Todd Lukens,Indianapolis,Indianapolis
Garrett Catt,"Muncie, Indiana",Indiana
Sean Matthews,"San Diego, CA",California
Michael Fox,"Indianapolis, Indiana",Indiana
Nathan Park,"Alpharetta, GA",Georgia
Tarell L Collins,"Indianapolis, IN",Indiana
Beyounce Stewart,"Del City, OK",Oklahoma
Gavin Gruszewski,"Haubstadt, IN",Indiana
Jonathon Sharp,"Boise, ID",Idaho
Jarrod Robertson,"indianapolis, IN",Indiana
Hailey,"Spokane, WA",Washington
Ace Kennedy,Oklahoma City,Oklahoma City
Heather Hardcastle,Texas,Texas
Adam Bedford,"Kingfisher, OK",Oklahoma
Matt Cooper,"Fayetteville, AR",Arkansas
Nic Walters,"Avon, IN",Indiana
Jason Flick,"Yukon, OK",Oklahoma
Lukas Kotecki ©…©…©…©…,"Rochester, NY",New York
Mathew Seremet,"Latrobe, PA",Pennsylvania
Jared B. Martin,Georgia,Georgia
Micheal Alexander,"Grovespring, Missouri ",Missouri
Renae and Scott,"Edinburgh, IN",Indiana
Ryan O'Connor,"Los Angeles, CA",California
brad korby,"Valdosta, GA",Georgia
Stephen C. Thompson,"Carmel, IN -- Morgantown, WV",West Virginia
Thomas Bryant,"Virginia Beach, VA",Virginia
Ben Smith,"Hilton Head Island, SC",South carolina
©…©…Alisha LeeAnn©…©…,Indiana,Indiana
Logan Harper,IN,Indiana
Cody Parsons,Indiana,Indiana
Christian Dudley,Indiana,Indiana
Ryan Owens,Indiana,Indiana
Evan Floyd,"Greenwood, IN",Indiana
Chris Drubert,"Austin, TX",Texas
Jacob Krouse,"Indianapolis, IN",Indiana
Mark Joseph Boyle,Indianapolis,Indianapolis
WarCry apparel,"Oklahoma City, OK",Oklahoma
L&™too_cool_4_you89L&™,"Del City, OK",Oklahoma
James Rundle,"Carmel, IN",Indiana
Robert,"Charlotte, MI",Michigan
c&™Bradf&™,"Eau Claire, WI",Wisconsin
lilpelon0323@gmail.c,"Oklahoma City, OK",Oklahoma
Nasir Jr.©…©…+,"Charlotte, NC",North Carolina
Greg Sorvig,"Carmel & Indianapolis, IN",Indiana
gayen,"Oklahoma City, OK",Oklahoma
Breanna,"Las Vegas, NV",Nevada
Marc Yovanovich,"Indianapolis, IN",Indiana
John W Crumpler,"Oklahoma City, OK",Oklahoma
Reid Hartman-Teske,"Denver, CO",Colorado
Jesykah Khryst DUH,"Oklahoma City, OK",Oklahoma
Jusin Miller,"Sedro-Woolley, WA",Washington
Adrian Martin 睛,"Tampa, FL",Florida
"@症,""
toby shea""","Westfield, IN",Indiana
Bowzer唉,"Girard, OH",Ohio
KSM Entertainment,"Syracuse, NY",New York
