V1,V2,V3
T Shank,"Elk Grove,  CA",California
©…©…rollietyl10©…©…,"Turlock, CA",California
Christian Villere,"Sacramento, CA",California
JT Holmes,"Tempe, AZ",Arizona
NSC G League ©…©…,"Fremont, CA",California
Ryan Johnson,"Rohnert Park, CA",California
k r e a t u r e ESQ.,"Newport Beach, California ",California
Sacramento Kings TR,"Sacramento, CA",California
Dave©…©…©…©…&©…©…,"Bronx, NY",New York
Chris,"Schofield Barracks, HI",Hawaii
Josh Marbella,"Stanton, CA",California
/r/Kings,"Sacramento, CA",California
Jeff Marthers,"Erie, PA",Pennsylvania
Aloha Media Company,"Honolulu, HI",Hawaii
Based Native ©…©…,"Queens, NY",New York
Konner Price,"Dallas, TX",Texas
Brad Blais,"Bristol, CT",Connecticut
Glenda Still Bryant,Atlanta ,Atlanta
Darrell Hykes,"Atlanta,  GA",Georgia
Pittsburgh Phinchez,"Pittsburgh, PA",Pennsylvania
Dustin Toms,"Reno, NV",Nevada
Kings Gaming,"Sacramento, CA",California
Left Konstantinidis,"Boston, MA",Massachusetts
--------,"Denver, CO",Colorado
Def Pen Hoops,"Brooklyn, NY",New York
Debbie Reynolds,"Sacramento, CA",California
James Ham,"Auburn, CA",California
Francis Hua,"Sacramento, CA",California
PK,California,California
Deedee,"Atlanta, GA",Georgia
Scott Palmer,"Vacaville, CA",California
Ryan Smith,"Sacramento, CA",California
Poopz Channel,"Brownsville, TX",Texas
K,"Lincoln, NE",Nebraska
Emmanuel Basulto,"Sacramento, CA",California
John Rinehart,"Sacramento, CA",California
mohammed almadhlouh,"Denver,Colorado ",Colorado
Moreno,"Los Angeles, CA",California
Jessica Hagerty,"Roseville, CA",California
Harrison Moore,"San Diego, CA",California
MYKE-HYLTON,"Dallas, TX",Texas
Darrell Chambers,"San Jose, CA",California
Kelly Long,"Placerville, CA",California
Sean Cobb,"Albuquerque, NM",New mexico
Buscap,"Notre Dame, IN",Indiana
Brett Prentiss,"Sacramento, CA",California
WTF AZ Cardinals (Mr.Splasheen),AZ,Arizona
Ryan Johnson ©…©…,Sacramento,Sacramento
Mike Barnbaum,"Sacramento, California",California
Julian Andrade,"Sacramento, CA",California
Isaac,"Burnsville, MN",Minnesota
Beat Down Brown,"Youngstown, OH",Ohio
Ali Siddiqui,California,California
Mark Jose,"Springfield, IL",Illinois
©…©…©…©…,"Stockton, CA",California
Tina Maher,"Woodland, CA",California
ryannish916,"San Diego, CA",California
DEAN DOBLADOS,"STK,CA",California
Carlos Moreno,"Carmichael, CA",California
Isaiah Matthews,Sacramento,Sacramento
David,"Sacramento, CA",California
trees ©…©…,"Sacramento, CA",California
tyler dudes,"Grand Island, NE",Nebraska
Steve Gillies,"Roseville, CA",California
Ashley,"Sacramento, CA",California
Josh Robertson,"Lathrop, CA",California
"IRVRealEstate!""","Dallas, TX",Texas
"Joseph Perez!""","Galt, CA",California
Chad Abrams,"Seattle, WA",Washington
Anuj,"San Luis Obispo, CA",California
Sac29Gee,"Sacramento, CA",California
Crown Biz©…©…,"Auburn, CA",California
Humberto Ramos,"Chico, CA",California
Zack sandy,"East Brunswick, NJ",New jersey
BB,"HB, CA",California
Erik Anderson,"Anoka, MN",Minnesota
Derek Bennett,"Sacramento, CA",California
Nicole Rosenberg,"Sacramento, CA",California
Crystal Ramos,"West Sacramento, CA",California
Maddie Dobbins.,"Las Vegas, NV",Nevada
Stephen,"Sacramento, CA",California
Jeff Krisko,"Carmichael, CA",California
Jeff Dunn,Sacramento,Sacramento
Shannon,"Phoenix, AZ",Arizona
Joseph Abdelsayed,"Sacramento, CA",California
Melissa,"Dallas, TX",Texas
Brandon Lewis,Sacramento,Sacramento
Evi Barrera,"Arbuckle, CA",California
Marcus Andrade,Sacramento,Sacramento
Dave,"Davis, CA",California
Bryan Yee,"West Sacramento, CA",California
Fred Ossa Brown IV,"Connelly Springs, NC",North Carolina
Will Warner,"Sacramento, CA",California
Kings Kicks,"Sacramento, CA",California
Disco Tim Kane,"Sacramento, CA",California
Kalen Clayton ©…©…,"Paradise, CA",California
mike GAVINA,"Elk Grove, CA",California
Jordan Tofanelli,Sacramento,Sacramento
Steve Huebner,"Sacramento, CA",California
Javier S,"Sacramento, CA",California
Devin Melanson ©…©…©…©…,California,California
Vaibhav Hebbal,"San Francisco, CA",California
MandyJ_21pilotsfan,"Fairfield, CA",California
©…©…©…©…©…©…©…©…©…©…,"West Bend, WI",Wisconsin
suyeda,"Sacramento, CA",California
EstebanDollares,"Fair Oaks, CA",California
Andy Gates,"Los Angeles, CA",California
Kings,"Sacramento, CA",California
Jacques,"Boston, MA",Massachusetts
Sac Kings Vision,"Sacramento, CA",California
Mikey Canihan,"Sacramento, CA",California
Rybo Rudd,"Sac Area, CA",California
s t e v e,"Sacramento, California",California
Sir Lurksalot,California,California
Scott Liebert,"Lafayette, CA",California
Christian Thompson,"Tempe, AZ",Arizona
MSMLAW,"Folsom, CA",California
#IndomitableAZHell,"Phoenix, AZ",Arizona
Victor Rodriguez,"South San Francisco, CA",California
Alex,"Los Angeles, CA",California
Daniel Weissbart,Sacramento,Sacramento
Dustin,Sacramento,Sacramento
Brett Fuiks,"Las Vegas, NV",Nevada
Bryant West,"Winters, CA",California
Cristian Derr,"San Francisco, CA",California
Filip,"Chicago, IL",Illinois
Christopher Allen,"Mount Vernon, NY",New York
1985-Forever ©…©…©…©…©…©…,"Sacramento, CA",California
Joe C,West Virginia,West Virginia
Lane the Catch Kirk,"Monroe, MI",Michigan
Sacramento Kings,"Sacramento, CA",California
JJ,"Rancho Cordova, CA",California
Desi Lopez,"Sacramento, CA",California
Ryan J.,"San Clemente, CA",California
Taylor Gall,California,California
Dan Farmer,"Sacramento, CA",California
Jeff Newton,"Sacramento, CA",California
daniel patrick,"Los Angeles, CA",California
Aaron,"City of Kings, CA",California
Fachriansyah Rasylin,"Los Angeles, CA",California
Brandon Dean,"Miami, FL",Florida
Socrates Palaiologos,"Los Angeles, CA",California
Oliver Soria,"Redondo Beach, CA",California
marko,"Sacramento, CA",California
Jeff Shunta,"Folsom, CA",California
Melissa LaRose,"Sarasota, FL",Florida
BEDGEAR,"Farmingdale, NY",New York
Jay ©…©…©…©…©…©…©…©…16 straight Ws ©…©…,"Boston, MA",Massachusetts
Melanin,"Charlotte, NC",North Carolina
Patrick Verzosa,Sacramento,Sacramento
©…©…,"Sacramento, CA",California
NJW,"Granite Bay, CA",California
Trish PD,"El Dorado Hills, CA",California
Kings_1052,Sacramento,Sacramento
Queue Tea Pie,"Napa, CA",California
Scott Rossow,Sacramento,Sacramento
Kevin Flanagan,"El Dorado Hills, CA",California
Dav,"Barstow, CA",California
Skalvatore Ferragamo,"Sacramento, CA",California
cory vick,"Sacramento, California",California
Richard Chung,"Sacramento, CA",California
Julian Del Gaudio,"Reno, NV",Nevada
Skyler Scheidt,"Fresno, CA",California
Mike Chaffin,"Dallas, TX",Texas
Keith Shen,"Lake Forest, CA",California
KingJimD,"Sacramento, CA",California
Colin Schneider,"Sacramento, CA",California
Jon Vorpe,"Los Angeles, CA",California
Eric,"Walnut Creek, CA",California
Mike Boito,Sacramento,Sacramento
Deuce Mason,"Sacramento, California",California
Tyler Anderson,"Folsom, CA",California
Kenadi Waymire,Indiana,Indiana
Joshua Lovell,"Renton, WA",Washington
ㄎ)R,"Sacramento, CA",California
Jas ©…©…,"Tracy, CA",California
DJ,"Fresno, CA",California
Justin Petkus,"Sacramento, California",California
c3j3h,Sacramento,Sacramento
Trevor Cancilla,"Sacramento, CA",California
Gavin Wilkinson,"Chicago, IL",Illinois
Basketball Jones,California ,California
Angela Lawrence,"Sacramento, CA",California
Joelle Terry,"Sacramento, CA",California
Joseph Puhm,"Folsom, CA",California
Greg Hutton,"Orangevale, CA",California
Nick Sirmans,"Sacramento, CA",California
Suzy P,"Oakland, CA",California
Jarrod Chambers,"Springfield, Oregon ",Oregon
WorkInProgress,"Sacramento, CA",California
Jimmie Gill,"Magnolia, TX",Texas
T.D.,"Sacramento, CA",California
White Ninja,"Sacramento, CA",California
Katie Petersen,"Chico, California",California
Hector Russ Casado,"Los Angeles, CA",California
Rob©…©…©…©…,"Corpus Christi, TX",Texas
Anesh Chandra,"Sacramento, California",California
SomeBrownFellow,"Riverside, CA / Aloha, OR",Oregon
Thomas Diaz,"Brooklyn, NY",New York
Will Cruz Carroll,"San Marcos, TX",Texas
Matt Moore,"McKinney, TX",Texas
Matt the beard riley,"Orangeburg, SC",South carolina
Chet,"Los Angeles, CA",California
Chris Comet,"Champaign,IL",Illinois
Scott Geisel,"Sacramento, CA",California
Lance Bunn,"Newcastle, CA",California
Joe,"Sacramento, CA",California
Elite Social Media,"San Diego, CA",California
brooke uhlenhop,"Sacramento, CA",California
00F0©…©…,"Sacramento, CA",California
Ryan Weir,"Folsom, CA",California
"Scarface! ©…©…""","Las Vegas, NV",Nevada
©…©…Liam Thomas©…©…,"Modesto, CA",California
Michael Meaney,"Roseville, CA",California
Bardayson Alton,"Modesto, CA",California
John Shupe,"Williston, ND",North Dakota
Royal King,"Sacramento, CA",California
Luis-Alfredo Garcia,"Kendall, FL",Florida
Zach,Sacramento,Sacramento
abhi,"New York, NY",New York
Nick Syris,"Austin, TX",Texas
Sacramento Kings,"Sacramento, CA",California
BULLY KING Magazine,"Miami, FL",Florida
Nik Riehle,"Sylvania, OH",Ohio
Matthew Gloor,"Bloomington, MN",Minnesota
Noah Tinoco,"West Sacramento, CA",California
John Francis,"Sacramento, CA",California
DailyOfficePoll,"Kansas City, MO",Missouri
Alex Petro,"Rochester,NY",New York
Valentino,"Sacramento, CA",California
Manolis Tsouras,"Bakersfield, CA",California
Lumba,California,California
DJ Capt.Chaos,"Reno, NV",Nevada
ryan newey,"Sacramento, CA",California
KINGS Fan in OC,"Newport Beach, CA",California
Shayaun Saee,California,California
TaylorJacksonGoodman,"Mount Juliet, TN",Tennessee
Chris Casnave,"Town 'n' Country, FL",Florida
Mauro Vakanjac,"Compton, CA",California
C B Church,"Burlington, NC",North Carolina
Arbit,"Baltimore, MD",Maryland
Kyle Nishimoto,"Bay Area, CA",California
Simon White,"Sacramento, CA",California
Migs,"Fresno, CA",California
Thomas Gagen,"California, DC, Oregon",Oregon
Cameron Mullins,"Johnson City, TN",Tennessee
Adam Scheblein,"Dallas, TX",Texas
Aja (ah-juh©…©…),"Athens, GA",Georgia
Steven Poore,"North Augusta, SC",South carolina
Christian Dudley,Indiana,Indiana
Provision Sports ,"Hamden, CT",Connecticut
©…©… NBA,"Springfield, MA",Massachusetts
Anthony Scaramucci,"New York, NY",New York
Spencer Gregg,"Campbell, CA",California
Vlade Divac,"Sacramento, CA",California
Brett Pedroia,"Woodland, CA",California
Costa Kerestenzis,Sacramento,Sacramento
GAITorade,"San Diego, CA",California
C.R. Just,"Stockton, CA",California
RedskinsHTTR,Louisiana,Louisiana
Jeff,"Carmichael, CA",California
Tim Hodson,"El Dorado Hills, CA",California
Fleenor,"Yuba City, CA",California
Reno Bighorns,"Reno, NV",Nevada
Thunduh,"Sacramento, CA",California
JeremiahBaez11,"Milwaukee, WI",Wisconsin
Garrett,Sacramento,Sacramento
Mox,"Los Angeles, CA",California
Bob in East Sac,"Sacramento, CA",California
Ben Makowski,"Norwalk, CA",California
Michael Bauer,"Roseville, CA",California
Claudine,"Roanoke, VA",Virginia
Preston,"Olympia, WA",Washington
Jacob Howard,"Jackson, MI",Michigan
NBATheShow,"Boynton Beach, FL",Florida
A-Aron,"Chico, CA",California
RNLUXURYAUTOS,"Cherry Hill, NJ",New jersey
Chris Genobaga,"Auburn, California",California
 nrique =0™artinez Jr,CA,California
Ph Il M.,Sacramento,Sacramento
