V1,V2,V3
Kid_Rory,"Homestead, FL",Florida
Lester Fields,"Yonkers, NY",New York
Pastor D,"Fontana, CA",California
Alison Harder,Colorado,Colorado
Brandon Langley,"Pascagoula, MS",Mississippi
Kyle Stephen Rini,"Boulder, CO",Colorado
JT Holmes,"Tempe, AZ",Arizona
Jenny zuritabella,"Providence, RI",Rhode island
Jaedin,"Denver, CO",Colorado
haris,"Binghamton, NY",New York
Stu,"Fort Collins, CO",Colorado
Francisco Vazquez,"Salt Lake City, Utah",Utah
Armando D'Accordo,"Bayport, NY",New York
Rufino,"Hobart, IN",Indiana
Diego martinez,"Thornton, CO",Colorado
,"Toledo, OH",Ohio
Eldorado Kid,Colorado,Colorado
Cgueorz,"Scranton, Pennsylvania",Pennsylvania
Marshall Deering,"Parker, CO",Colorado
Thomas Bryant,"Virginia Beach, VA",Virginia
Ryan Prue,"Commerce City, Colorado",Colorado
Jose©…©…,"Monterey, CA",California
Bryan Wendland,"Denver, CO",Colorado
Daniel Foy,"Binghamton, NY",New York
Darren Morris,"Lincoln Park, NJ",New jersey
Broadwaywesson 顶,NY,New York
NSC G League ©…©…,"Fremont, CA",California
Ryan Johnson,"Rohnert Park, CA",California
Sofa Spuds,"Bay Area, CA",California
Rishi Nair,"Cupertino, CA",California
Courtney Darcy,VA,Virginia
Revista Inspiras,"New York, NY",New York
robdesign13,"Brooklyn, NY",New York
Zack,Colorado,Colorado
Betancourt,"Los Angeles, CA",California
Thankful Danny,Massachusetts,Massachusetts
Knicks4life,"New York, NY",New York
Rails Warner,"Claremont, California ",California
