V1,V2,V3
Leslie Coffield,"Olive Branch, MS",Mississippi
JT Holmes,"Tempe, AZ",Arizona
Scott Alexander,"Nolensville, TN",Tennessee
Nathan Brown,"Southaven, MS",Mississippi
Aaron Jaffe,"Memphis, TN",Tennessee
Alysa Torino,"Nashville, TN",Tennessee
IDontFuckWitUNiggahs,"Kenosha, WI",Wisconsin
Alex Adkins,"Nashville, TN",Tennessee
Dave©…©…©…©…&©…©…,"Bronx, NY",New York
Jeff Smith,"Belle Meade, TN",Tennessee
Jena Broyles,"Lubbock, TX",Texas
Brandon Thomas,"Atlanta, GA",Georgia
NSC G League ©…©…,"Fremont, CA",California
Ryan Johnson,"Rohnert Park, CA",California
Trah (lalala),"Bellingham, WA",Washington
Amelia,"Keizer, OR",Oregon
Jackson Caruso,"Lawrence, NJ",New jersey
Ezekiel Pea,"Marion, IN",Indiana
Tyler Avolio,"Nashville, TN",Tennessee
Ashley,"Memphis, TN",Tennessee
Jose Cruz Rivera,"Greenville, SC",South carolina
Kelsey Wright,"Lubbock, TX",Texas
Chris Matthews,"Glenside, PA",Pennsylvania
Angel Matamoros,"Memphis, TN",Tennessee
Ronnie King,"Nicholasville, KY",Kentucky
@Derlys,"Clayton, GA",Georgia
Kristen Jones,"Memphis,TN",Tennessee
Celestine Angel,"Houston, TX",Texas
Ilan Narod,"Northborough, MA",Massachusetts
Chelsea Adams,Tennessee,Tennessee
Trail Blazers Buzz,"Porland, OR",Oregon
Jamie,"Houston, TX",Texas
Spandex By Yard,"Commerce, CA",California
Killer,"Memphis, TN",Tennessee
©…©… NBA,"Springfield, MA",Massachusetts
Grant,"Jackson, TN",Tennessee
Lashae©…©…,"Gulfport, MS",Mississippi
Andy Frank Trammell,Oregon,Oregon
"Eric Reid, Sr.",Nashville,Nashville
Doing something PDX,"Portland, OR",Oregon
Drew McAuliffe,"Portland, Oregon",Oregon
Colon Hydrotherapy,"West Linn, OR",Oregon
Eli,"Craig, CO",Colorado
Glass,"Seattle, WA",Washington
Matthew Hilton,"Portland, OR ",Oregon
Hanna,"New York, NY",New York
Michelle Perry,"Tualatin, OR",Oregon
Marco Albanese,"Portland, Oregon",Oregon
blazer4life,"Portland, OR",Oregon
Don Countryman,"Salmon Creek, WA",Washington
chasity,"Capitola, CA",California
Dave W,"Sheridan, OR",Oregon
"""Filzazzle Dazzle""","Portland, OR",Oregon
Steven O'toole,"Vancouver, WA",Washington
Chelsea Stone,"Portland, OR",Oregon
Cat Thompson,"Portland, OR",Oregon
Mandie Schie,"Pdx/Eug, OR",Oregon
Bjorn Zetterberg,"Portland, Oregon",Oregon
Cherokee_Jack,"HookEm - Portland, Oregon",Oregon
David,"Portland, OR",Oregon
AChar,"Portland, OR",Oregon
Brian P. Halvorsen,"Rockaway Beach, OR",Oregon
jj,"Corvallis, OR",Oregon
Kendyl Bennett,"Ithaca, NY",New York
Joy Dickover,"Portland, Oregon",Oregon
Juli Brown,"Portland, OR",Oregon
Bill Schiager,"Portland, OR",Oregon
"Kenny Aka SuperMex  洧,""
Zach Mulford""",Oregon ,Oregon
John,Oregon ,Oregon
Matt Brawley,"Vancouver, WA",Washington
Russell Mayhew,"Portland, OR",Oregon
Sarah Muehe,"Vancouver, WA",Washington
SUPAFLY,"Portland, OR",Oregon
Lambo Marcy ©…©…,"Bend, OR",Oregon
Doug Fairman,"Sherwood, OR",Oregon
Trent,"West Linn, Oregon",Oregon
Oliver Maroney,"Portland, Oregon",Oregon
Donna Blair,"Portland, OR",Oregon
David Howe,"Portland, OR",Oregon
Ryan MacArthur,"Portland, OR",Oregon
Alex Grandjean,"Clackamas
, OR",Oregon
Ken,Washington,Washington
Pattric Smith,"McMinnville, OR",Oregon
Alex,"Bellingham, WA",Washington
Dan Kolb,"Salem, OR",Oregon
mommy 0206,Oregon,Oregon
DJ,"Lake Oswego, OR",Oregon
Olan Fulfer,"Joseph, Oregon",Oregon
Mitch Winn,"Portland, OR",Oregon
Greg Wilson,"Vancouver, WA",Washington
Michael Fisher,"Rip City, Oregon ",Oregon
curtis wusstig,"Albany, OR",Oregon
Garrett,"Beaverton, OR",Oregon
Brandon Driver,"Tigard, OR",Oregon
Nisha,Oregon,Oregon
Cameron Jorgensen,"Dallas/Salem , OR",Oregon
Jeff Workman,"Vancouver, Washington",Washington
PDX Photog,"Portland, Oregon",Oregon
McG,"Portland, OR",Oregon
Emitt Burris,"Albany, OR",Oregon
Matthew Spencer,"Richland, WA",Washington
Scott Ostlund,"madison, NJ-portland, OR",Oregon
Morgan Maleta,"Portland,Oregon",Oregon
Oracle [1Peter 4:11],"Portland, OR",Oregon
Julie Fleischmann,"Rip City, Oregon ",Oregon
Reed Newcomer,"Vancouver, WA",Washington
evan turners +/- epicly silencing the haters ©…©…©…©…,"Portland, OR",Oregon
Podstalgic Peter ©…©…,"Portland, OR",Oregon
Matt Mak,"Portland, OR",Oregon
Pinwheel Empire,"Portland, OR",Oregon
skywaker9,"Portland, OR",Oregon
Bo Urban,"Salem, OR",Oregon
r r,"Portland, OR",Oregon
Ben D. Cotterill,"Beaverton, OR",Oregon
Jason Hassler,"Vancouver, WA",Washington
Alex Lazo,"Portland, OR",Oregon
Steven Lewis,"Livermore, CA",California
J Fine,Texas,Texas
rach,"Memphis, TN",Tennessee
David Tankersley,"Portland, TN",Tennessee
Colton Dobson,"Nashville, TN",Tennessee
PRETTYBOYLAKER,"New York, NY",New York
Cri V.,"Joliet, IL",Illinois
Albert Smith,Texas,Texas
Ray,"Dallas, TX",Texas
Southern Roofing,"Memphis, TN",Tennessee
Billy Derrick,"Nashville, TN",Tennessee
Micheal,Maryland,Maryland
tor,"Nashville, TN",Tennessee
Ellie,"Memphis, TN",Tennessee
D,"Dayton, OH",Ohio
Samuel Medina Campos,"Memphis, TN",Tennessee
Kyle,"Chicago,IL",Illinois
CravenCool1,"Charlotte, NC",North Carolina
U©…©…C M©…©…Ke B.©…©…,"Wyoming, MI",Michigan
Tim Fitzgerald,"Collierville, TN",Tennessee
KayCee,"Southaven, MS",Mississippi
Based Native ©…©…,"Queens, NY",New York
Bruntavious,"Memphis, TN",Tennessee
Shawn Doherty,"Natchez, MS",Mississippi
KoBaeless Bryant,Texas,Texas
GSL Lower School,"Memphis, TN",Tennessee
Brad Blais,"Bristol, CT",Connecticut
"Ta,mya Williams","Los Angeles, CA",California
tracy uler,"Sayreville, NJ",New jersey
willie grizz,"Memphis, TN",Tennessee
Chase Daniel Ellis,"San Angelo, TX",Texas
Dave's Joint,"Bronx, NY",New York
Dom Morelli,"Monroe Twp, NJ",New jersey
Max Chadwick,"Monroe, NJ",New jersey
ZazuBallin,"Carteret, NJ",New jersey
Timothy Kenney,"Iselin, NJ",New jersey
Dreko Popout!'©…©…,"Chicago, IL",Illinois
Mark Krebs,"Memphis,Tennessee",Tennessee
Ashlynn'©…©…(',"Hernando, MS",Mississippi
Jesse Johnson,"Woodbury, TN",Tennessee
1keithflightbarron,"Memphis, TN",Tennessee
Controversial Prick.,"Undertale, CA",California
Alcaeus of Mytilene,"Memphis, TN",Tennessee
TJ from TWlTTER,"Memphis, TN",Tennessee
James,"Chicago, IL",Illinois
Pittsburgh Phinchez,"Pittsburgh, PA",Pennsylvania
Jani Swish,"New Orleans, LA",Louisiana
liz khalifa,"Memphis, TN",Tennessee
Denise,"Memphis, TN",Tennessee
14,"Alpharetta, GA",Georgia
Kaison Randolph,"Philadelphia, PA",Pennsylvania
U&!.VU©…©…,"Memphis, TN",Tennessee
Debbie Mitchell,"Memphis, TN",Tennessee
Breaunna Burks,"Memphis, TN",Tennessee
Deedee,"Atlanta, GA",Georgia
Alana Davis,"Augusta, Georgia ",Georgia
honey. ©…©…,"Las Vegas, NV",Nevada
Mrqe[e J. GYime[,"Dolton, IL",Illinois
Greg Cassoli,"Cambridge, MA",Massachusetts
"©…©…wendy,","Millington, TN",Tennessee
D1 Point Guard ©…©…P+™,"West Helena, AR",Arkansas
Caleb,"Indianapolis, IN",Indiana
Scott Anthony,"Medon, TN",Tennessee
Becky B,Tennessee,Tennessee
GOODVIBES ONLY©…©…©…©…+,"Memphis, TN",Tennessee
©…©…LEGENDARY Danelvin,"Bronx, NY",New York
AJ Barringer,"7 0 4 , NC",North Carolina
Macauley housley,"Memphis, TN",Tennessee
Grayson Palmer,"Raleigh, NC",North Carolina
Axel Eduardo Vilchis,"Memphis, TN",Tennessee
Konner Price,"Dallas, TX",Texas
ThePinkMonkeyBTQ,"Pigeon Forge, TN",Tennessee
Jake,"Beecher, IL",Illinois
SweatySouth,"Memphis, TN",Tennessee
©…©…,"Hialeah, FL",Florida
FedExForum,"Memphis, TN",Tennessee
Lauren McCraw,"Memphis, Tennessee",Tennessee
AlexFox,"Newport, TN",Tennessee
Aliyah Johnson,"Athens, GA",Georgia
Cameron Pleasant,"Memphis, TN",Tennessee
Poopz Channel,"Brownsville, TX",Texas
The ManCave,"Indianapolis, IN",Indiana
K,"Lincoln, NE",Nebraska
Elena Everett,"Collierville, TN",Tennessee
Oscar ©…©…©…©…,"San Antonio, TX",Texas
Cassy Athena ©…©…,"Los Angeles, CA",California
Caleb McArthur,Tennessee ,Tennessee
Billy Mccawley,Madison,Madison
Eddie Mleko,"Arlington Heights, IL",Illinois
ken jensen,"Redding, CA",California
Kyle Lowe q$,"C-Town, TN",Tennessee
Jimmy Gearhart,"Indian Trail, NC",North Carolina
Domenic Cappalli,"North Providence,RI",Rhode island
Zeke Goodin,"Conway, AR",Arkansas
James Collins,"East St Louis, IL",Illinois
Daniel Davenport,"Las Vegas, NV",Nevada
Rob S. Porter,"Houston, TX",Texas
Kassy,"Muskegon Heights, MI",Michigan
Josh Cooperwood Sr.,"Itta Bena, MS",Mississippi
FanSided,"New York, NY",New York
Rockin' 4 Rescue,"Murfreesboro, TN",Tennessee
mohammed almadhlouh,"Denver,Colorado ",Colorado
Justin Beasley,"Nashville, TN",Tennessee
Your Sports Fans,"San Mateo, CA",California
Farzana(',"Brooklyn, NY",New York
Moreno,"Los Angeles, CA",California
Dan,"Southaven, MS",Mississippi
Momeantum,"Memphis, TN",Tennessee
Justin Anderson,"Philadelphia, PA",Pennsylvania
ToddyToHotty,"Memphis, TN",Tennessee
Prez edwards,"Memphis, TN",Tennessee
Top Cam Sites,"Sacramento, CA",California
Justin McWade,"Centralia, Missouri",Missouri
MYKE-HYLTON,"Dallas, TX",Texas
Gianluca Giusti,"Richmond, VA",Virginia
Doreheel,"Charlotte, NC",North Carolina
No,Missouri,Missouri
USAR Foundation,"Memphis, TN",Tennessee
hannah,"Memphis, TN",Tennessee
The Bucket Bros,"Wichita, KS",Kansas
Jason,"Memphis, TN",Tennessee
Christal,"Memphis, TN",Tennessee
Tyler Berryman,"McKenzie, TN",Tennessee
Justin Pack,"Nashville, TN",Tennessee
Roman©…©…,"South =0emphis, TN",Tennessee
William McDaniel,"Memphis, TN",Tennessee
Tyler Cummins,"Nashville, TN",Tennessee
tim wells,"Summerville, SC",South carolina
Branden Van Allen,"Linden, NJ",New jersey
Jacob McCormick,"Berkeley, CA",California
max feldman,"Chicago, IL",Illinois
Jayden,"Minneapolis, MN",Minnesota
Alex Richmond,"Medina, TN",Tennessee
Seth Finch,"Spring Hill, TN",Tennessee
Sports Illustrated,"New York, NY",New York
pablo,"Memphis, TN",Tennessee
Nina Hagen,"Salt Lake City, UT",Utah
hotboy.dizzle©…©…©…©…,"Holly Springs, MS",Mississippi
陇™,"McKinney, TX",Texas
Snyder's Standpoint,"Lawrence, KS",Kansas
Blake Thornton,"Memphis, TN",Tennessee
TJ Walker IV©…©…,"Matthews, NC",North Carolina
Justin McCuin,"Gillette, WY",Wyoming
Jordan Evans,"Starkville, MS",Mississippi
Everything Sports,CT,Connecticut
Micahjohnson,"West Memphis, AR",Arkansas
teka,"Boston, MA",Massachusetts
Grizzlies,"Memphis, TN",Tennessee
Big K,"Memphis, TN",Tennessee
Stacy Tolliver,"Sardis, MS",Mississippi
NOAH FITZPATRICK,"Birmingham, Alabama",Alabama
Willie Blue,"Walls, MS",Mississippi
NBA Summer League,"Las Vegas, Nevada",Nevada
Terrick,"Memphis, TN",Tennessee
Aaliyah Brown,"Memphis, TN",Tennessee
Sepriia C.Bradford,"New Orleans, LA",Louisiana
jason fitz,"Nashville, TN",Tennessee
LA Bella Chauffeurs,"Los Angeles, CA",California
WANG©…©…,"Dickson, TN",Tennessee
Miguel,"Nashville, TN",Tennessee
T.A.B.,"Fort Bragg, NC",North Carolina
Southland Park G & R,"West Memphis, Arkansas",Arkansas
Alibaydoun,"Lebanon, IL",Illinois
Jaylen Clark,"Baton Rouge, LA",Louisiana
Alan Presley,"Memphis, TN",Tennessee
Joseph Brown,"Cookeville, TN",Tennessee
Jared Price,"Knoxville,Tennessee",Tennessee
Zenkai,"Clarksville, TN",Tennessee
LeviPinecrest,"Memphis, TN",Tennessee
Summer League Champs,"Memphis, TN",Tennessee
Carlyle Nusbaum,"Nashville, TN",Tennessee
MemphisX,"Memphis, TN",Tennessee
Nicholas,"New York, NY",New York
©…©…©…©…©…©…©…©…©…©…,"West Bend, WI",Wisconsin
Tommie,"Cincinnati, OH",Ohio
Jason Morgan,"Starkville, MS ",Mississippi
It's Will '™,"San Antonio, TX",Texas
Michela Wood,Wisconsin,Wisconsin
Anthony D'Angelo,"Buffalo Grove, IL",Illinois
"琴橙症,""
Grind City Media""","Memphis, TN",Tennessee
Tyrone Willis,"Houston, Texas",Texas
Darrell Hykes,"Atlanta,  GA",Georgia
Jacques,"Boston, MA",Massachusetts
PNCGermantown,"Germantown, TN",Tennessee
Clay Bay Bay,"Nashville, TN",Tennessee
Greg Graber,"Memphis, TN ",Tennessee
Lady WarEagles,"Memphis, TN",Tennessee
VFLbrother,"Memphis, TN",Tennessee
Chels Solis©…©…©…©…©…©…©…©…,"San Diego, CA",California
TruBluTiger,"Houston, TX",Texas
Rotoden Grizzlies(7-8),"Memphis, TN",Tennessee
Christopher Allen,"Mount Vernon, NY",New York
Tanner Daniel,"Covington, KY",Kentucky
Just Vette,"Memphis, TN",Tennessee
Derrick,"Memphis, TN",Tennessee
Dezz Wright,"Spartanburg, SC",South carolina
Ryan Poe,"Memphis, TN",Tennessee
Andrew Dafferner,Texas,Texas
King_Cola,"New Orleans, LA",Louisiana
Krista Odom,Tennessee,Tennessee
Deli,"Queens, NY",New York
Chantein Wasion,"Memphis, TN",Tennessee
Julian Vogle,"Tulsa, OK",Oklahoma
Omarcito,"Cliffside Park, NJ ",New jersey
Chris Porter,"Memphis, TN",Tennessee
Fachriansyah Rasylin,"Los Angeles, CA",California
Blue Delta Jean Co.,"209 South 11th Oxford, MS",Mississippi
Gilly Ray Cyrus,"Southaven, MS",Mississippi
Melvin L Steward Jr.,Georgia,Georgia
Madison Butler,Tennessee,Tennessee
Ian Bartos,"Pittsburgh, PA",Pennsylvania
Daniel Brown,"Oxford, MS",Mississippi
Ross Madison,"Irvine, California",California
Amy Speropoulos,"Memphis, TN",Tennessee
©…©…BrodieTouchMoney©…©…,"Las Vegas, NV",Nevada
Brandon Dean,"Miami, FL",Florida
Trent,"Bridge City, TX",Texas
robin danielle e&,"Memphis, TN",Tennessee
Ashleigh,"Boston, MA",Massachusetts
Lindsey shaw,"Portland, OR",Oregon
Adam Parks,"Germantown, TN",Tennessee
Maura Pirani Parks,"Germantown, TN",Tennessee
Baller Shirts,"Los Angeles, CA",California
Jacob Clark,"Memphis, TN",Tennessee
Katy King,Arkansas,Arkansas
Gretchen Uber Driver,"Memphis, TN",Tennessee
©…©…AbrianaShantelle©…©…,"Lexington, KY",Kentucky
Reynol Marquez,"Tampa, Florida",Florida
Brandon Echols,"Oakland, TN",Tennessee
Aaron J Pollard,"Memphis, TN",Tennessee
Makalie,"Memphis, TN",Tennessee
Real Talk NBA,"Memphis, TN",Tennessee
Melanin,"Charlotte, NC",North Carolina
Jemar Jordan,"Carteret, NJ",New jersey
Jordy Ochoa,"Blair, NE",Nebraska
Jim Fryman,"Cordova, TN",Tennessee
Erykah Jai c'™,"Bartlett, TN",Tennessee
Thanh Thao Hoang,"21 Sacramento, CA",California
Terrence Lewis Jr.,"Atlanta, GA",Georgia
DontBaeMe,"Memphis, TN",Tennessee
Alisha Jordan,"Memphis, TN",Tennessee
L R Memphis,"Memphis, TN",Tennessee
Kaelee,"Tampa, FL - Memphis, TN",Tennessee
David Ford,"Memphis, TN",Tennessee
Alexa Wood,Madison,Madison
Connor Litka,"South Bend, IN",Indiana
Brian Aronoff,NJ,New jersey
Trail,"East Lansing, MI",Michigan
©…©…Kris10,"Memphis, TN",Tennessee
Allison Bosse,"Memphis, TN",Tennessee
domonique wright,"Memphis, TN",Tennessee
King Rickey,LA,Louisiana
Grizz Growler,"Memphis, TN",Tennessee
Dylan Hunter,"Bartlett, TN ",Tennessee
Brett Murphy,"Bay Area, CA",California
Jayla,"Memphis, TN",Tennessee
"Dwayne Johnson!""","Oskaloosa, Iowa",Iowa
AshleyMarie©…©…©…©…,"Miami, FL",Florida
GeneralSmokey,"Knoxville, TN",Tennessee
DG,"Royal Oak, MI",Michigan
Cole Tucker,"Lawrenceburg, TN",Tennessee
dan desrosier,"Tremonton, UT",Utah
Coop Knight,Illinois ,Illinois
Big Al,"South Bend, IN",Indiana
Jeffrey Martin,"Soddy Daisy, TN",Tennessee
Gavin Wilkinson,"Chicago, IL",Illinois
Marion Keller,"Houston, TX",Texas
Ben Turner,"Franklin, TN",Tennessee
William Burton,"Valparaiso, IN",Indiana
Logan Glosser,"San Diego, CA",California
Brandon Bobo,"Smyrna, TN",Tennessee
her_name_here,"Memphis, TN",Tennessee
Jeremy Ledbetter,"Charles City, IA",Iowa
Derrick Byars,"Miami, FL",Florida
Official Mari©…©…,Atlanta,Atlanta
Heather Sappenfield,"Memphis, TN",Tennessee
Memorial Magic Alums,"Nashville, TN",Tennessee
0I '™,"Boston, MA",Massachusetts
Troy Daniels,"Roanoke, Virginia",Virginia
Iowa Force WBB,"Des Moines, IA",Iowa
Steven Whitaker,Tennessee,Tennessee
Willie Hollowell,"Memphis, TN",Tennessee
Shelby Short,"Smyrna, TN",Tennessee
Aj asad,"Memphis, TN",Tennessee
Shawn Cooper,"Atlanta, GA",Georgia
Shauna Jones,"Dublin, CA",California
Connor Owens,"Nashville, TN",Tennessee
Chris Poe,"Memphis, TN",Tennessee
Monique Moore,"PALMDALE,CA",California
big perm,"Memphis, TN",Tennessee
BULLY KING Magazine,"Miami, FL",Florida
Eliza Jaymee Almazar,"Lake Elsinore, CA",California
Lana,Georgia,Georgia
©…©…Chrissy Taylor©…©…,"Memphis, TN",Tennessee
Miles Moate,"Memphis, TN",Tennessee
Noah Worrell,"Walkertown, NC",North Carolina
Benjamin White,"Memphis, TN",Tennessee
Alex (Grizz Nation),"Nashville, TN",Tennessee
boo©…©…boy,"Kenner, LA",Louisiana
Alyssa Capone,"South Plainfield, NJ",New jersey
Bucketsqaud,"Methuen Town, MA",Massachusetts
Bradley Risner,"Mammoth Spring, AR",Arkansas
Gabs,"Des Moines, IA",Iowa
Dee Nash,"San Francisco, CA",California
charity  ©…©…,"Nashville, TN",Tennessee
Ryder johnson,"Anderson, CA",California
Taylor Jackson,"Memphis, TN",Tennessee
Saint Joe's Baseball,"Metuchen, NJ ",New jersey
Elite Social Media,"San Diego, CA",California
Ryan Herald,"Jackson, KY",Kentucky
Beat Missouri,"Nashville, TN",Tennessee
phillip j.brown,NJ,New jersey
Matt the beard riley,"Orangeburg, SC",South carolina
Luis-Alfredo Garcia,"Kendall, FL",Florida
Christian Loizzi,"Los Angeles, CA",California
Covenant Knights,"Nashville, TN",Tennessee
Jarah Dumapit,"Tacoma, WA",Washington
marcusmatematico,"Lansing, MI",Michigan
SoopahStar!!,"Colorado Springs, CO",Colorado
Blake Moore,"McMinnville, TN",Tennessee
c'™,"Oakland, CA",California
Anissa Dort,"Moorhead, MN",Minnesota
Snoop Johnson Report,"Desoto, TX",Texas
Bill Horne,Alabama,Alabama
realist guy you know,"West Mifflin, PA",Pennsylvania
Chase Hession,"Mount Juliet, TN",Tennessee
DailyOfficePoll,"Kansas City, MO",Missouri
DaRon Arrington,"Fairfield, Alabama",Alabama
A.D. Jones,"Chicago, IL",Illinois
F0R3GCW4x,"Roanoke, VA",Virginia
Carter Lawyer,"Oakland, CA",California
Rob Coleman,"Memphis, TN",Tennessee
Mayor Jim Strickland,"Memphis, TN",Tennessee
ShutTheFrontDoor,"Memphis, TN",Tennessee
champagnemami,"Rutherford, NJ",New jersey
Ty Constein,"Lancaster, PA",Pennsylvania
Dan,"Philadelphia, PA",Pennsylvania
Paul Carter,"Knoxville, TN",Tennessee
Khadeija ©…©…,"Coto de Caza, CA",California
Chris Casnave,"Town 'n' Country, FL",Florida
K A Y L A©…©…©…©…,"Memphis, TN",Tennessee
Adrin Dalton,"Houston, TX",Texas
Jeff Townsend,"Memphis, TN",Tennessee
Jason Spencer,"La Vista, NE",Nebraska
Dylan Burns,"Wayne, NJ",New jersey
23forlife,"Spartanburg, SC",South carolina
GamefaceInc,"Chula Vista, CA",California
Ryne Joiner,"Hernando, MS",Mississippi
Rick Fink,"Olive Branch , MS",Mississippi
Kenny Winn,"Olivehurst, CA",California
Jeff Byars,"Memphis, TN",Tennessee
Mauro Vakanjac,"Compton, CA",California
Arbit,"Baltimore, MD",Maryland
ND Soul Food King,"Fargo, ND",North Dakota
Conner Norton,"Memphis, TN",Tennessee
Elaine Lee,"Seattle, WA",Washington
Drew Davidson,"Dallas, Texas",Texas
Jamal Johnson,"Memphis, TN",Tennessee
Jae XO,"Middleton, WI",Wisconsin
dansuite,"Memphis, Tennessee",Tennessee
Stephen Wieck,"Abbeville, LA",Louisiana
JC Salinda,"San Diego, CA",California
Caleb Casey,"Memphis, TN",Tennessee
Ben Sivils,"Memphis, TN",Tennessee
Kristina Edrington,"West Memphis, AR",Arkansas
AnthonyFullilove,"Memphis, TN",Tennessee
Grizz G. Grizz,"Memphis, TN",Tennessee
MS Baseball Academy,"Jackson, MS",Mississippi
Ashley Wagner,"Wasilla, AK",Alaska
Michael Dunn,"Nashville, TN",Tennessee
Joe Kornegay,"Syracuse, NY",New York
Tiffany Adams,"Memphis, TN",Tennessee
Cameron Mullins,"Johnson City, TN",Tennessee
manutegarrett,"Rocky Mount,NC",North Carolina
Cardinal Basketball,"Plainfield, NJ",New jersey
Rikayla J. Seatts ©…©…,"Warren, MI",Michigan
MEMPHIS MOSBY @RELLY,"Memphis, TN",Tennessee
Ryan Leaver,"Mint Hill, NC",North Carolina
Mitch Riebow,"St Paul, MN",Minnesota
Logan Thomas Soland,"Akron, OH",Ohio
CeeNami (',"Ocean City, NJ",New jersey
jlegacy30,TN,Tennessee
Aja (ah-juh©…©…),"Athens, GA",Georgia
Ryan Stephens,"Memphis, TN",Tennessee
Seth Turner,"Memphis, TN",Tennessee
Prince Of Hell,"Boston, MA",Massachusetts
Joshua Midgett,"Memphis, TN",Tennessee
Alex Inman,"Memphis, TN",Tennessee
Mo    O&,"Memphis, TN",Tennessee
Mike Sorenson,"Fredericksburg, IA",Iowa
Josh,"Nashville, TN",Tennessee
Memphis Tigers(10-4),"Bartlett, TN",Tennessee
Kyrie Irving Freak,"Boston, MA",Massachusetts
Austin Joyce,"Lowell, MA",Massachusetts
Eric Partee Jr,"Memphis,TN ",Tennessee
innanet matus,"Drexel Heights, AZ",Arizona
Lance Higgins,"Portland, Maine",Maine
Dylan Heuer,"Des Moines, IA",Iowa
Matt N,"Brooklyn, NY",New York
Charlie McBride Jr,"Memphis,TN",Tennessee
alexis marshall©…©…,"Darlington, SC",South carolina
William Brooks,"Roanoke, VA",Virginia
Provision Sports ,"Hamden, CT",Connecticut
Grizz4Life*JAWS*,"Memphis, TN",Tennessee
Davidson White,"Manhattan, NY",New York
lil dari,"Cincinnati, OH",Ohio
Ian Gibson,"Jacksonville Beach, FL",Florida
The MemphisShakedown,"Memphis, Tennessee",Tennessee
Sw the G,"Dallas, PA via Lorton, VA",Virginia
Bailey Caldwell,"Athens, GA",Georgia
T,"Nashville, TN",Tennessee
Matt Harrington,"Norwood, MA",Massachusetts
Kiel Baptiste,"Plantation, FL",Florida
Eli Zamora,"Brooklyn, NY",New York
dboze,"Memphis, TN",Tennessee
. (',"Memphis, TN",Tennessee
hank Russell,"Memphis, TN",Tennessee
Kellianne Marie,"Memphis, TN",Tennessee
Jack Cooper,"Memphis, TN",Tennessee
Garrett McElroy,"Medina, TN",Tennessee
Pam McCarthy,"Memphis, TN",Tennessee
Kaitlyn,"Memphis, TN",Tennessee
Adrianne Sumrall,"West Allis, WI",Wisconsin
Paul Long III,"Olive Branch, MS",Mississippi
Willie J Hollowell,"Memphis, TN",Tennessee
Jeremy Johnson,"Olive Branch, MS",Mississippi
David Wells,"Memphis, TN",Tennessee
lee thompson,"Bartlett, TN",Tennessee
Eddie Buck,"Memphis,TN",Tennessee
G W,TN,Tennessee
Kendall Richards,"Hendersonville, TN",Tennessee
Tracey Brown,Kentucky,Kentucky
Alex Wilkerson,"Austin, TX",Texas
Erik Cooper,"Marion, AR/Memphis, TN",Tennessee
Jennifer Helfenbein,"Oakland, TN",Tennessee
Melinda Reeder d'&,Tennessee,Tennessee
"Nick, Go Grizz!!!","Muleshoe, TX",Texas
Mick,"Nashville, TN",Tennessee
Randy,"Memphis, TN",Tennessee
Alicia Rene,"Murfreesboro, TN",Tennessee
Derrick D. Sellars,"Sandy Springs, GA",Georgia
CurtishaaRenaa©…©…,"Memphis, TN",Tennessee
Ciarra Ashley,"Princeton, NJ",New jersey
Logan Irwin,"Tupelo, MS",Mississippi
Don Wade,"Memphis, TN",Tennessee
Morgan Wills,"Nashville, TN",Tennessee
Timbo from Mempho,"Memphis, TN",Tennessee
Josh Sharp,"Robinsonville, MS",Mississippi
David S White,"Franklin, TN",Tennessee
Daniel Gerber,"Los Angeles, CA",California
Cole Ross,"Hernando, MS",Mississippi
Coleion Page©…©…,"Laurel, MS",Mississippi
Betsy Brasher,"Memphis, TN",Tennessee
Court Lessigne,"Jennings, LA",Louisiana
Gary Byars,"Collierville, TN",Tennessee
Redtrinigrl,"Nashville, TN",Tennessee
Ricky Jones,"Fairview, Tennessee",Tennessee
T,"Memphis, TN",Tennessee
Boombastics,"Minneapolis, MN",Minnesota
Richard Bednarz,NJ,New jersey
Alex Kirschenbaum,"Los Angeles, CA",California
Matt Costello,"San Antonio, TX",Texas
"Mike Windsor*洧,""
Duwayne Smith""","Memphis, TN",Tennessee
Cameron,"Kings Beach, CA",California
William Dickens,Tennessee,Tennessee
Andy Vinson,"Memphis, TN",Tennessee
Parker Tenent,"Memphis, TN",Tennessee
Emma Melotik,"Genesee Depot, WI",Wisconsin
Erin Warf Malone,"Memphis, TN",Tennessee
Taylor Williams,"Moorpark, CA",California
Christy,"Los Angeles, CA",California
Daqi,"Fort Collins, CO",Colorado
T. Noel Sylve,"San Francisco, CA",California
Carl Rosen,"Memphis, TN",Tennessee
Casey Mccutcheon,"Memphis, TN",Tennessee
Relly vill,"Memphis, TN",Tennessee
Taquan J. Harvey,"Wyandanch, NY",New York
MarcGasolForMVP,"Rossville, TN",Tennessee
GAITorade,"San Diego, CA",California
I LUV COTTON CANDY,"Las Vegas, NV",Nevada
mrs mikeska,"Rogers, AR",Arkansas
d1 d1 d1 d1 d1d1 d1 d1 d1 d1,"Sugar Land, TX",Texas
Louis Lu,"Minneapolis, MN",Minnesota
Jamarion Ellis,"Oakland, CA",California
bobby brannon,"Mercer, PA",Pennsylvania
Come On Giants,"Hercules, CA",California
Landon Carroll,"Knoxville, TN",Tennessee
Jalen Rose,"Detroit, MI",Michigan
BlackandGolddust,"Nashville,TN",Tennessee
Unified Clothing,"Salt Lake City, UT",Utah
SneedSM910,"Bridgeport, CT",Connecticut
Daniel Faith,MS,Mississippi
Michael Wallace,"Memphis, TN",Tennessee
Conner Powers,"Memphis, TN",Tennessee
Bailey Bradley,"Memphis, TN",Tennessee
Garrison Simpson Jr,"Highland Heights, KY",Kentucky
CAGrizzPhoto,"Memphis, TN",Tennessee
Brian Boone,"Dallas, TX",Texas
Byron Lewis Cogdell,"Daytona Beach, FL",Florida
Karen M. Hoffmeister,"Memphis, TN",Tennessee
SPSA,"St Petersburg, FL",Florida
Walter White,TN,Tennessee
THOMAS LAMBERT,"Memphis, TN",Tennessee
Marvin,"Trotwood, OH",Ohio
Jennifer King,"Memphis, TN",Tennessee
Taylor Johnson,"Memphis, TN",Tennessee
Alina,"San Francisco,CA",California
Haley Vincent,"Memphis, TN",Tennessee
Shawn Fuller,"Richmond, CA",California
Austin Usery,"Edmond, OK",Oklahoma
Sarah Cummings,"Memphis, TN",Tennessee
Crosswind P.E.,"Collierville, TN",Tennessee
Elizabeth Packard,"Memphis, TN",Tennessee
Nio,"West Fairview, PA",Pennsylvania
Saril #16,"Pawnee, Indiana",Indiana
Geno G,"Memphis, TN",Tennessee
Brandon Ponder,"Memphis,TN",Tennessee
Jacob Long,"Memphis, TN",Tennessee
slaunch,"Shackle Island, TN",Tennessee
Brady Clark,"Rocky Top, TN ",Tennessee
Max Frishberg,"Los Angeles, CA",California
"Brady Johnston!""","Memphis, TN",Tennessee
Andrew Hughes,"Memphis, TN",Tennessee
"Bo©…©…©…©…!""","Memphis, TN",Tennessee
50 character names? How could anyone use 50 charac,"Cape Coral, FL",Florida
P.J ©…©…©…©…睛™,"Olive Branch, MS",Mississippi
Harrison Miller-Hill,"Franklin, TN",Tennessee
Max Carmon,"Collierville,TN",Tennessee
david merrill,"Memphis, TN",Tennessee
Titus Wade,"Memphis, TN",Tennessee
MiCHAEL iRWiN,"Collierville, TN",Tennessee
Richard Boyette,"Memphis, TN",Tennessee
Ryne Golden,"Jackson, TN",Tennessee
Steven McCarter,"Nolensville, TN",Tennessee
Jordan Montgomery,"Southaven, MS",Mississippi
andre ramirez,"Fresno, CA",California
Hunter Barnett,"Saltillo, MS",Mississippi
Grizzlies PR,"Memphis, TN",Tennessee
The Ball St. Journal,"Portland, OR",Oregon
Beau Bougobble ©…©…©…©…,"Catonsville, MD",Maryland
Mandrick Brown,"BELOIT,WI via MINNEAPOLIS,MN",Minnesota
Brad Jameson,"Nashville, TN",Tennessee
Joel Conlee,"Blue Ash, OH",Ohio
NBATheShow,"Boynton Beach, FL",Florida
Bonnie Bradley,"Southaven,MS",Mississippi
Nicols Grosso,"San Francisco, CA",California
Kevo,Nashville,Nashville
Jon Keegin,"Memphis, TN",Tennessee
Kenyatta,"Roselle, NJ",New jersey
Timothy Bing,"Collierville,TN",Tennessee
GrizzNashvilleNation,"Nashville, TN",Tennessee
Devin Maddox,"Memphis, TN",Tennessee
Mitch Andress,"Sarasota, FL",Florida
Julie Dawson,"Memphis, TN",Tennessee
Jeffrey Riddle,"Memphis, TN",Tennessee
Jared Davis,"Memphis, TN",Tennessee
christian turner,"Nashville, TN",Tennessee
jeff,"Arlington, TN",Tennessee
Catherine Johnson,"Austin, Texas",Texas
Blake Miller,"Memphis, TN",Tennessee
Denver Hall,"Memphis, TN",Tennessee
Callie Salvucci,Tennessee,Tennessee
Gaby Connor,"Gainesville, FL",Florida
RandymH,"Memphis, Tennessee",Tennessee
TX ¨™ TN ¨™ TX,TX,Texas
Hector Franco,"Memphis, TN",Tennessee
Coach Cartiiii©…©…©…©…©…©…,"Perth Amboy, NJ",New jersey
Meade Kendrick,"Memphis, TN",Tennessee
Heather Gibson,"Memphis, TN",Tennessee
Kent Graham,"Nashville, TN",Tennessee
Justin Kelly,"Nashville, TN",Tennessee
Ben Thurman,"Austin, Texas/ Knoxville, TN",Tennessee
Bobby Jones,"New Orleans, LA",Louisiana
Chris Williams,"Memphis, TN",Tennessee
Grant Cross,"Nashville, TN",Tennessee
Tyler Daniel,"Memphis, TN",Tennessee
Maxwell,"Three Rivers, MI",Michigan
Doctor Edge,"Austin, TX",Texas
Kevin McCoy,"Memphis,Tennessee",Tennessee
Brantley Davidson,"Memphis, TN",Tennessee
D.Love,"Memphis, TN",Tennessee
Trenton Trakul,"Bartlett, TN",Tennessee
Payton W. Welch,"Memphis, TN",Tennessee
Bryan Brown,"Anchorage, AK",Alaska
EG Buddy,"Troy, NY",New York
Candace Robertson,"Bakersfield, CA",California
BinooG©…©…©…©…,"Collierville, TN",Tennessee
Dylan Nance,"Knoxville, TN",Tennessee
Callie Stubbs,"Memphis, TN",Tennessee
Alexander Shores,"Memphis, TN",Tennessee
AlldayAce,"Miami,LA",Louisiana
Bo Esco,"Memphis, TN",Tennessee
Andrew Maraniss,Nashville,Nashville
Jaden Cole Daniels,"McKinleyville,CA",California
MR. WHODAT NATION#,"Baton Rouge, LA",Louisiana
GrizzGirl,"Ft Worth, TX",Texas
Sagar Patel,"Memphis, TN",Tennessee
Mempho G Slam,"Memphis, TN",Tennessee
Elisabeth Gully,"Queens, NY ",New York
Joey Rodriguez,"Richmond, VA and Orlando, FL",Florida
Dillon Anderson,"Palestine, Arkansas",Arkansas
Cait Anderson,"Miami, FL",Florida
Brandon,"Memphis, TN",Tennessee
DT,GA,Georgia
Haunted Brooks 88-8,"Memphis, TN",Tennessee
M J,"408, CA",California
tayler©…©…©…©…,"Houston, TX",Texas
Shae Love,"Cleveland, Ohio",Ohio
Austin,"St Louis, MO",Missouri
kate,"Los Angeles, CA",California
Carson Scott,"Memphis, TN",Tennessee
Chris Conlee,"Memphis, TN",Tennessee
Isaiah Parsons,"Tulsa, OK",Oklahoma
Greta Rossmeissl,"Memphis, TN",Tennessee
Michael Neighbors,"Jonesboro, AR",Arkansas
Dawson Smith,"Germantown, TN",Tennessee
('Darnell Alford Jr(',"Philadelphia, PA",Pennsylvania
Jonatan,"Vallejo, CA",California
