V1,V2,V3
Jake Brown,"Ashland, WI",Wisconsin
Matt Erhard,"Appleton, WI",Wisconsin
Darnyl Brown,"Salina, KS",Kansas
Snake Mamba #5,"Milledgeville, GA",Georgia
Joseph Karagozian ©…©…,"Dearborn, MI",Michigan
GIANNIS MVP SZN,"Milwaukee, WI",Wisconsin
Zander Dohn,"Athens, OH",Ohio
Riley Freeman,"Milwaukee, WI",Wisconsin
TG0310,"New York, NY",New York
"DJ Greenguy !""","Los Angeles, CA",California
JT Holmes,"Tempe, AZ",Arizona
Amythill,"West Salem, WI",Wisconsin
Julia ©…©…©…©…,"Brockton, MA",Massachusetts
Michael Padilla,"Fort Smith, AR",Arkansas
Tim Burch,"Springfield, IL",Illinois
Aaron Frye,"Milwaukee, WI",Wisconsin
Lyon.writer,"Fort Lauderdale, FL",Florida
Johnny Waiver,"Milwaukee, Wisconsin",Wisconsin
Robert Lee Burrell,"Woodlawn, MD",Maryland
Bishop De'Sean Toler,"Monticello, MS ",Mississippi
"$zn 18, p. 195 ©…©…","Mountlake Terrace, WA",Washington
Jeffrey Harden Sr,"Milwaukee, WI",Wisconsin
Josh Rathbun,Minnesota,Minnesota
NBA Straya,"New York, NY",New York
Trevon,"Denver, CO",Colorado
Efs.Demop,"Muskego, WI",Wisconsin
Aaron Troe,"Minneapolis, MN",Minnesota
Cody Douglas Grant,"Milwaukee, WI",Wisconsin
Ricky,"Burbank, CA",California
Scott S. Feuerhammer,"Campbellsport, WI",Wisconsin
Affan Karim,"Green Bay, WI",Wisconsin
blank,"Medicine Lake, MN",Minnesota
Joe Schmidlkofer,"Miltown, WI",Wisconsin
Chris Haswell,"Reedsburg, WI",Wisconsin
Alexander Curl,"St Louis, MO",Missouri
Wojo & Cari Csigi,"Kahului, HI",Hawaii
IDontFuckWitUNiggahs,"Kenosha, WI",Wisconsin
deeeeevhs," Albany, NY",New York
Eric Poetzl,"Big Bend, WI",Wisconsin
Reyes (jr) Ponce,"Moreno Valley, CA",California
Adam Morcom,"Roanoke, VA",Virginia
ColinMuellerNBA,"Brookline, MA",Massachusetts
Church,"Hawkins, Indiana",Indiana
JG©…©…,"Niles, IL",Illinois
John Herion,"Columbus, OH",Ohio
Jeff Bartoszewicz,"Brookfield, WI",Wisconsin
Travis Woodward,"Watauga, TN",Tennessee
Tyler Smith,"Middleton, WI",Wisconsin
Rufino,"Hobart, IN",Indiana
James Shafer,"Charleston, WV",West Virginia
Cooper Collins,"Canton, IL",Illinois
Philly Sports Nut,"Ancient Oaks, PA",Pennsylvania
Nectr Promotions,"Milwaukee, WI",Wisconsin
Meester Pickles,"Milwaukee, WI",Wisconsin
Thomas Bryant,"Virginia Beach, VA",Virginia
ASID_Virus,"Milwaukee, WI",Wisconsin
Giannis Wire,"Milwaukee, WI",Wisconsin
Phin,"Harrisburg, PA",Pennsylvania
Bob Brown,"Brodhead, WI",Wisconsin
Trentin Goad,"Bloomfield, IN",Indiana
its your boy,"Los Angeles, CA",California
Jeremy Maas,"New Ulm, MN",Minnesota
steven,"Chicago, IL",Illinois
Owen Letteney,"Braintree, MA",Massachusetts
Ryan Johnson,"Rohnert Park, CA",California
CaeserDotCom,"Kissimmee, FL",Florida
Ron Stewart,"Las Colinas, TX",Texas
Brielle Ortiz,"Cedarburg, WI",Wisconsin
Soupie,"Wallingford, PA ",Pennsylvania
Jake Worthen,"Escanaba, MI",Michigan
Ty Rucker,"Moberly, MO",Missouri
Shantiea,"Milwaukee, WI",Wisconsin
Maria Elena Gutierez,"Milwaukee, WI",Wisconsin
Domingo Ramos,"Miami, FL",Florida
Matthew©…©…©…©…,"Fayetteville, NC",North Carolina
Sami Kling,"Sheboygan, WI",Wisconsin
YT-CWB2K,"Milwaukee, WI",Wisconsin
Christaylor,"Milwaukee, WI",Wisconsin
Nubes Bucks Board,"Pulaski, WI",Wisconsin
Landen McConnell,"Muncie, IN",Indiana
Jason,"Boston, MA",Massachusetts
©…©…©…©…Kaiokenny©…©…©…©…,"Saint Louis, MO",Missouri
Coach Bobby Sibley,"Baton Rouge, LA",Louisiana
Willie Demus,"Jackson, MS",Mississippi
Courtney Schultz,"Ixonia, WI",Wisconsin
Terri Coleman,"Milwaukee, WI",Wisconsin
Wolves Den©…©…,"Ada, OK",Oklahoma
Alda Lipscomb,"Wauwatosa, WI",Wisconsin
Phillip duclas,"Philadelphia, PA",Pennsylvania
Scoop Lowy,"Dania Beach, FL",Florida
Aggelos K.,"Los Angeles, CA",California
Abdalla M. Hussein,"Milwaukee, WI",Wisconsin
Jordan Hackerott,"Kingman, KS",Kansas
Roy Hinson,Florida,Florida
crscleans50,"Oak Creek, Wisconsin ",Wisconsin
Malik 7,"Chicago, IL",Illinois
Justin Dial,"Oxford, MS",Mississippi
S.Marii,"Milwaukee, WI",Wisconsin
Christie,"Milwaukee, WI",Wisconsin
Jordan M. Wetzel,"Dickinson, ND",North Dakota
Galena Garlic/Laszlo,"Galena, IL  Geneva, IL ",Illinois
Rosella Joseph,"Milwaukee, WI",Wisconsin
Noah arnold,"Blythewood, SC",South carolina
James Tan,"Boston, MA",Massachusetts
Brigitte Heft,"West Bend, WI",Wisconsin
Big Jayy ©…©…©…©…©…©…,"Queens, NY",New York
New Lawn,"Milwaukee, WI",Wisconsin
Tao,"Milwaukee, WI",Wisconsin
Chill Palace Sports,"Minneapolis, MN",Minnesota
sam sundeen,"Superior, WI",Wisconsin
Walker Dietzen,"Oshkosh, WI",Wisconsin
K Diddy ©…©…,"Philadelphia, PA",Pennsylvania
DieHardBucksFan,"Kenosha, WI",Wisconsin
Andrew Cuevas,"Los Angeles, CA",California
Christian Salem,"South San Francisco, CA",California
freshazhellcuzdaFedzWatchin,"Cleveland, OH",Ohio
Max,"New York, NY",New York
Ballislife187187,"Beloit, WI",Wisconsin
Christopher Tisdell,"Worcester, MA",Massachusetts
Remy E. LeBeau,"Chicago, IL",Illinois
bw,"Milwaukee, WI",Wisconsin
John Pleshek,Wisconsin,Wisconsin
Ashley,"West Allis, WI",Wisconsin
Nic,"Sammamish, WA",Washington
9-1 ©…©…,"Groveland, FL",Florida
KG23L&©…©…,"San Antonio, TX",Texas
Jamil s bitch,"Pullman, WA",Washington
Joe Lenski,"Oak Creek, WI",Wisconsin
Johnjemison,"Akron, OH",Ohio
Katie Biersach,"Oshkosh, WI",Wisconsin
Garrett,"Shawnee, OK",Oklahoma
$tewie ,"Omaha, NE",Nebraska
Jake Howell,"Grafton, WI",Wisconsin
The Joker,"Winona, MN",Minnesota
Giovanny,"Miami, FL",Florida
Tyler Just,"Green Bay, Wisconsin",Wisconsin
"©…©…Bruh Mane !""","Seattle,WA'™Austin, TX",Texas
Danlyn Hale,"Lubbock, Texas",Texas
Brian ©…©…,"Las Vegas, NV",Nevada
Wesley Kress,"Phoenix, AZ",Arizona
Cody Fischer,"Hartland, WI",Wisconsin
KxngTre,"Milwaukee, WI",Wisconsin
Conan Mc,"Currently - Brooklyn, NY",New York
Shoichi Sato,"Las Vegas, NV",Nevada
Ty Smith,"Dubtown, GA",Georgia
JaKari Wilkins,"Newport News, VA",Virginia
Nikolas Tjugum,"Oshkosh, WI",Wisconsin
Richard Fuchs,"Fox Point, WI",Wisconsin
Abeler Chiropractic,"Anoka, MN",Minnesota
Brian Srite,"Memphis, TN",Tennessee
Patrick Koleske,"Green Bay, WI",Wisconsin
AZSportsFiend,"Tempe, AZ",Arizona
Ryan Rogers,"Brookfield, WI",Wisconsin
Johnny Neu,"Milwaukee, WI",Wisconsin
Caleb Hauck,"Corona, CA",California
Johnny Skidmore,"West Bend, WI ",Wisconsin
Max Branciforte,"Oakton, VA",Virginia
DevonMoBuckets©…©…©…©…©…©…,Illinois,Illinois
Ballgame James II,"Elsmere, DE",Delaware
Sunny Delight,Texas,Texas
Andrew©…©…,"Milwaukee, WI",Wisconsin
Quinn Heintz,"Neenah, WI",Wisconsin
Mike Beeber,"Wausau, WI",Wisconsin
Amanda,"Milwaukee, WI",Wisconsin
..d'™..,"Osceola, AR",Arkansas
Tim Hardy,Wisconsin,Wisconsin
Derek John #TeamReal,Madison,Madison
ogcanadiangaming,"Sonora, CA",California
Morgan Guyer,"Richmond, VA",Virginia
Ojin,"Gallatin, TN",Tennessee
Dallas Altmire,"Carthage, NY",New York
sean p.s.,"Philadelphia, PA",Pennsylvania
Trudi Woods,"Fox Valley,WI",Wisconsin
Max Phipps,"Mulvane, KS",Kansas
Rhett Douglas,"Palestine, Texas",Texas
Mikeal©…©…©…©…,"St Cloud, MN",Minnesota
November 20th. ©…©…,"Minneapolis, MN",Minnesota
Mark Finkelstein,"Gainesville, FL",Florida
Tyler Morgan,"Missouri City, TX",Texas
Akram Ouardirhi ©…©…©…©…,"New York, NY",New York
Tyler Kautzman,"Mount Pleasant, WI",Wisconsin
Basketball,"Los Angeles, CA",California
C U L T U R E 2 O TW,"New York, NY",New York
Austin Bahr,"Stoughton, WI",Wisconsin
Butch Beard,"Wichita,Kansas",Kansas
TRINIDAD_J,"Anaheim,California ",California
Dave,"Las Vegas, NV",Nevada
Dylan Smith,"Santa Rosa, CA",California
Eric Olson,"Lake Geneva, WI",Wisconsin
Yuot Gai (YG),Arizona ,Arizona
Bryan Bergner,"Milwaukee, WI",Wisconsin
BlaztfuII,"Chicago, IL",Illinois
Denzel James Kennedy,"Valley City, ND",North Dakota
Main,"Milwaukee, WI",Wisconsin
The Vertical,"New York, NY",New York
Ryan Gorzek,"Eau Claire, WI",Wisconsin
Jack Hauser,"Waukesha, WI",Wisconsin
rvchh,"Milwaukee, WI",Wisconsin
Courtney Wiemer,"Eau Claire, WI",Wisconsin
Ben Bustos Jr,"Cedar City, UT",Utah
DraftFeen,"Chicago, IL",Illinois
Based Native ©…©…,"Queens, NY",New York
Adam Laeyendecker,"Neenah, WI",Wisconsin
Victor Silva,"Chicago, IL",Illinois
William Picchiarini,"Pompano Beach, FL",Florida
Christo,"New York, NY",New York
Brandon Fenderson,"Milwaukee, WI",Wisconsin
Jackson Fahl,"Brookfield, WI",Wisconsin
#CFN4L,"McDonough, GA",Georgia
Aimee Shore,"Milwaukee, WI",Wisconsin
Timothy D. Ligon,Georgia,Georgia
ExactlyZach,"Seymour,IN",Indiana
BucksRT,"Milwaukee, WI",Wisconsin
Lo,"Los Angeles, CA",California
Yahoo Sports,"Playa Vista, CA",California
Brandon Mucha,"Appleton, WI",Wisconsin
Breon BreWeezy,"Milwaukee, WI",Wisconsin
DVC,"Denver, CO",Colorado
Donovan McSlab,Illinois,Illinois
Michael Rogers,"Milwaukee, WI",Wisconsin
ItsJustAndriy©…©…©…©…©…©…,"Milwaukee, WI",Wisconsin
Daniel Caroll,"Pewaukee, WI",Wisconsin
Post Social,"Madison, WI",Wisconsin
SH Mens Lacrosse,"South Hadley, MA",Massachusetts
Arthur Resnick,"Reading, PA",Pennsylvania
Ryan Demello,"San Tan Valley, AZ",Arizona
Justin Moker,"Menasha, WI",Wisconsin
Noel,"Plover, WI",Wisconsin
ZJ,"Chicago, IL",Illinois
Vjay,"Henderson, NV",Nevada
Kelsey DeBlois,"Milwaukee, WI",Wisconsin
Christopher,"West Chicago, IL",Illinois
Colin Hayes,"Milwaukee, WI",Wisconsin
Mitch Schaub,"West Bend, WI",Wisconsin
Matt Jurvelin,"Baraboo, WI",Wisconsin
NBA Talk,"Bronx, NY",New York
Brandon Doyle,"Racine, WI",Wisconsin
Jamaya Dwayne,"Los Angeles, CA",California
Chris Sutton,"Milwaukee, WI",Wisconsin
Christian Shepley,"Milwaukee, WI",Wisconsin
Josh Barger,"Salina, KS",Kansas
Jericho Bantigue,"Scottsdale, AZ",Arizona
Paul Darbutas,"Kenosha, Wisconsin",Wisconsin
Lori Nickel,"Milwaukee, WI",Wisconsin
J.G. Alarcon,"South Hayward, CA",California
Logan Connaughton,"Troy, MI",Michigan
Michael Alisky,"Centennial, CO",Colorado
Zach,"Houston, TX",Texas
stephane chinang,"Milwaukee, WI",Wisconsin
Chris Konz,Wisconsin,Wisconsin
thetruth©…©…sports,"Secaucus, NJ",New jersey
IA Playground,"Milwaukee, WI",Wisconsin
Big Sam Rothstein,"Houston, TX",Texas
Will Smith,"St Louis, MO",Missouri
alex jordan,"Atlanta, GA",Georgia
Ethleen Stories,"Milwaukee, WI",Wisconsin
Nihilist Bucks,"The Graveyard of Hope, WI",Wisconsin
Muequita,"Milwaukee, WI",Wisconsin
Darrell Hykes,"Atlanta,  GA",Georgia
MitchGarson,"Appleton, WI",Wisconsin
Jaden Nguyen,"Austin, TX",Texas
Issa_Queen,"Milwaukee, WI",Wisconsin
Julio Colon,Massachusetts,Massachusetts
Vatsal Gandhi,"Chicago, IL",Illinois
Slim Thicc,"Boston, MA",Massachusetts
Daniel,"Tracy, CA",California
James,"Chicago, IL",Illinois
Pittsburgh Phinchez,"Pittsburgh, PA",Pennsylvania
Kyle Crabbe,"Queens, NY",New York
Steve Dempsey,"Menasha, WI",Wisconsin
Damian,"Bakersfield, CA",California
Bryan Dee,"Milwaukee, WI",Wisconsin
Wilfredo Rivera,"New Bedford, MA",Massachusetts
Jim Malloy,"Milwaukee, WI",Wisconsin
Maggie Lamal,"Milwaukee, WI",Wisconsin
Home Court Sports,"Milwaukee, WI",Wisconsin
K A M A R I.,"Milwaukee, WI",Wisconsin
Nasir Jr.©…©…+,"Charlotte, NC",North Carolina
Brandon Anderson,"Houston, TX ",Texas
Ethan Higginbotham,"Wellington, KS",Kansas
"E.J. Van Dyken, Jr.","Prior Lake, MN",Minnesota
Tyler Peters,"Tampa, FL",Florida
Dave©…©…©…©…&©…©…,"Bronx, NY",New York
DEROY,"New Orleans, LA",Louisiana
Derek Soczka,"Beaver Dam, WI",Wisconsin
Jacob Vawter,"Nashville, TN",Tennessee
AC LYM CREW,"Milwaukee, WI",Wisconsin
Nathan Broughton,"Nashville, TN",Tennessee
TIM BOLLIS,"Big Bend, WI",Wisconsin
Bango,"Milwaukee, WI",Wisconsin
Fnaf Kelvin Osrio JR,"Milwaukee, WI",Wisconsin
Zach Carlson,Wisconsin,Wisconsin
Chris Kwiatkowski,"Milwaukee, WI",Wisconsin
Dylan Lioliadis,"Reno, NV",Nevada
Kenny Bayless' Ass,Boston,Boston
Scott,Wisconsin,Wisconsin
Andre Allen,"Milwaukee, WI",Wisconsin
M,"Austin, TX",Texas
Chesterbanks,"Milwaukee, WI",Wisconsin
Ashley Rohde,"Sheboygan, WI",Wisconsin
BucksNBrews,"Milwaukee, WI",Wisconsin
Tyler Cox,"Richmond, ME",Maine
Mu Mu,"Milwaukee, WI",Wisconsin
Aleksandar Sesum,"Milwaukee, WI",Wisconsin
Sophia Gulczynski,"Franklin, WI",Wisconsin
Aaron on da Eastside,"Milwaukee, WI",Wisconsin
Robert Weidner,"Mesa, AZ",Arizona
Andy,"Milwaukee, WI",Wisconsin
Brianna Mae,California,California
Gaetan Grandelli,"Philadelphia, PA",Pennsylvania
Lamarcus Davis,"Columbia,SC",South carolina
Dwight Brooks,"Greenville, SC",South carolina
iverson Jr &™,"Soperton, GA",Georgia
Kianna,"Green Bay, WI",Wisconsin
Benjamin Robinson,"Frankfort, KY",Kentucky
Jimmy Williams,"Milwaukee, WI",Wisconsin
Ben Steinberg,"Charlottesville, VA",Virginia
Andrew_23,"Los Angeles, CA",California
Cat Country,"Marinette, WI",Wisconsin
Angela Peterson,WI,Wisconsin
Tobiasz Atwater,Connecticut ,Connecticut
Faded To Black,"Milwaukee, WI",Wisconsin
Austin Green,"Dallas, Texas ",Texas
Isaac Nino,"Taylor, MI",Michigan
Nene©…©…©…©…,"Milwaukee, WI",Wisconsin
Meil Nadisen,"Minneapolis, MN",Minnesota
The David Alan,"Erie, PA",Pennsylvania
Jessi Harper,"Menasha, WI",Wisconsin
BAAMMMMAAAAA BOY,Virginia,Virginia
DranceDragon,"New York, NY",New York
Benjamin J Lavota,"Cudahy, Wisconsin ",Wisconsin
Dylan Starck,"Monroe, WI",Wisconsin
Jacob Ahlmann,"Milwaukee, WI",Wisconsin
Kris,"Natchez, MS",Mississippi
Tony Lopez,"Chicago, IL",Illinois
KeeTheChicagoKid,"Fort Walton Beach, FL",Florida
Jimmy,"Orlando, FL",Florida
Quinn Milden,"Orlando, FL",Florida
John Piorkowski,"Atlantic City, NJ",New jersey
KentrailMoran,"Centreville, IL",Illinois
SchroderIsGOAT,"Galesburg, IL",Illinois
CNote,"Windsor, VT",Vermont
bitch,"Cudahy, WI",Wisconsin
Yung Man Riverwalk,"Marion, IN",Indiana
Outsydr Music Group,"Appleton, WI",Wisconsin
David Radzinski,"Marshfield, WI",Wisconsin
Julie,"Ashburn, VA",Virginia
Frank Xu,"San Francisco, CA",California
Brian Cheong,"Foster City, CA",California
Andrew Mentock,"South Bend, IN",Indiana
MichaelZachaport,"New York, NY",New York
Poopz Channel,"Brownsville, TX",Texas
Matthew McJoynt,"Madison, WI",Wisconsin
mmcnamara,Massachusetts,Massachusetts
Jamie Wianecki,"Milwaukee, WI",Wisconsin
Gringo Starr,"Stillwater, Oklahoma",Oklahoma
KUDA,"Boston, MA",Massachusetts
Logan Svec,"New Berlin, WI",Wisconsin
(Head)Bandz,"Sweetwater, TN",Tennessee
j-cub,"Maryville, TN",Tennessee
Brian Artka,"Milwaukee, WI",Wisconsin
A-A Ron,"Now in Madtown, WI",Wisconsin
Scott Baum,Madison,Madison
Brady Stewart s Stepdad,"Sacramento, CA",California
Paul Kuzma,"Simi Valley, CA",California
Paul Kuzma,"Christiansburg, VA",Virginia
jojo,"Imperial, CA",California
Brody Conaty,"Grand Ledge, MI",Michigan
Don Mayer,"Tysons, VA",Virginia
Konner Price,"Dallas, TX",Texas
Hamzerr,"Cleveland, OH",Ohio
Terryon Mcbride,"Chicago, IL",Illinois
Thomas Adjapong,"Framingham, MA",Massachusetts
Anthony,"Milwaukee, WI",Wisconsin
Isaiah Adkins,"Pikeville, KY",Kentucky
kevin wetli,"Green Bay, WI",Wisconsin
"""FREDERICK""©…©…","Bronx, NY",New York
Jaxon Mozzocio,"New Castle, PA",Pennsylvania
©…©…,"Dallas, TX",Texas
AlexFox,"Newport, TN",Tennessee
O_dizzle,"New York, NY",New York
©…©…,"Hialeah, FL",Florida
Travis Scarangello,"Kailua, HI",Hawaii
Naimo The Narrator,"Milwaukee, WI",Wisconsin
Sam Haine,"Seattle, WA",Washington
Johnathan Stewart,"Wilmington, OH",Ohio
Andy Gallion,"Wauwatosa, WI",Wisconsin
Brian Parson,"New Albany, Indiana ",Indiana
Taylor Skiff,"New York, NY",New York
Lil King©…©…©…©…,"Milwaukee, WI",Wisconsin
Austin Coleman,"Poplar Bluff, MO",Missouri
The ManCave,"Indianapolis, IN",Indiana
K,"Lincoln, NE",Nebraska
E. Speight©…©…,"Hudson, NC",North Carolina
Brandon TOS,"Hudson Valley, NY",New York
Oscar ©…©…©…©…,"San Antonio, TX",Texas
Boston L tics,"Boston, MA",Massachusetts
JT,"Plano, TX",Texas
Nate Egofske,"New Berlin, WI",Wisconsin
Rob S. Porter,"Houston, TX",Texas
Gary,"Milwaukee, WI",Wisconsin
Ben Espinoza,"Cedar Park, TX",Texas
Cam Tee,"Houston, TX",Texas
Matt McCrea,Wisconsin,Wisconsin
Jessica Boyd,"Memphis, TN",Tennessee
Cristian Aldaco,"San Antonio, TX",Texas
Jacob Lee Fletcher,"Danville, KY",Kentucky
The Flash ˇ™,"Chandler, AZ",Arizona
Brian Lerret,"Brookfield, WI",Wisconsin
Rhonda,"Milwaukee, WI",Wisconsin
Kirk,"Appleton, WI",Wisconsin
RandyShannon4GBPDC,"Green Bay, WI",Wisconsin
Ramon Valentino Jr.,"Pittsburgh, PA",Pennsylvania
xxxspoonmanxxx,"Green Bay, WI",Wisconsin
Dan Hips,Boston,Boston
Kirk,"Marion, OH",Ohio
NooBask,"Oklahoma City, OK",Oklahoma
Haldane Harris ©…©…©…©…,"Virginia Beach, VA",Virginia
jared,"Louisville, KY",Kentucky
Jerome Schmitt,"Oak Creek, WI",Wisconsin
Nikko Raptoulis,"Savannah, GA",Georgia
Hakeem Frazier,"Atlanta, GA",Georgia
Awl,Madison,Madison
Kelly Richardson,"Mt. Horeb, WI",Wisconsin
Benjamin Abrams,"Miami, FL",Florida
Christopher Sifa,"Milwaukee, WI",Wisconsin
Yolk,"Brown Deer, WI",Wisconsin
David,"Portland, Oregon",Oregon
Tyler,"Houston, TX",Texas
Arieauna Winchell,"Milwaukee, WI",Wisconsin
Johnathan Thiede,"West Bend, WI",Wisconsin
Mark S. Kapocius,"Greendale, WI",Wisconsin
Billiam Jefferson Clinton,"Milwaukee, WI",Wisconsin
Brett MacConnell,"Princeton, NJ",New jersey
Sean Greene,"Staten Island, NY",New York
Caleb Nikodem Jr.,"Niles, Michigan",Michigan
©…©…™©…©…™©…©…™,"Chicago, IL",Illinois
dylan nelson,"Kimberly, WI",Wisconsin
Hai Lam,"Dallas, TX",Texas
A. Sherrod Blakely,"Boston, MA",Massachusetts
Bryan Resch,"Milwaukee, WI",Wisconsin
Tabatha,"Seymour, WI",Wisconsin
Demarte Lewis,"Racine, WI",Wisconsin
Johnny Lechner,"Los Angeles, CA",California
George Marvin,"Ashwaubenon, WI",Wisconsin
MaKayla,"West Bend, WI",Wisconsin
Arik,"Hoboken, NJ",New jersey
Alex Fountain,Wisconsin,Wisconsin
Hollie Coburn,"Grove City, OH",Ohio
Steve Vear,"Los Angeles, CA",California
Penny Hartis,"Milwaukee, WI",Wisconsin
Darkis Davis,"Milwaukee, WI",Wisconsin
Olines,"Racine, WI",Wisconsin
GHS Bands,"Grafton, WI",Wisconsin
Delilah Jummy,"Glendale, WI",Wisconsin
ella j,"Milwaukee, WI",Wisconsin
Preston Dubey,"Mukwonago, WI ",Wisconsin
max,"Chicago, IL",Illinois
jONE7s,"Baltimore, MD",Maryland
Dave Haseman,"Milwaukee, WI",Wisconsin
Lauren Anderson,"Milwaukee, WI",Wisconsin
Alex Kue,"Howell, MI",Michigan
Gerard,"Milwaukee, WI",Wisconsin
Adam Pedersen,"Milwaukee, WI",Wisconsin
Liam,"Green Bay, WI",Wisconsin
Sam Hauser,"Stevens Point, WI",Wisconsin
ZacharyB,"Green Bay, WI",Wisconsin
Gorillagunner89,"Milwaukee, WI",Wisconsin
Cyclical,"Milwaukee, WI",Wisconsin
Moreno,"Los Angeles, CA",California
Ace,"Green Bay, WI",Wisconsin
jaspreet,"Milwaukee, WI",Wisconsin
Jayden Johnson©…©…©…©…©…©…,"GOOSE CREEK, SC",South carolina
David Mccarthy,"Oshkosh, WI",Wisconsin
Champ Gilliam,"Norfolk,VA",Virginia
Gavin Hartman,"Westfield, IN",Indiana
Tyler Thomas,"Green Bay, WI",Wisconsin
Micah Bondon©…©…,"Chico, CA",California
Jake Paul Is dad,"Greendale, WI",Wisconsin
Nikitas Handrinos,"Stamford, CT",Connecticut
{Derek},"Phoenix, AZ",Arizona
Deondre Bourne,"Brooklyn, NY",New York
Walt Stanfield,"Wilmington, NC",North Carolina
Eye1da,"NY, NY",New York
Jack Stein,"Bluntico, CA",California
Micah Singley,"Murfreesboro, TN",Tennessee
Delaney,"Costa Mesa, CA",California
Marshall Forsythe,"Taylors, SC",South carolina
Christopher Ryan,"Seattle, WA",Washington
Xzavier Davis-Bilbo,"Milwaukee, WI",Wisconsin
Sam,"Keyport, NJ",New jersey
Frenchie,"New Britain, CT",Connecticut
Carus Epps,"Yemassee, SC",South carolina
Tim Cooper,"Stockton, CA",California
Chris Delaney,"Quincy, MA",Massachusetts
Brett Cannon,"Dallas, TX",Texas
Evenson,"Coral Springs, FL",Florida
Brenda jusufi,"Green Bay, WI",Wisconsin
Daquan carr,"Waukesha, WI",Wisconsin
Miles Elijah Morales,"Racine, WI",Wisconsin
KEVIN KIESIG,"Sturtevant, WI",Wisconsin
Abby Sendelbach,"Kronenwetter, WI",Wisconsin
David Dennehy,"Boston, MA",Massachusetts
Janar Banks,"Milwaukee, WI",Wisconsin
Quez Williams,"Gastonia, NC",North Carolina
WLBB Tournament,"Wind Lake, WI",Wisconsin
McKinley Cullins,"Milwaukee, WI",Wisconsin
Jason Skalski,"East Aurora,  NY",New York
Andrew,"Greendale, WI",Wisconsin
Jason Ames,"Muskegon, MI",Michigan
RGS_Hamburger892,"New York, NY",New York
Ian Abenir,FL,Florida
Victor,"Brownsville, TX",Texas
Billy McKay Jr.,"Milwaukee, WI",Wisconsin
BrockandDub WaH,"Madison, WI",Wisconsin
David Coll,"Philadelphia, PA",Pennsylvania
Mark Trova,"Brighton, NY",New York
Sage Wellness Group,"Hendersonville, NC",North Carolina
"32 Designs, LLC","Waupaca, WI",Wisconsin
Marquise Taylor,"West Allis, WI",Wisconsin
Shauna,"Menomonee Falls, WI",Wisconsin
John Steinbach,"Milwaukee, WI",Wisconsin
Syed Hassan,"Chicago, IL",Illinois
CHOOWEISFLOG,"Milwaukee, WI",Wisconsin
Jake Moore,"Dallas, TX",Texas
Michelle Smith,"Lebanon, PA",Pennsylvania
Mark,"Philadelphia, PA",Pennsylvania
Charles Lane,"Bartlett, IL",Illinois
Daddy,"Milwaukee, WI",Wisconsin
Michael,"Milwaukee, WI",Wisconsin
Raevon,"Los Angeles, CA",California
Matthew LeSieur,"Milwaukee,WI",Wisconsin
Tyler Kohn,"Weston, WI",Wisconsin
Brian Dreyfus,"Milwaukee, WI",Wisconsin
Nick,"Milwaukee, WI",Wisconsin
Marquita Angeles,"Milwaukee, WI",Wisconsin
Labelle Bros,"Thiensville, WI",Wisconsin
Luke Verbruggen,"Little Chute, WI",Wisconsin
Michael Belli,Wisconsin,Wisconsin
Ruby Burton,"Galion, OH",Ohio
ericl58,"Detroit, MI",Michigan
Tony M,"Waukesha, WI",Wisconsin
LeakDaDon,"Milwaukee, WI",Wisconsin
KDKANE75,"Philadelphia, PA",Pennsylvania
Laverl Johnson,"Milwaukee, WI",Wisconsin
alias,"American Canyon, CA",California
ShannonKing,"Milwaukee, WI",Wisconsin
MM©…©…©…©…,Iowa,Iowa
Zach Tarver,"Benton, AR",Arkansas
MYKE-HYLTON,"Dallas, TX",Texas
Macknzie,"Appleton, WI",Wisconsin
Ronan,"Port Washington, WI",Wisconsin
Bryan Kent,"Chicago, IL",Illinois
Damian,"Woburn, MA",Massachusetts
Thomas Dolese,"Bay St Louis, MS",Mississippi
Joe Lamelza,"Philadelphia, PA",Pennsylvania
David Euliss,"Winston-Salem, NC",North Carolina
James Scanlan,MA,Massachusetts
Chance,"Sacramento, CA",California
Tye Law,"Elm Grove, WI",Wisconsin
Uziel,"Milwaukee, WI",Wisconsin
Austin Ross,"La Crosse, WI",Wisconsin
Sanders,Austin,Austin
Ebony Taylor,"Milwaukee, WI",Wisconsin
Tanglewood Greens,"Menomonie, WI",Wisconsin
Victoria M. King,"Milwaukee, WI",Wisconsin
Hi I Like Cock,"Elm Grove, WI",Wisconsin
Angel,"Milwaukee, WI",Wisconsin
Hank Tatum,"Kennesaw, GA",Georgia
Deontre Allen,"Toledo, OH",Ohio
JayCinco,"Brooklyn, NY",New York
Thompson'sProcess,"Milwaukee, WI",Wisconsin
Dr. Boozier,"Schofield Barracks, HI",Hawaii
zxaddy©…©…,"Bowie, MD",Maryland
Colin Glavas,"Williamsburg, VA",Virginia
Justin Stasik,"Eagle, WI",Wisconsin
Cboogie©…©…(',"Durham, NC",North Carolina
Mia Beverly Bradley,"Green Bay, WI",Wisconsin
nathan,"Dallas, TX",Texas
Wiliie Curry,"Milwaukee, WI",Wisconsin
Scott Carpenter,"Bangor, ME",Maine
TrueDarkAssassin,"Appleton, WI",Wisconsin
PhillyFet,"Dallas, PA",Pennsylvania
Paul Agbor,"Irvine, CA",California
QueszSanders©…©…,"Alton, IL",Illinois
Conrad Patrick Jr,"Oshkosh, WI",Wisconsin
Leticia Torres,"Milwaukee, WI",Wisconsin
Fartun Ahmed,"Milwaukee, WI",Wisconsin
Derek Lipski,"Golden, CO",Colorado
Mason A.D. Drake,"St Petersburg, FL",Florida
big scrill,"Milwaukee, WI",Wisconsin
Brandon Frederickson,"Milwaukee, WI",Wisconsin
Zen Simmons,"Norristown, PA",Pennsylvania
James Graham,"Austin, TX",Texas
Joe Wachowiacz,"Milwaukee, WI",Wisconsin
Christopher Peterson,"Waukesha, WI",Wisconsin
©…©…,WI,Wisconsin
Tyler Cohen,"Houston, TX",Texas
Simon Rech,"Chicago, IL",Illinois
Thai,"Minneapolis, MN",Minnesota
WTF AZ Cardinals (Mr.Splasheen),AZ,Arizona
Pat Z,"Genesee, WI",Wisconsin
Riley Haas,"De Pere, WI",Wisconsin
J Walton,"Houston, TX",Texas
Amanda,"Green Bay, WI",Wisconsin
Pj reidout,"Bakersfield, CA",California
Joshy P,"Milwaukee, WI",Wisconsin
DOLAN TWINS ARE BAE,"Butternut, Wisconsin",Wisconsin
MKE_Eats,"Milwaukee, WI",Wisconsin
DUTT_KING_JU,"Milwaukee, WI",Wisconsin
Kyla Janez Seals,"Milwaukee, WI",Wisconsin
Michael Sloan,"McConnell Air Force Base, KS",Kansas
s.s.,"Los Angeles, CA",California
Dennis Conroy,"West Bend, WI",Wisconsin
John Buron,"Freetown, MA",Massachusetts
Linda Grove,"Orlando, FL",Florida
Geoff Torgerson,"Muskego, WI",Wisconsin
Klowee ©…©…,"Franklin, KY",Kentucky
Daniel,"Milwaukee, WI",Wisconsin
ALLBLACKEVERYTHING,"Philadelphia, PA",Pennsylvania
Dejaquannamcvea,"Appleton, WI",Wisconsin
Aaron,"Willowbrook, IL",Illinois
erika rodriguez,Wisconsin,Wisconsin
Dana Peterson,"Stevens Point, WI",Wisconsin
Andy Garcia,"Chicago, IL",Illinois
kadan jablonski,"Watertown, WI",Wisconsin
Diante J Wingo,"Milwaukee, WI",Wisconsin
Kevin Koscak,"Madison, WI",Wisconsin
Devon Becher,"Janesville, WI",Wisconsin
Susan Shird,"Waukesha, WI",Wisconsin
native ©…©…,"Queens, NY",New York
Yadiel Alberto,"Milwaukee, WI",Wisconsin
Nick Valenti,"Patchogue, NY",New York
Max Lopez,"Mexico, ME",Maine
Ypn A,"Milwaukee, WI",Wisconsin
Nathan Townsend,"New Hope, PA & Atlanta,Georgia",Georgia
Natshawn,"Milwaukee, WI",Wisconsin
ABˇ™,"Oakland, CA",California
Rene Ranic,"Mukwonago, WI",Wisconsin
Steven Soukup,"Milwaukee, WI",Wisconsin
The_Coach_Misha_,"Tampa, Florida",Florida
150dt ©&™,"Tyler, TX",Texas
Left Konstantinidis,"Boston, MA",Massachusetts
k&g entertainment,"Evanston, IL",Illinois
Tyler Mordarski,"Hilliard, OH",Ohio
Training Aid Hockey,"Fond du Lac, WI",Wisconsin
Au$tin Grochow$ki,"Milwaukee, WI",Wisconsin
Autumn,"Milwaukee, WI",Wisconsin
Curtis Seatbelt,"Milwaukee, WI",Wisconsin
Ct Will©…©…,"Milwaukee, WI",Wisconsin
Lil Uber Vert,"Milwaukee, WI",Wisconsin
Tipcal_H3,"Milwaukee, WI",Wisconsin
Coach Lamp,"Cincinnati, Ohio",Ohio
PBBB Flagship,"Warrenville, IL",Illinois
Jatelvayn Mosley,"Bluffton, SC",South carolina
KinggKoradrio,"Moore, OK",Oklahoma
Nathan Park,"Alpharetta, GA",Georgia
Cindy Steven,"Cedar Falls, IA",Iowa
Katie Holtz,"Milwaukee, WI",Wisconsin
Lorenzo Conigliaro,"Mukwonago, WI",Wisconsin
Bryan Rineck,"Minneapolis, Minnesota",Minnesota
Parker Keares,"Lititz, PA",Pennsylvania
Susan K Moore,"Greenfield, WI",Wisconsin
Pooh Mariee,"Milwaukee, WI",Wisconsin
Franke,"North Chicago, IL",Illinois
Bill Lightner,Pennsylvania ,Pennsylvania
Thomas,"Fort Lauderdale, FL",Florida
Nathan Krenz,"St. Croix Falls, Wisconsin",Wisconsin
michael t. galloway,"Milwaukee, WI",Wisconsin
A'Niceee,"Milwaukee, WI",Wisconsin
Opps,"Cedarburg, WI",Wisconsin
Noah Prideaux,"Kimberly, WI",Wisconsin
Ghostmustroast,"Milwaukee, WI",Wisconsin
Alfonzo Fields,"Milwaukee, WI",Wisconsin
Aaron,"Philadelphia, PA",Pennsylvania
Christian Woodard,"Racine, WI",Wisconsin
Josh Murray,"Kendall, WI",Wisconsin
Ricky Ayala,"Laredo, TX",Texas
Denzel Harper,"Randolph Air Force Base, TX",Texas
Xavier Bell,"Atlanta, Georgia",Georgia
Taylor,"Milwaukee, WI",Wisconsin
Brandon Goss,"Gatlinburg, TN",Tennessee
Demonde Barmore,"Rockford, IL",Illinois
Mike Marley,Indiana,Indiana
YouTuber©…©…,"Little Elm, TX",Texas
Richard Hernandez,"Flagstaff, AZ",Arizona
Jeremy Syverson,"Milwaukee, WI",Wisconsin
Cole K Weber,"New York, NY",New York
Christian,"Oakland, CA",California
T-Kel,"Antioch, CA",California
Tyler Rowell,"Peapack and Gladstone, NJ",New jersey
+	G	0	M	0	>	0	@	,"Houma, LA",Louisiana
Seth Barden,Wisconsin,Wisconsin
fuad Ball©…©…©…©…,"Brooklyn, NY",New York
Alex Van Ert,"Minneapolis, MN",Minnesota
Tyler Peot,"Manitowoc, WI",Wisconsin
Robert Schneider,"Wauwatosa, WI",Wisconsin
Izzy … ©…©… ©…©…,"Los Angeles, CA",California
L&™Ghee©…©…™Shawno©…©…,"Chicago, IL",Illinois
George,"Kaukauna, WI",Wisconsin
OG WUAN,"Milwaukee, WI",Wisconsin
Rise Park Athletics,"Philadelphia, PA",Pennsylvania
Jeffrey J. Delwiche,"Chicago, IL",Illinois
Sean Giblin,"Aurora, IL",Illinois
Michael Clausing,"Milwaukee, WI",Wisconsin
Logan Swafford,"Lawrence, KS",Kansas
Andrew Rehm,"Palatine, IL",Illinois
Jeremiah Capra,"Portland, OR",Oregon
Le-Druicy,"Galena, KS",Kansas
Roosevelt Hall,"Milwaukee, WI",Wisconsin
Tyler R. Lemasters,West Virginia,West Virginia
Adam George Wirkus,"Minneapolis, MN",Minnesota
Issa James,"Waukegan, IL",Illinois
Andy Strenski,"Green Bay, WI",Wisconsin
Ben Mull,"Pittsburgh, PA",Pennsylvania
Marissa,"Horn Lake, MS",Mississippi
Derek S. Braucht,"Madison, WI",Wisconsin
Marco Lalonde,"Sacramento, CA",California
Everything Sports,CT,Connecticut
Dean Paul Cordero,"Lincolnwood, IL",Illinois
Matt Rodriguez,"St Paul, MN",Minnesota
Joseph Missurelli,"Milwaukee, WI",Wisconsin
Drew Rudolf,"Appleton, WI",Wisconsin
Kory,Wisconsin,Wisconsin
The #1 Ball Brother,"Chino Hills, CA",California
jac,"Little Rock, AR",Arkansas
Bruce Fellenz,"Appleton, WI",Wisconsin
Kay,"Milwaukee, WI",Wisconsin
Brendan Krutz,"Neenah, WI",Wisconsin
christina j,Illinois ,Illinois
Marcus Fenix,"Orlando, FL",Florida
Kellie Jankowski,"Germantown/Milwaukee, WI",Wisconsin
K Stands 4 King,"Riverside, CA",California
Courtney J Stevens,"Durham, NC",North Carolina
David Howe,"Portland, OR",Oregon
Sean Woods,"Philadelphia, PA",Pennsylvania
Robert Weiner,"Kalamazoo, MI",Michigan
CJ Robinson,"Rib Mountain, WI",Wisconsin
Timothy Strack,"Milwaukee,Wisconsin",Wisconsin
Georgiana Page,"Milwaukee, WI",Wisconsin
Emiliano,"Montgomery Village, MD",Maryland
Kyle,"Milwaukee, WI",Wisconsin
Steven Pascal,"Philadelphia, PA",Pennsylvania
Steven Gates,"Little Chute, WI",Wisconsin
Lizzy Ontiveros,"Milwaukee, WI",Wisconsin
Ramon Singh,"La Porte, IN",Indiana
Trevon McNeal,"Mesa, AZ",Arizona
Joe Canniff,"Beaver Dam, Wisconsin ",Wisconsin
Ronnie jackson,"Milwaukee, WI",Wisconsin
YellahBird83,"Milwaukee, WI",Wisconsin
Garrett wood,"Hilliard, OH",Ohio
Corey Anderson,"Lewiston, Idaho",Idaho
Chad Pires,"Tolland, CT",Connecticut
ClarkKen+,"Austin, TX",Texas
Bucks ©…©…,"Milwaukee, WI",Wisconsin
Ethan Sawyer,"Germantown, WI",Wisconsin
Tommy McMullen,"San Diego, CA",California
Jarrad Kerekes,"Akron, OH",Ohio
Will Jelacic,"Milwaukee, WI",Wisconsin
Ben Moore,"Morehead, KY",Kentucky
Bryce Ternes,"Monterey, CA",California
James Hardy,"Cincinnati, OH",Ohio
Kelsey Lynn,"Madison, WI",Wisconsin
chris,"Neenah, WI",Wisconsin
Austin Ratajczyk,"Oconto, WI",Wisconsin
Swaggy P,"Pasco, WA",Washington
Alex Berg,Wisconsin,Wisconsin
Wisconsin Herd,"Oshkosh, WI",Wisconsin
Seth Bridges,"Memphis, Tennessee",Tennessee
Michelle Krier,"Milwaukee, WI",Wisconsin
Lucas Florsheim,"Milwaukee, WI",Wisconsin
Jon Lundgren,"Prairie du Sac, WI",Wisconsin
Dylan Anderson,"Cordova, TN",Tennessee
Erik Anderson,"Anoka, MN",Minnesota
Aaron Sievert,"Milwaukee, Wisconsin",Wisconsin
Andy Vanden Heuvel,"State College, PA",Pennsylvania
Jonah Olson,"Little Chute, WI",Wisconsin
Mykael McMahan,"Creswell, OR",Oregon
TongiThePuti,"Killwaukee, WI",Wisconsin
Donovan Rivers,"Framingham, MA",Massachusetts
Cade Tomhave,"Pittsfield, IL",Illinois
Ever Pena Lagunes,"Milwaukee, WI",Wisconsin
LIT!!!!!!,"Milwaukee, WI",Wisconsin
Cordell Tapscott,"Cuyahoga Falls, OH",Ohio
Ben Gerrits,"Green Bay, WI",Wisconsin
Motomarvelous,"San Bernardino, CA",California
Jamal,"Milwaukee, WI",Wisconsin
JustinRommel,"Poplar Bluff, MO",Missouri
Ryan McKay,"Milwaukee, WI",Wisconsin
Jeff Borgardt,Wisconsin,Wisconsin
Jaden Bellman,"Woodburn, OR",Oregon
Mr. Mosley,"Milwaukee, WI",Wisconsin
Charis,"Miami, FL",Florida
Logan Locy,"New London, WI",Wisconsin
Corey Sorrem,"Greenfield,WI",Wisconsin
Ben Zaeske,"San Diego, CA",California
White Jesus,"Green Bay, WI",Wisconsin
The Big Easy,"West Palm Beach, FL",Florida
Josh Kupferberg,"North Caldwell, NJ",New jersey
Keaton Herman,"Moline, IL",Illinois
Lucas Meyer,Wisconsin,Wisconsin
Derek DeGrand,"Green Bay, Wisconsin",Wisconsin
D'Angelo T.,"Oklahoma City, OK",Oklahoma
Ryan Antony,"Sun Prairie, WI",Wisconsin
Max Neuhaus,"White Bear Lake, MN",Minnesota
David John Newman,"Blacksburg, VA",Virginia
Danny O'Shea,"Wauwatosa, WI",Wisconsin
Alex DeGuire,"Pewaukee, WI",Wisconsin
Taylor,"Madison, WI",Wisconsin
E V,SC,South carolina
Kelly Price,"New York, NY",New York
Ben Cesar,"West Allis, WI",Wisconsin
Alek Christensen,Wisconsin,Wisconsin
Aidan©…©…,"Livonia, MI",Michigan
Syre Wilkerson,"Phoenix, AZ",Arizona
RomanEmperor84,"Milwaukee, WI",Wisconsin
Zach Baumgartner,"Bemidji, MN",Minnesota
David Ebert,"Oconomowoc, WI",Wisconsin
Doggs,"Madison, WI",Wisconsin
Troy Pike,"Lubbock, TX",Texas
Ben Barker,"Milwaukee, WI",Wisconsin
Datt Merksen,"Greendale, WI",Wisconsin
Mitchell Sella,"Madison, WI",Wisconsin
Christopher Lanham,"Madison, Wisconsin",Wisconsin
Tew Changs,"Portland, OR",Oregon
Brett Wittchow,"Oshkosh, WI",Wisconsin
Brandon Hemstead,"Green Bay, WI",Wisconsin
Derek Komisar,"Madison, WI",Wisconsin
Alicia,"Orlando, FL",Florida
Andy Hurley,"Janesville, WI",Wisconsin
Chad H. Alsteen,"Milwaukee, WI",Wisconsin
Charlie Simon,"Green Bay, WI",Wisconsin
Jim Anderson,Wisconsin,Wisconsin
Justin Wall,"Minneapolis, MN",Minnesota
Champagne of Tweets,"Milwaukee, WI",Wisconsin
Steven,"Eau Claire, WI",Wisconsin
Doug Janssen,Wisconsin,Wisconsin
Mark Dub,"Austin/Houston, TX ",Texas
#gamechanger,"Stevens Point, WI",Wisconsin
John Grigas,Madison,Madison
Stu,"Fond du Lac, WI",Wisconsin
Joel ©…©…,"Minneapolis, MN",Minnesota
Casey Hertzler,"Harrisonburg, VA",Virginia
Katy,"Lincoln, NE",Nebraska
Griff Jones,"Milwaukee, WI",Wisconsin
Joe D'Amato,Madison,Madison
Brian Meta,NY,New York
Zach Meyer,"Eau Claire, WI",Wisconsin
Quintin,"Collinsville, VA",Virginia
RZ6,"Naples, FL",Florida
LuiFromDaRoc,"Rochester, NY",New York
Michael Page,"De Pere, WI",Wisconsin
Thalen Robinson,"Arlington, TX",Texas
Tyler Wendt,"Cedarburg, WI",Wisconsin
LA Bella Chauffeurs,"Los Angeles, CA",California
Ben Mendoza,"Ogden, UT",Utah
BOOKER & WARREN & ULIS &CHRISS & BENDER & JAMES,"Charlotte, NC",North Carolina
Cy Hunter,"Stevens Point, WI",Wisconsin
joe newman,"Boonville, IN",Indiana
Leslie Rodriguez,"Milwaukee, WI",Wisconsin
Isaiah©…©…©…©…,"Minneapolis, MN",Minnesota
WOP,"Chicago, IL",Illinois
treymoore,"Vivian, LA",Louisiana
Matt Chronister,"Oak creek , WI",Wisconsin
35000,"Boston, MA",Massachusetts
©…©…,"Milwaukee, WI",Wisconsin
Andrew Schroeder,"Milwaukee,WI",Wisconsin
Melissa Mo Brown,"Milwaukee, WI",Wisconsin
Matthew Girodo,"Queen Creek, AZ",Arizona
Nick Sorenson,"St Paul, MN",Minnesota
supa,"Oakland, CA",California
The Ville 2020,"Louisville, KY",Kentucky
GOOD VIBES,"La Crosse, WI",Wisconsin
Christian ©…©…,"Anaheim, CA",California
Bryan,"Milwaukee, WI",Wisconsin
Raju,"Chicago, IL",Illinois
Bucks,"Milwaukee, WI",Wisconsin
The Association,"Minneapolis, MN",Minnesota
Julian Lehman,"Selden, NY",New York
Ran Duka,"Grand Rapids, MN",Minnesota
Ronnie Harvey,"Milwaukee, WI",Wisconsin
©…©…Justin©…©…,"Silverdale, WA",Washington
Seven^,"Long Beach, CA",California
Adonnys Jordan Sr.,"Kansas City, MO",Missouri
MR.MCDOWELL,"Philadelphia, PA",Pennsylvania
John Bruechle,"Lort River, WA",Washington
Yomijojolo,"Philadelphia, PA",Pennsylvania
.& NTFB Hippie .&,"Anchorage, AK",Alaska
Aaron Rankinen,"Sherwood, WI",Wisconsin
Zo,"New York, NY",New York
Sean T. Flick,"Kelso, WA",Washington
jordan scheidecker,"Whitewater, WI",Wisconsin
Lily,"Milwaukee, WI",Wisconsin
Demareon Collins ©…©…,"Palatine, IL",Illinois
ZSM ©…©…,"Los Angeles, CA",California
Andrew Zimmerman,"Appleton, WI",Wisconsin
Jeye wingfield,"Washington, GA",Georgia
First Take ESPN,"Bristol, CT",Connecticut
Nicholas C. Niles,"Green Bay, WI",Wisconsin
sc: salvadorOchoa20,"Milwaukee, WI",Wisconsin
August,"Sun Prairie, WI",Wisconsin
Big Baller Holden,"Moncks Corner, SC",South carolina
Nils,"Miami, FL",Florida
Justin Jacobs,"Stockton, CA",California
J . B .,"Wauwatosa, WI",Wisconsin
Higg7723,"Chesterfield, MI",Michigan
Bre Jones,"Warner Robins, GA",Georgia
Sukhwinder Singh ©…©…©…©…,"Sacramento, CA",California
Matt Kersting,"Marinette, WI",Wisconsin
Jonathan Cochrum,"St Louis, MO",Missouri
Mr. Too Clean,"Chicago, IL",Illinois
edward malcolm,"Cambridge, MA",Massachusetts
Greg,"Chicago, IL",Illinois
Danny,"Summit, IL",Illinois
Nico,"New York, NY",New York
Blackboy,"Miami, FL",Florida
TJ Walker IV©…©…,"Matthews, NC",North Carolina
Carter©…©…©…©…,"Elida, OH",Ohio
Zeke Goodin,"Conway, AR",Arkansas
Daniel Meissner,"Manchester, IA",Iowa
916kingscourt,"Sacramento, CA",California
Juan Cabrera,"Milwaukee, WI",Wisconsin
Stephen Norman,"Arnold, MO",Missouri
#g88U4< ©…©…,GA,Georgia
George Donyale,"Phoenix, AZ",Arizona
Muhamed Rashid Bin A,"Milwaukee, WI",Wisconsin
Dan Sterdt,"Chicago, IL",Illinois
Jackson Sebastiani,"Phoenix, AZ",Arizona
Brewt Kingrich,"Chicago, IL",Illinois
montreaous,"Durham,NC",North Carolina
Oscar Gamez,Oregon,Oregon
Sidd Pandey,"Frisco, TX",Texas
C O L E  K E R R,"West Bountiful, UT",Utah
Jeff Casper,"Madison, Wisconsin",Wisconsin
Oliver Maroney,"Portland, Oregon",Oregon
Josh Iraci,"Franklin, WI",Wisconsin
Matthew Chow,"San Gabriel, CA",California
Greg Preer,LA,Louisiana
Mo Dakhil,"Los Angeles, CA",California
Dustin Gibbons,"Madison, WI",Wisconsin
Pamela Pressey,"Pensacola, FL",Florida
Keith Henschel Jr,"Cudahy, WI",Wisconsin
&™Saute Jones&™,"Milwaukee, WI",Wisconsin
CJ Capizzi,"Mequon, WI",Wisconsin
Tysne,"Manheim, PA",Pennsylvania
Adam Bultman,"Franklin, WI",Wisconsin
Etop Udo-Ema,"Corona, CA",California
Lo,"Chucktown, SC",South carolina
kellen 螃™,"Boulder, CO",Colorado
Big J ©…©…,"Hickory, NC",North Carolina
Anthony Ciske,"Milwaukee, WI",Wisconsin
Kevin Schmidt,"Milwaukee, WI",Wisconsin
RenaissanceMan,"Houston, TX",Texas
J,"Milwaukee, WI",Wisconsin
Erick Berrios,Wisconsin,Wisconsin
DaPlane-DaPlane,"Manitowoc, WI",Wisconsin
Andy Kutcher,"Columbia, SC",South carolina
s c o o t,"New Orleans, LA",Louisiana
John Tymus,Wisconsin,Wisconsin
Rayquon bryson,"Milwaukee, WI",Wisconsin
Jacques,"Boston, MA",Massachusetts
Sam Peeters,"Little Chute, WI",Wisconsin
Loreta Dilaveri,"Milwaukee, WI",Wisconsin
John Lilteich,"Milwaukee, WI",Wisconsin
BigWally,"Milwaukee, WI",Wisconsin
Samantha,"Milwaukee, WI",Wisconsin
Anthony D'Angelo,"Buffalo Grove, IL",Illinois
Beibs,"Kenton, OH",Ohio
Dakota Bates,"Castle Rock, CO",Colorado
j,"Chicago, IL",Illinois
Mikal Ravenscraft,"Bellefontaine, OH",Ohio
Ross Bartelt,"Milwaukee, WI",Wisconsin
Jakobe22,"St.Paul,Minnesota",Minnesota
Brendan Sweeney,"Chicago, IL",Illinois
"""Charged""©…©…","Los Angeles, CA",California
Tom Oates,"Madison, Wisconsin",Wisconsin
[&CWEEN [&,"Green Bay, WI ",Wisconsin
Adams Mega Sports,"Atlanta, GA",Georgia
Anthony Santaga,"Austin, TX",Texas
Denzel Winfield,"Bastrop, LA",Louisiana
Marcus T,"Milwaukee, WI",Wisconsin
Jake Jozwiak,"Jackson, WI",Wisconsin
Nathan,WI,Wisconsin
Tate S,"Milwaukee, WI",Wisconsin
Kori Klosowski,"Milwaukee, WI",Wisconsin
Arjun Sawhney,"Milwaukee, WI",Wisconsin
William Scott,"Saint Louis, MO",Missouri
Frankthetank9,"Rio Rancho, NM",New mexico
Davidkaz,"Colgate, WI",Wisconsin
Josh Effinger,"Milwaukee, WI",Wisconsin
chris santiago,"Milwaukee, WI",Wisconsin
Stephen Hunter,"Hilo, HI",Hawaii
John Willkom,"Portland, OR",Oregon
Michael Weber,"Milwaukee, WI",Wisconsin
Daniel Fitzgerald,"St. Paul, MN + Milwaukee, WI",Wisconsin
Joel Radakovich,"Crown Point, IN",Indiana
Ricky,"Milwaukee, WI",Wisconsin
Aaron Collins,"Madison, WI",Wisconsin
Reese,"Manitowoc, WI",Wisconsin
Nicholas Barka,"Eau Claire, WI",Wisconsin
Stephen Shaffer III,"Murray, UT",Utah
Scott Nelson,"Menomonee Falls, WI",Wisconsin
Jeremy Langfoss,"Milwaukee, WI",Wisconsin
J. Pat Miller,"Milwaukee, WI",Wisconsin
SuperDroid Robots,"Raleigh, NC",North Carolina
xxJ*GUttA*Gxx,Texas,Texas
Justin David Kish,"Tempe, Arizona",Arizona
KINGBOODAH,"Milwaukee,WI",Wisconsin
Young Bull,"Houston, TX",Texas
lizzy©…©…©…©…,"Harrisburg, PA",Pennsylvania
Steven Haen,"Appleton, WI",Wisconsin
Christopher Allen,"Mount Vernon, NY",New York
Daniel Zehavi,"Milwaukee, WI",Wisconsin
PakClik,"D'Iberville, MS",Mississippi
Jared Schnarr,"Jasper, IN",Indiana
Tanner Daniel,"Covington, KY",Kentucky
john,"Houston, TX",Texas
Deng Nuer,"Kansas City, MO",Missouri
Patrick Graham,"Lexington, KY",Kentucky
Roy boy,"Boston, MA",Massachusetts
Andrew Beil,"Northampton, PA",Pennsylvania
Miles Jamieson,"Seattle, WA",Washington
Eliza Jaymee Almazar,"Lake Elsinore, CA",California
tanyette wiggison,"Milwaukee, WI",Wisconsin
devin horn,"Booneville, MS",Mississippi
Stewart Love,"Memphis, TN",Tennessee
Eliott,"Ann Arbor, MI",Michigan
"Ulysses Foston, Jr.","Milledgeville, GA",Georgia
Matthew Yancy,"Sheboygan, WI",Wisconsin
Pierre Toussaint,"South Elgin, IL",Illinois
Levi Helvey,"Cody, WY",Wyoming
Scott Blumenfeld,"Lehigh '17 - Long Beach, NY",New York
Sarah #StingersSound,"Lake County,Ohio",Ohio
Armando,"Milwaukee, WI",Wisconsin
Donovan,"Chicago, IL",Illinois
Jack Brandes,"Seattle, WA",Washington
Tim DuCharme,WI,Wisconsin
Greg (Larry) Jones,"Whiteland, IN",Indiana
Ethan Kulinski,"Stevens Point, WI",Wisconsin
Heath Bddie,"Baton Rouge, LA",Louisiana
Karen S. Dorman,"Abbottstown, PA",Pennsylvania
BDS Collectibles,"Milwaukee, WI",Wisconsin
rebekahjbaker,"Los Angeles, CA",California
Kev,"Dayton, OH",Ohio
Cristian Orozco,"Chicago, IL",Illinois
Zach Wingrove,"Grand Rapids, Michigan",Michigan
Doga Towels,Boston,Boston
Nate Brandt,"Milwaukee, WI",Wisconsin
Mike Schuett,"Mayville, WI",Wisconsin
JOHN DOE,"Dallas, TX",Texas
Ryan Perondi,"West Bend, WI",Wisconsin
MarQuis Trill,"Atlanta, GA",Georgia
T Davis,Mississippi,Mississippi
Pete Burns,"Appleton, WI",Wisconsin
Oski Owop,"Los Angeles, CA",California
Don Knock,Wisconsin,Wisconsin
cool dude 101,"Sussex, WI",Wisconsin
Josh Bittner,Wisconsin,Wisconsin
Wisconsin BBQ,"Milwaukee, WI",Wisconsin
Wood-Not-Stop,"Greensboro, NC",North Carolina
Derek Peterson,"Madison, WI",Wisconsin
David Rasmussen,"De Pere, WI",Wisconsin
Brian,Wisconsin,Wisconsin
Peaches En Regalia,"Milwaukee, WI",Wisconsin
Corley Real Estate,"569 E. Erie St. Milwaukee, WI ",Wisconsin
Noah Varnado,"Metairie, LA",Louisiana
Elijah Powell,"Neenah, WI",Wisconsin
Matt Janke,"Germantown, WI",Wisconsin
Lucas,WI,Wisconsin
Ben Bromley,"Baraboo, WI",Wisconsin
Tate Frazier,"Henderson, NC",North Carolina
Christopher,"Menomonie, WI",Wisconsin
Jose Tovar,"Greenfield, WI",Wisconsin
Jeremy,Wisconsin,Wisconsin
Paul Schafer,"St Paul, MN",Minnesota
Trae Tetzlaff,"Waukesha, WI",Wisconsin
arron krause,"Charleston, SC",South carolina
PolekatBrown,"Franklin, TN",Tennessee
Chad Adelman,"Arlington, VA",Virginia
Alex McClain,Wisconsin,Wisconsin
Amir Reda,"Bethesda, MD",Maryland
JJ Wiemer,"Burlington, WI",Wisconsin
Mark Kastner,"Milwaukee, WI",Wisconsin
Jay Welk,"Palm Bay, FL",Florida
THE TRUTH,"Oakland, CA",California
Gary Nephew,Wisconsin,Wisconsin
Petersen Dit,"Middleton, WI",Wisconsin
Cheryl Harles,"Oshkosh, WI",Wisconsin
Fachriansyah Rasylin,"Los Angeles, CA",California
Kyle,"Waukesha, WI",Wisconsin
Sam Newberry,"Milwaukee, WI",Wisconsin
Kevin Henke,"Owen, WI",Wisconsin
Erik Juneau,"Neenah, WI",Wisconsin
Nick.Foto,"Chicago, IL",Illinois
joe,Wisconsin,Wisconsin
Dan Devine,"West Allis, WI ",Wisconsin
Phil,"Oak Creek, WI",Wisconsin
sanders,"Denver, CO",Colorado
Peter Fahrni,"Massillon, OH",Ohio
Benton Smith,"Lawrence, KS / Kansas City, MO",Missouri
Basketball Guyaries,"Cleveland, OH",Ohio
Santiago,"Minneapolis, MN",Minnesota
Tyler Stanek,"La Crosse, WI",Wisconsin
©…©…,"New York, NY",New York
Coach Mark Kibler II,"Delavan, WI",Wisconsin
Josh Jesko,"Oak Creek, WI",Wisconsin
Chris Haworth,"Whitefish Bay, WI ",Wisconsin
emily martin,"Milwaukee, WI",Wisconsin
Tony Lyght,"Madison, WI",Wisconsin
Michael ©…©…,Wisconsin,Wisconsin
Lincoln Stultz,"Oconomowoc, WI",Wisconsin
Sam Reinhardt,"West Allis, WI",Wisconsin
A.J. Johnson,Wisconsin,Wisconsin
David Savides,"Appleton, WI",Wisconsin
Trish Rasberry,"Franklin, WI",Wisconsin
Nya,"Omaha, NE",Nebraska
Nba2k18= Trash,"Littleton, CO",Colorado
John Steltz,Wisconsin,Wisconsin
Jonathan Lopez,"Chicago, IL",Illinois
Shamal Baby,"San Diego, CA",California
Bonny Sizemore,"Avon Park, FL",Florida
Gene Krejcarek,"Ripon, WI",Wisconsin
J WolfLeader,"Winnebago, NE",Nebraska
Bobby Mikorski,"Milwaukee, WI",Wisconsin
Michael Gene Strusz,"Oshkosh, WI",Wisconsin
Jason Findley,"Novato, CA",California
Dan Brown Jr.,"Milwaukee, WI",Wisconsin
Ront,"Richmond, VA",Virginia
Christian Smith,"Bastrop, LA",Louisiana
1023cards,"Chicago, IL",Illinois
Jared,"Dunkirk, NY",New York
Caden Brownawell,"Findlay, OH",Ohio
Amy Rotzenberg,"Milwaukee, WI",Wisconsin
KiLL - BiLL,"Los Angeles , CA ",California
Hafiz,"Baltimore, MD",Maryland
Young Pub Burger©…©…,"Milwaukee, WI",Wisconsin
James Loose,Wisconsin,Wisconsin
matt,"Cleveland, OH",Ohio
Roy Pollins,"Conway, AR",Arkansas
Dunc McKenzie McHarg,"Los Angeles, CA",California
Andy Wheeler,"Portage, WI",Wisconsin
Matty,"Dousman, WI",Wisconsin
Timber,"Milwaukee, WI",Wisconsin
Mike Duqutte III,FL,Florida
Jericho Helton,"Norwood, Ohio",Ohio
Torron Packnett,"Kansas City, MO",Missouri
Matthew©…©…Riggs©…©…,"Dayton, OH",Ohio
Michael McCann,"Milwaukee, WI",Wisconsin
Gabe Eldred,"Brooklyn, NY",New York
TJ Spielvogel,Wisconsin,Wisconsin
21 Korey©…©…,"Waimalu, HI",Hawaii
J Lowery,"Round Rock, TX",Texas
HasheemBiyombo13,"Kansas City, MO",Missouri
Devin King [TCM],"Milwaukee, WI",Wisconsin
Nolan,"Beloit, WI",Wisconsin
BEDGEAR,"Farmingdale, NY",New York
Michael,Wisconsin,Wisconsin
Bill Knoche,"Gilbert, AZ",Arizona
Jason,"Menomonee Falls, WI",Wisconsin
©…©…©…©…,"St Augustine, FL",Florida
Andrew Bryl,"San Diego, CA",California
Austin Schaaf,"Billings, MT",Montana
Ryan Desimone,"Syracuse, NY",New York
Michael J,"Detroit, MI",Michigan
Derrick Richard,"Doney Park, AZ",Arizona
Ryan Miller,"Woodbury, MN",Minnesota
Kyle Mayer,Wisconsin,Wisconsin
Jacob Haury,"Milwaukee, Wisconsin",Wisconsin
Brett Paris,Wisconsin,Wisconsin
AZDream,"Milwaukee, WI",Wisconsin
nate stelzner,"weyauwega, WI",Wisconsin
KENTON WARING,"Charlotte, NC",North Carolina
Travis Wacker,"Milwaukee, WI",Wisconsin
Mr. Bizz,"Milwaukee, WI",Wisconsin
kwickieTV,"Los Angeles, CA",California
50 boy,"San Diego, CA",California
Jesus Ortiz,"Brooklyn, NY",New York
Brady Huck,"Mayville, WI - Oshkosh, WI",Wisconsin
Bustos©…©…©…©…©…©…©…©…©…©…,"Chicago, IL",Illinois
CheeseChamp21,Wisconsin,Wisconsin
Brady Barry,"Belmar, NJ",New jersey
Bandak Lul,"Phoenix, AZ",Arizona
Melanin,"Charlotte, NC",North Carolina
Danger,"Virginia Beach, VA",Virginia
L.O.F¨™DecaDEN©…©…,"Tampa, FL",Florida
RosHarrell,"Milwaukee, WI",Wisconsin
Carlton McClain,"Kansas City, Missouri",Missouri
Michael Anthony,"Zanesville, OH",Ohio
Anthony Chiavaroli,"University Park, PA",Pennsylvania
Marcus Murphy,"Green Bay, WI",Wisconsin
mr. 3 pointer,LA,Louisiana
brian,"Johnsonburg, PA",Pennsylvania
Christian Reynolds,"Platteville, WI",Wisconsin
Caleb Zwigler,"Roseville, MN",Minnesota
RockNRoll,"Los Angeles, CA",California
Paul Battles,"Naperville, Illinois",Illinois
Jack Marchese,"Sun Prairie, WI",Wisconsin
CUSE ALL DAY,"Syracuse, NY",New York
Oren Major #DON40,"Atlanta, GA",Georgia
Evan Nelson,"Roberts (Bobtown), Wisconsin",Wisconsin
TYREN LAWSON,"Oklahoma City, OK",Oklahoma
Max Salonek,"Eau Claire, WI",Wisconsin
LaVar Ball,"Chino Hills, CA",California
Bleed Green and Gold,"Pewaukee, WI",Wisconsin
Beezy,"Chattanooga, TN",Tennessee
THE Big Cat ©…©…©…©…,"Morgantown, WV",West Virginia
Aroze Badger,"Mukwonago, WI",Wisconsin
Lions 6-4,"Detroit, MI",Michigan
P-DRO,"Tucson-The Undrstmtd City,AZ",Arizona
Josephine Mars,"Middle of Nowhere, Wisconsin",Wisconsin
Griffin Otto Deniger,"Murrieta, CA",California
Landon Bartlett,"Kenton, Ohio",Ohio
Kyle,Wisconsin,Wisconsin
Yasmin,"Roanoke, VA",Virginia
Jamie Seitz,"Oak Creek, WI",Wisconsin
Bradley Harden,"Lynnwood, WA",Washington
Max Race,"Valley City, ND",North Dakota
Scott Talbott,"Port St Lucie, FL",Florida
Matt Zemla,"Whitewater, WI",Wisconsin
Josh Webb,"Morgantown, KY",Kentucky
Kelly Johnson,"Chicago, IL",Illinois
Colin Glowinski,"Howard, WI",Wisconsin
Tyler Lipsey,"Tupelo, MS",Mississippi
"Michael Markert, CLU","Verona, WI",Wisconsin
" < ™< ™craig< ™< ™""","Allen Park, MI",Michigan
T,"Milwaukee, WI",Wisconsin
Ray,"Brookfield, Wisconsin",Wisconsin
Derek M,"Ellington, CT",Connecticut
Adam Olsen,"Denver, CO",Colorado
`&™Jake`&™,"Lancaster, NY",New York
Alex Pugh,"Houston, TX",Texas
Brett Murphy,"Bay Area, CA",California
Jaren,"Madison, WI",Wisconsin
GW Wildcats 2,"Greenfield, WI",Wisconsin
©…©…©…©…,"Philadelphia, PA",Pennsylvania
Luis Miera,"Denver, CO",Colorado
ThankfulClarky,"Eagle River, AK",Alaska
Lucas the GOAT©…©… #Christmas SZN ©…©…©…©…©…©…,"Tucson, AZ",Arizona
"Lafferty, Daniel","La Crosse, WI",Wisconsin
Michael …,"Floresville, TX",Texas
Christian,"Detroit, MI",Michigan
Te-Y< ™©…©…,"Bastrop, LA",Louisiana
Jason Scherrer,Wisconsin,Wisconsin
Christian ©…©…,"Hales Corners, WI",Wisconsin
Jacob LeBeau,"Hartland, WI",Wisconsin
Jack,"Minnesota, WI",Wisconsin
Rory Kolo,"Milwaukee, WI",Wisconsin
Nick,"St Francis, WI",Wisconsin
Matt Maixner,"Murrells Inlet, SC",South carolina
Tober,"Painted Post, NY",New York
Cory Somsen,"River Falls, WI",Wisconsin
QD,"Littleton, CO",Colorado
Jaylen Simmons,"Buffalo, NY",New York
Ryan Quamme,"Fort Atkinson, WI",Wisconsin
Mike Schaller,Wisconsin,Wisconsin
Isaac Tompkins,"Marcellus, NY",New York
James Zussman,Wisconsin,Wisconsin
Elev8urgame,"Grand Chute, WI",Wisconsin
Joe,"Cedarburg, WI",Wisconsin
Zach Culbertson,"Eau Claire, WI",Wisconsin
unGDa+h,"Phoenix, AZ",Arizona
Garrett Klein,"Lindenhurst, IL",Illinois
Paras,"Kenosha, WI",Wisconsin
John Means,"Moore, OK",Oklahoma
Michael Marron,"Roseville, CA",California
Alex,"Chicago, Illinois ",Illinois
Roderick Simmons,"Red Springs, NC",North Carolina
Marijuana Sour,"Phoenix, AZ",Arizona
©…©…Fiyuhmane©…©…,"Backwoods, KY",Kentucky
Carliss Robinson,"Beeville, TX",Texas
-'  Antwon D. James -',"Fort Worth, TX",Texas
Phil Clay,"Plainfield, IN",Indiana
Wes Barlament,"Green Bay, WI",Wisconsin
Milwaukee Admirals,"Milwaukee, WI",Wisconsin
Thon Maker,"Milwaukee, WI",Wisconsin
C-Hanger,"Keene, NH",New hampshire
Nolan Reichel,"Kewaskum, WI",Wisconsin
Ziggy,"Milwaukee, WI",Wisconsin
Dan Pfeiffer,"Chicago, IL",Illinois
Kevan Van Asten,"Appleton, WI",Wisconsin
Jayden Pusch,"Topeka, KS",Kansas
Bucks Fan Page,"Waukesha, WI",Wisconsin
The Corner Jumper,"Oklahoma City, OK",Oklahoma
Naˇ™,"Trenton, NJ",New jersey
Jonathan Schmidt,"Winfield, KS",Kansas
Pete Caruso Jr,Wisconsin,Wisconsin
Matida Bojang,"Madison, WI",Wisconsin
Scott Basler,"Fond du Lac, WI",Wisconsin
Jake,"Oshkosh, Wisconsin ",Wisconsin
Thuglas Nasty,"Not Compton, AR",Arkansas
jp,"Milwaukee, WI",Wisconsin
Myles Davis,Madison,Madison
Ronald Chmill,"Milwaukee, WI",Wisconsin
James Wanke,"Madison, WI",Wisconsin
Tyler #TrustTrump,Wisconsin,Wisconsin
Boston Celtics Fan,"Cambridge, MA",Massachusetts
STR,"Portage, WI",Wisconsin
Mass Gainer Matt,"Green Bay, WI",Wisconsin
Sam Wagner,"Sun Prairie, WI",Wisconsin
Erich Nehmer,"Nunyabiz, Wisconsin",Wisconsin
Brad Warman,"Barrington, IL",Illinois
Sarah,"Racine, WI",Wisconsin
How about those Badgers!,"Port Washington, WI",Wisconsin
Lenny Savage,"414 -'™'™-Dallas,TX ",Texas
Scott Meerstein,"Milwaukee, WI",Wisconsin
James Atkinson,"Milwaukee, WI",Wisconsin
Jason Johnson,"Andover, MN",Minnesota
Greg Wilcox,"Madison, WI",Wisconsin
nick,"Waukesha, WI",Wisconsin
nick,"Franklin, WI",Wisconsin
Hayden Jones,"Neenah, WI",Wisconsin
Matthew Dale,"AC, Wisconsin",Wisconsin
Andrew,"Kenosha, WI",Wisconsin
Anna Egofske,"New Berlin, WI",Wisconsin
Austin Schoen,"Brown Deer, WI",Wisconsin
Rob Mueller,Wisconsin,Wisconsin
Josh Skatrud,"Elkhorn, WI",Wisconsin
Chris Chillman,"Milwaukee, WI",Wisconsin
Michael Hagenhoff,"St Charles, MO",Missouri
SportPsychSolutions,"Lansing, Michigan",Michigan
Aaron Nicholls,"Dallas, TX",Texas
Chris Silva,"Brooklyn, NY",New York
carter devine,"Oklahoma City, OK",Oklahoma
New York Mets,"Port St Lucie, FL",Florida
Tanner Karman,"Luxemburg, WI ",Wisconsin
Fiveto Lezcano,Wisconsin,Wisconsin
Sayer,"Burnsville, MN",Minnesota
Obamanati,"Chicago, IL",Illinois
Rebecca N Alvarez,"El Paso, TX",Texas
Mike J,"Fort Belvoir, VA",Virginia
Kobe Fair,"Laurel, MS",Mississippi
Josh Hunt,Illinois,Illinois
Ely Tom,"Los Angeles, California",California
Grant,"La Grange, KY",Kentucky
KJ,"Martinsville, VA",Virginia
©…©…SpaceGod©…©…,"St Petersburg, FL",Florida
Colin,"Omaha, NE",Nebraska
Shelley Mathwick,"Milwaukee, WI",Wisconsin
K4TH,"Brooklyn, NY",New York
Noah Robinson 睛睛,"Green Bay, WI",Wisconsin
Kyle Hayman,"Bartlesville, Oklahoma ",Oklahoma
Logan Applegate,"Ardmore, OK",Oklahoma
Luis Hernandez,"Milwaukee, WI",Wisconsin
Jay Robert,"M.K.E., Wisconsin ",Wisconsin
©…©…,"Milwaukee, WI",Wisconsin
Michael Tubbs,"Minneapolis, MN",Minnesota
Jay Goninen,Wisconsin,Wisconsin
©…©…,"South Milwaukee, WI",Wisconsin
BJ LaForest,"Bakersfield, CA",California
Jaylen Cox,"Milwaukee, WI",Wisconsin
ChangedMan,"Oshkosh, WI",Wisconsin
Mario,"Milwaukee, WI",Wisconsin
Chancellor Pascale,"Church Hill, MD",Maryland
Corey Youngblood,"Eutopia in my head, Iowa",Iowa
Cashus Trey©…©…< ™©…©…,"Macon, GA",Georgia
Ryan A. Hagel,"Sacramento, CA",California
Cody Eder,"Green Bay, WI",Wisconsin
Official Mari©…©…,Atlanta,Atlanta
Devon Edwards,"Miami, FL",Florida
kam©…©…©…©…©…©…©…©…,"Elizabeth City, NC",North Carolina
goal4ethiopia,California,California
el chapo jr,"Ashland, KY",Kentucky
The Rubber Duck,"Madison, WI ",Wisconsin
Harrison Kieffer,"Aberdeen, SD",South dakota
Cooper Richins,"Ocean Pines, MD",Maryland
Mike Brand,"Los Angeles, CA",California
simon pink,WI,Wisconsin
Axel Antetokounmpo,"Milwaukee, WI",Wisconsin
Milwaukee ReStore,"3015 N. 114th, Wauwatosa, WI",Wisconsin
Malachi Johnson,"Livermore, CA",California
Aaron Wright,"Dallas, TX",Texas
Tom Gordy,"Hartland, WI",Wisconsin
Yvansley Mentor,"Brooklyn, NY",New York
Buckslegion,"Milwaukee, WI",Wisconsin
Kevin Love,"Tucson, AZ",Arizona
Vetter Denk,"Milwaukee, Wisconsin",Wisconsin
Ben Sampson,"Oconomowoc, WI",Wisconsin
Matt Wiley,"Colorado Springs, Colorado",Colorado
Jacob Staley,Arkansas,Arkansas
BULLY KING Magazine,"Miami, FL",Florida
Afton Palmer,Iowa ,Iowa
Kris Sveum,"Minneapolis, MN",Minnesota
Erin Caballero,"Milwaukee, WI",Wisconsin
CSM Alicia,Oklahoma,Oklahoma
Steven Daw,"Slinger, WI",Wisconsin
Caine_Stacey ©…©…,"Oshkosh, WI",Wisconsin
Jacob Toufar,"Rockford, IL",Illinois
Beckett Media,"Dallas, TX",Texas
Andy,"Boston, MA",Massachusetts
Saad Waheed,"Chicago, IL",Illinois
Hiram Turner,"Decatur, GA",Georgia
Matthew Eastman,Wisconsin,Wisconsin
Noah Worrell,"Walkertown, NC",North Carolina
John Goeser,"Madison, WI",Wisconsin
BLKKASASSIN,"Milwaukee, WI",Wisconsin
Keith Shen,"Lake Forest, CA",California
Jacob Ober,"DeForest, WI",Wisconsin
Liz Steward,"Milwaukee, WI",Wisconsin
Stephen Smith,NC,North Carolina
Tyler Obradovich,"Whitewater, WI",Wisconsin
Kailiang Shi,"Minneapolis, MN",Minnesota
CeeBrown,"Richmond, VA",Virginia
Dave,"Orange County, CA",California
Brady Bostwick,"Milwaukee, Wisconsin",Wisconsin
views from philly,"Philadelphia, PA",Pennsylvania
Jeff Hughes,"Newport, ME",Maine
Jason Castona,"Kenosha, Wisconsin",Wisconsin
Cliff Mathis,"Houston, TX",Texas
Marvella Perkins,"Memphis, Tennessee",Tennessee
Barak Shnaidman,"Boston, MA",Massachusetts
bon,"Hell, MI",Michigan
Nina Pantich,"Ann Arbor, MI",Michigan
spencer halstead,"Littleton, CO",Colorado
Elite Arm,Michigan ,Michigan
Lloyd Summers,"Houston, TX",Texas
Billy Kirk,"Conneaut, OH",Ohio
Ahmad Awadallah,"West New York, NJ",New jersey
LILGOATKENAN,"Tallahassee, FL",Florida
Logan St. Jean,Florida,Florida
Kaleb Dover,"Clover, SC",South carolina
DHodge,FL,Florida
Jared Adams,"Fort Worth, TX",Texas
Terrill Rose,"Los Angeles, CA",California
Zach,"Conyers, GA",Georgia
LKL,"Milwaukee, WI",Wisconsin
Snia,"Chicago, IL",Illinois
"Scarface! ©…©…""","Las Vegas, NV",Nevada
GaGeH_viii,"Cibolo, TX",Texas
Eric©…©…,"Salt Lake City, UT",Utah
Matt the beard riley,"Orangeburg, SC",South carolina
richhomiedillon,"Chiraq, IL",Illinois
Garrett Shaffer,"Dallas, TX",Texas
lucky777seven,Georgia,Georgia
Jack Lilly,"New Albany, IN",Indiana
Not Giannis,"Milwaukee, WI",Wisconsin
Christian A. Garcia,"Gautier, MS",Mississippi
Jake Heineman,"Fremont, NE",Nebraska
Jake,"Oshkosh, WI",Wisconsin
Brandon Disch,"Janesville, WI",Wisconsin
Tony Shields,"Minneapolis, MN",Minnesota
DC14 ©…©…,"Philadelphia, PA",Pennsylvania
ThatOneDude,"Phoenix, AZ",Arizona
Josef Dvorak,"Madison, WI",Wisconsin
Rahi Jones [&,"White Plains, NY",New York
Adrin Hughes,"Indianapolis, IN",Indiana
Wisconsin Fan Nation,"Waunakee, WI",Wisconsin
Brody Moore,"Poplar Bluff, MO",Missouri
Alex,"Sussex, WI",Wisconsin
Baracka Flacka Flame,"Racine, WI",Wisconsin
Two Kay,"Milwaukee, WI ",Wisconsin
Johnny Tate,"Chicago, IL",Illinois
Preston,"Wausau, WI",Wisconsin
"Lngatn!©…©…""","Chicago, IL",Illinois
Dave,"Greenfield, WI",Wisconsin
Jacob Charon,"Kenosha, WI",Wisconsin
mlpxqua,"Philadelphia, PA",Pennsylvania
Zach V.,"Milwaukee, WI",Wisconsin
Dan,"Hinesville, GA",Georgia
PH True Enough,"Milwaukee, Wisconsin ",Wisconsin
North Breese,"Madison, WI",Wisconsin
Emily Matuszak,Wisconsin,Wisconsin
Michael lory,"Racine, WI",Wisconsin
Gurleywise the Dancing Ram,"Los Angeles, CA",California
Jeff Bricco,"Whitefish Bay, WI",Wisconsin
Sam Bufe,"St. Louis, Missouri",Missouri
Corey B,Wisconsin,Wisconsin
Jayden Brewer,"Rome, GA ",Georgia
Jason,Wisconsin,Wisconsin
kristen passehl,Wisconsin,Wisconsin
Zachary Mason Jared,"Little Rock, AR",Arkansas
Lean Martin,"Amarillo, Texas",Texas
Joachim Jacobs,"503, OR",Oregon
Zach LeMay,"Reno, NV",Nevada
Jarrod davis,"Asbury Park n Lakewood, NJ",New jersey
Lukas Middleton,"Ovilla, TX",Texas
Eddie Rodriguez,"Winter Park, FL",Florida
©…©….,"New Orleans, LA",Louisiana
Joe,CT,Connecticut
Carson Croteau,"Dallas, TX",Texas
je m'appelle jeff,"New York, NY",New York
Primetime Wines,"Brooklyn, NY",New York
Gary,"Colorado Springs, CO",Colorado
Mark A. Johnson,"Knoxville, TN",Tennessee
Chris Beckwith,"Milwaukee, WI",Wisconsin
BJ Dreher,"Kewaskum, WI",Wisconsin
Jason Frederickson,"Milwaukee, WI",Wisconsin
Timothy Granitz,"Milwaukee, WI",Wisconsin
Nick Van Nocker,"Fond du Lac, WI",Wisconsin
Goody,"Oshkosh, WI",Wisconsin
Troy Blodgett,"Madison, WI",Wisconsin
Javi,"Boston, MA",Massachusetts
Davis Matz,"Kimberly, WI",Wisconsin
Joshua Stemrich,"Lewiston, Idaho ",Idaho
Derek Hundt,"Ripon, WI",Wisconsin
Steve Pollnow,Wisconsin,Wisconsin
Kenny Krause,"La Crosse, WI",Wisconsin
Kyle Leix,"Pewaukee, WI",Wisconsin
Adam,Wisconsin,Wisconsin
The Technical Foul,"Chattanooga, TN",Tennessee
G. Dalton Kern,"Milwaukee, WI",Wisconsin
Kevin Kalk,"Sheboygan, WI",Wisconsin
Nate Loeb,"Madison, WI",Wisconsin
Timmy Linhart,"Waukesha, WI",Wisconsin
Tyler Wittrock,"Lebanon, MO",Missouri
zac,"Readfield,WI",Wisconsin
Matt Weis,"Milwaukee, WI",Wisconsin
Josh Hodsdon,"Stevens Point, WI",Wisconsin
Isaac Annis,"Eau Claire, WI",Wisconsin
Brandon Dworak,"Indianapolis, IN",Indiana
5=O 7>2CB =B>=,"Clout City, IA",Iowa
Alex Ruhlman,"Traverse City, MI",Michigan
Ethan Jesse,"Brownsburg, IN",Indiana
Will Belongia,"Collinsville, VA",Virginia
Nathan Schuler,"Overland Park, Kansas",Kansas
Bake Boonwall,"Fort Gay, WV",West Virginia
Viwek Bisen,"Hoboken, NJ",New jersey
Conor Fitzpatrick,"Appleton, Wisconsin",Wisconsin
therealmyths,"Sycamore, IL",Illinois
Swaggy P,"Compton, CA",California
Andrew Smith,"Milpitas, CA",California
Cliff M,"Houston, TX",Texas
Joshua,"Boone, IA",Iowa
XDemiGodOG,"St Petersburg, FL",Florida
Jack Bruecker,"Kaukauna, WI",Wisconsin
Corrinn Gillingham,"Milwaukee, WI",Wisconsin
Jason Angelich,"St Simons, GA",Georgia
Jivontae Lee,"New Berlin, WI",Wisconsin
Lee Moore,Wisconsin,Wisconsin
Dillon L. Kohlbeck,Wisconsin,Wisconsin
Bucks BR,"Milwaukee, WI",Wisconsin
Jacob Talley,"Frisco, TX",Texas
planetweber,"Milwaukee, WI",Wisconsin
OSOARROGANT KAL,"San Bernardino, CA",California
Mitchell Stedman,"Fontana, Wisconsin",Wisconsin
Evan Schneider,"Macon, GA",Georgia
Matt Duranso,"Milwaukee, Wisconsin",Wisconsin
Dan Mohr,"Whitefish Bay, WI",Wisconsin
Andrew Urnezis,"Loves Park, IL",Illinois
Skrt skrt,"Evanston, IL",Illinois
Eric Marlowe,Wisconsin,Wisconsin
Aaron Fischer,"Sun Prairie, WI",Wisconsin
Scott Kressig,"Green Bay, WI",Wisconsin
Ben Stern,"Mequon, WI",Wisconsin
NBA 24/7,"Manhattan, NY",New York
Paulina Bugembe,"Los Angeles, CA",California
Brian Fritsch,"Brooklyn, NY",New York
Scott Nesbit,"Madison, WI",Wisconsin
Dan Hoppen,"Lincoln, Nebraska",Nebraska
Neil Wolfe,"West Allis, WI",Wisconsin
Brandon,"Cullman, Alabama",Alabama
Connor Vredeveld,"Milwaukee, WI",Wisconsin
Chad Rath,"Appleton, WI",Wisconsin
Cory McLaughlin,"Philadelphia, PA",Pennsylvania
Jordan Rabe,"Milwaukee, WI",Wisconsin
ken rorek,"Racine, WI",Wisconsin
Brandon Wilkinson,"Oshkosh, Wisconsin",Wisconsin
Dan Johnson,"Milwaukee, WI",Wisconsin
Phish,"La Crosse, WI",Wisconsin
Noah Bachofen,"Elmhurst, IL",Illinois
Say Hey Now,"Omaha, NE",Nebraska
Shane,"La Crosse, WI",Wisconsin
Alex Grebe,"Milwaukee, WI",Wisconsin
Edmond Cade,"Collin County, Texas",Texas
Poor Righteous Prof,"Brooklyn, NY",New York
Hayden Wage,"Manitowoc, Wisconsin",Wisconsin
Clayton Barnes,"Chicago, IL",Illinois
Jonathan Schwid,"Madison, WI",Wisconsin
Mark Holman,"Muskego, WI",Wisconsin
Caleb Dye,"Oconomowoc, WI",Wisconsin
Sean Wiese,"Milwaukee, WI",Wisconsin
Riley Stone,"Milwaukee, WI",Wisconsin
Toya,"Cantonment, FL",Florida
Devin Cribben,"Green Bay, WI",Wisconsin
Giants 2018 Super Bowl champs,"Nampa, ID",Idaho
Christian Vollbrecht,"Menasha, WI",Wisconsin
Ryan Peterson,"Estes Park, CO",Colorado
Ben Nienhuis,"Oconomowoc, WI",Wisconsin
Kent Leick,"Franklin, WI",Wisconsin
Mike Beardsley,"Appleton, WI",Wisconsin
Jimbo1™ 8™ ,"Celina, TX",Texas
Eric Smith,"Orlando, FL",Florida
Zack Shewchuk,"Athens, GA",Georgia
Joe Roberts,"Appleton, WI",Wisconsin
SoopahStar!!,"Colorado Springs, CO",Colorado
Jason,"Milwaukee, WI",Wisconsin
Kasim Arshad,"St Louis, MO",Missouri
Ryan Maiter,"Milwaukee, Wisconsin",Wisconsin
Ben Williams,"Richmond, VA",Virginia
Conner Waddell,"La Crosse, WI",Wisconsin
Donovan Stindt,"Oshkosh, WI",Wisconsin
Megan Butke,"Eau Claire, WI",Wisconsin
Kyle Landry,"Milwaukee, WI",Wisconsin
Coach James,"Redding, CA",California
Max Sage,"Beloit, WI",Wisconsin
hacked,"Brenham, TX",Texas
Ben Juech,"Milwaukee, WI",Wisconsin
Sam Harmeyer,"Franklin, WI",Wisconsin
Pete Davies,"Appleton, WI",Wisconsin
Max Barnowsky,"Francis Creek, Wisconsin ",Wisconsin
Jake Littmann,"Milwaukee, WI",Wisconsin
Mt.Pleasant AAU BB,"Philadelphia, PA",Pennsylvania
Maddie Consiglio,"Milwaukee, WI",Wisconsin
Joey Laabs,"Menlo Park, CA",California
Scotty Watkins,"Akron, OH",Ohio
Josephine,"San Diego, CA",California
Charlie Kaplan,"Madison, WI",Wisconsin
Joe Robinson,"Waukesha, WI",Wisconsin
dylan,"Youngstown, OH",Ohio
Kevin King,"Charlotte, NC",North Carolina
Cuzo,"Alexandria, LA",Louisiana
Ben Heinen,"Appleton, WI",Wisconsin
Sammy Terry,"Louisville, KY",Kentucky
Ego Barber Lounge,"Durham, NC",North Carolina
Chris Hairston,"San Diego, CA",California
Kate Korth,"Kewaskum, WI",Wisconsin
LaTah Willie,"Council Bluffs, IA",Iowa
JT Fiers,"Kenosha, WI",Wisconsin
Lovely T,"Eatontown, NJ",New jersey
PhoenixLARams,"Chandler, AZ",Arizona
That's Just Gravy,"Columbus, OH",Ohio
Joe Zenzola,"Milwaukee, Wisconsin",Wisconsin
Andrew Loppnow,Wisconsin,Wisconsin
Gaurav Aulakh,"San Jose, CA",California
Sam Lowe,"Hopewell, VA",Virginia
Jax Tyler.,"Huntsville, TX",Texas
Andrew,"Stockton, CA",California
James Hein,"Sacramento, CA",California
Sandy Czarnecki,"Tampa, FL",Florida
Art Is CovFeFe,"Austin, TX",Texas
Connor,"Iowa City, IA",Iowa
danny,"Waterville, OH",Ohio
Anil Gupta,"Vienna, VA",Virginia
NoLimitB,"Memphis, TN",Tennessee
Thoweboi©…©…,"Medina, NY",New York
Joe Segura,"San Antonio, TX",Texas
cgm prep academy,"Phoenix, AZ",Arizona
©…©…©…©…©…©…©…©…,"Chicago, IL",Illinois
Dylan Scott,"Green Bay, WI",Wisconsin
Nik Riehle,"Sylvania, OH",Ohio
Bucks Stan,"Milwaukee, WI",Wisconsin
Mike,LA,Louisiana
Ian Pettigrew,"Gilbert, AZ",Arizona
YallEvenBall,"Des Moines, IA",Iowa
Adam Kraus,"Appleton, WI",Wisconsin
Malcolm Brogdog,"Milwaukee, WI",Wisconsin
Ryan Coleman,"Grand Rapids, MI",Michigan
Hug,"Roseville, CA",California
Jason Torres,"Mayville, WI",Wisconsin
flowah,"Brookfield, WI",Wisconsin
Bango's Bros,"Milwaukee, WI",Wisconsin
Hans Moleman,"Flyover, WI",Wisconsin
Jeremy Miller,"Fort Lauderdale, FL",Florida
Marc Garcia,"Alice, TX",Texas
Joshua,WA,Washington
26,"Oak Creek, WI",Wisconsin
Gaige Gore lll ©…©…©…©…,"Park City, UT",Utah
Paul Hanson,"Indianapolis, IN",Indiana
Connor Thomas,"Kansas City, MO",Missouri
Zachary Berryman,"Cedar Rapids, IA",Iowa
Jenn Berg,"Boulder, Colorado",Colorado
Derek Rickard,"Madison, WI",Wisconsin
DailyOfficePoll,"Kansas City, MO",Missouri
Liam Meyer,"Milwaukee, WI",Wisconsin
Jay,"Columbus, GA",Georgia
Brent Peckham,"San Francisco, CA",California
GSMC Podcast Network,"Sacramento, CA",California
GSMC_Basketball,"Sacramento, CA",California
Tim Compton,"Ridgeway, VA",Virginia
"Roy ©…©…©…©…
 B&™","Fort Wayne, IN",Indiana
Mikey,"Fox Cities, WI",Wisconsin
F0R3GCW4x,"Roanoke, VA",Virginia
Rudi,"Milwaukee, WI",Wisconsin
Heaven Sent,"Little Rock, AR",Arkansas
Gannon Piernot,"Middleton, WI",Wisconsin
Riley,"Kansas City, MO",Missouri
Cory Gall,"Oconomowoc, WI",Wisconsin
Tesfaye Negussie,"Between NYC, DMV & Bristol,CT",Connecticut
Erica Diggs,"Jersey City, NJ",New jersey
Anu©…©…,"Atlanta, GA",Georgia
Johnny Plewa,"Franklin,Wisconsin",Wisconsin
Thomas F. Powers,"Denver, CO",Colorado
Spencer Thomas Editz,"Raleigh, NC",North Carolina
So_Fresh_So_Clean,"Chicago, IL",Illinois
nick,"Brookfeild, Wisconsin",Wisconsin
"Rob DuCharme,CPA/PFS","New Berlin, WI",Wisconsin
justin wootton,"Philadelphia, PA",Pennsylvania
sammy santos,"Milwaukee, WI",Wisconsin
Noah Steines,"Sheboygan, WI",Wisconsin
Lboogietoo,"Milwaukee, WI",Wisconsin
Logan Vidimos,"Sheboygan, WI",Wisconsin
RRCOMKE BBALL,"Milwaukee, WI",Wisconsin
Marc McGovern,"Luxemburg, WI",Wisconsin
McG,Wisconsin,Wisconsin
Kev,"St. Croix Falls, WI",Wisconsin
James Lewis,"Youngstown, OH",Ohio
Sean Woz,"Neenah, WI",Wisconsin
Brian The Lady,"Milwaukee, WI",Wisconsin
Brian Hall,"Rice Lake, WI",Wisconsin
Caleb Fisher,"Brookfield, WI",Wisconsin
Eric Anthony Durn,Madison,Madison
Devon DeNure,"Dallas, TX",Texas
Evan Holznecht,"Milwaukee, WI",Wisconsin
ait fleming,"Darlington, Wisconsin",Wisconsin
Ryan Johnson,"Wauwatosa, WI",Wisconsin
Dean,"Chicago, IL",Illinois
Zack Riggs睛,"Charlotte, NC",North Carolina
Christian Loizzi,"Los Angeles, CA",California
Seth Nelson,"Carrollton, KY",Kentucky
Travis Arrowood,"Milwaukee, WI",Wisconsin
Owen Adamec,"Lancaster, NY",New York
Ike Ognar,"Milwaukee, WI",Wisconsin
Abby English,"Milwaukee, WI",Wisconsin
2CLIX,"Chicago, IL",Illinois
Ryan Finch,"Sparta, WI",Wisconsin
Scooter McGavin ©…©…©…©…,"Milwaukee, WI",Wisconsin
Wiscompton.com,"Madison, WI",Wisconsin
RYAN,WI ,Wisconsin
Justin Johnson,"Appleton, WI",Wisconsin
Monte Driscoll,"Milwaukee, WI",Wisconsin
Chris Taylor &©…©…,"Columbia, SC",South carolina
The Burgh enthusiast,"Rock Island, IL",Illinois
Tim Weis,Wisconsin,Wisconsin
Can Demiral ©…©…,"San Diego, CA",California
Ryan Em,"Milwaukee, Wisconsin",Wisconsin
Connor Laack,"Wrightstown, WI",Wisconsin
Luke Lorfeld,"Sheboygan, WI",Wisconsin
"Rick Verthein, CFP","Waukesha, WI",Wisconsin
ben reinhardt,"Milwaukee, WI",Wisconsin
David Hughes,"Milwaukee, WI",Wisconsin
Benjamin Joseph,"Chicago, IL",Illinois
Dan Baker,"Delafield, WI",Wisconsin
Jim Gahn,"Mequon, WI",Wisconsin
Kevin Smith,"Milwaukee, WI",Wisconsin
AG Bashir,"Milwaukee, WI",Wisconsin
WZRDlee,"Milwaukee, WI",Wisconsin
Dan Sievers,"Milwaukee, WI",Wisconsin
TBone105,"Milwaukee, Wisconsin",Wisconsin
Erick Ewaskowitz,"Oswego, IL",Illinois
Jugg,"Louisville, KY",Kentucky
Stanley-Boyd Now,"Stanley, WI",Wisconsin
Dan $hedivy,"Milwaukee, WI",Wisconsin
Naimo,"Milwaukee, WI",Wisconsin
Joe Carlson,Wisconsin ,Wisconsin
Lionel Jessi,"Oostburg, Wisconsin",Wisconsin
Micah,"Unity, WI",Wisconsin
Kyle Kalkopf,"Oshkosh, Wisconsin",Wisconsin
Justin Ott,"Milwaukee, WI",Wisconsin
Adam Coyne,"Cincinnati, OH",Ohio
Jacob Reeder,"New Orleans, LA",Louisiana
Michael Mandt,"Cottage Grove, WI",Wisconsin
Nick Schultz,"Milwaukee, WI",Wisconsin
Chaz Mohr,Madison,Madison
jon capasso,"Milwaukee, WI",Wisconsin
jershon,"Dayton, Ohio",Ohio
Sean Byron,"Nolensville, TN",Tennessee
"Taylor [Slum] !""",Wisconsin,Wisconsin
Brandon Hudziak,"Waupaca, WI",Wisconsin
Grizzly,"Chicago, IL",Illinois
Basketball Talk,"Tucson, AZ",Arizona
Scott Moeller,Wisconsin,Wisconsin
Ryan,Wisconsin,Wisconsin
B Love,"Milwaukee, WI",Wisconsin
Connor Geurts,"East Lansing, MI",Michigan
Jalen tanner,"Louisville, KY",Kentucky
Nutter,"Watertown, WI",Wisconsin
Kyle Sirek,"Milwaukee, WI",Wisconsin
Sean Jensen,"Minneapolis, MN",Minnesota
Mark Williams,"Prosper, TX",Texas
Richard Haberkern,"Los Angeles, CA",California
Joe Buckets,"Havelock, NC",North Carolina
Jaden Stacy,"Xenia, OH",Ohio
NickSavy CowboysSZN,"Queens, NY",New York
Jake,"Racine, WI",Wisconsin
Jacob,"Rockford, IL ",Illinois
#VelveteenTeam,"Boston, MA",Massachusetts
Justin Mooney,"Winder, GA",Georgia
King kevin,"Miami, FL",Florida
Adam Hansen,"Milwaukee, WI",Wisconsin
Noah Nichols,"Cedar Park, TX",Texas
Markese Richmond,"Burlington, NC",North Carolina
LUKE,"Salisbury, MD",Maryland
Andre Chartier,"Dousman, WI",Wisconsin
nicole angelique,"Atlanta, GA",Georgia
Ahmed,"Brooklyn, NY ",New York
Colonial Life WI,"Milwaukee, WI",Wisconsin
branden galicia,"Milwaukee, WI",Wisconsin
Austin Martin,"San Marcos, CA",California
Jim Paschke,"Milwaukee, WI",Wisconsin
Tony Zanon,"Waukesha, WI",Wisconsin
Riley Lemke,"Milwaukee, WI",Wisconsin
Jeff Schwoerer,"Valders, WI",Wisconsin
Jake Oberst,"Five O's, WI",Wisconsin
Don,WI ,Wisconsin
Tyler Diktanas,"Bagley, Wisconsin",Wisconsin
The Highbury Pub,"2322 S. KK, Milwaukee, WI",Wisconsin
What the what?.............................clicked,"Appleton, WI",Wisconsin
John Pick-Jacobs,"Kenosha, WI",Wisconsin
Matt Spandrell,"Duluth, MN",Minnesota
Tayt Brostowitz,"Whitewater, WI",Wisconsin
Cam©…©…©…©…©…©…,"Dallas, TX",Texas
D White©…©…©…©…©…©…,"Fort Wayne, IN",Indiana
Chris Casnave,"Town 'n' Country, FL",Florida
StormzWarning,"Cleveland, OH",Ohio
Dave,"In Gods hands, WI",Wisconsin
Jared Hartwig,"Peshtigo, WI",Wisconsin
Connor Morovits,"Milwaukee, WI",Wisconsin
ULT IAN,"Holiday, FL",Florida
Jeremy Friess,"Madison, WI",Wisconsin
Grant Russell,"Sioux Falls, SD",South dakota
Ben Turner,"Macomb, MI",Michigan
matt kuchenbecker,"Burlington, WI",Wisconsin
Zak Heebsh,"Milwaukee, WI",Wisconsin
Christopher Bussen,"Shorewood, WI",Wisconsin
Anthony Damask,"Milwaukee,WI",Wisconsin
23forlife,"Spartanburg, SC",South carolina
Jermaine Rozivka Jr,"Milwaukee, WI",Wisconsin
DA&™,"Oklahoma City, OK",Oklahoma
M. Jaber,"New York, NY",New York
Damian Haygood,"Fort Wayne, IN",Indiana
Brent Saugstad,"Milwaukee, WI",Wisconsin
JERRY,"Milwaukee, WI",Wisconsin
Brook Meier,"Milwaukee, WI",Wisconsin
Matt Greenwood,"Muskego, WI",Wisconsin
Marcus Ellis,"Milwaukee, WI",Wisconsin
TD,"Las Vegas, NV",Nevada
Brian Ottman,"Fond du Lac, WI",Wisconsin
Junior Madut,"Melbourne, FL",Florida
Tanner Schmitz,"Sheboygan, WI",Wisconsin
Emmanuel,"Portland, Oregon",Oregon
Adrian Isaac Rivas©…©…,"Rancho Chico, TX",Texas
Joe Van Engen,Wisconsin,Wisconsin
Tanner Carrillo,"Madison, WI",Wisconsin
Ari Hagopian,"Chicago, IL",Illinois
Dave Colan,"Los Angeles, CA",California
Laura Rammer,Wisconsin,Wisconsin
Anthony Mascorro,"Pflugerville, TX",Texas
Nick Alberti,"Milwaukee, WI",Wisconsin
Lawson H.,"Brookfield, WI",Wisconsin
gigantic bball lover,"Brooklyn, NY",New York
John P Schickert,"Prairie du Chien, WI",Wisconsin
Jeff,"Milwaukee,WI",Wisconsin
Justin Hull,"Appleton, WI",Wisconsin
Jake Eisenschink,"Des Moines, IA",Iowa
Tommy D,"Las Vegas, NV",Nevada
Timothy Williams,"Milwaukee, WI",Wisconsin
Jeff Tower,"Waukesha, WI",Wisconsin
Freddy Dinang,"Bethany, Oklahoma ",Oklahoma
Scott,Wisconsin,Wisconsin
陇™arie©…©…,"Milwaukee, WI",Wisconsin
Adrian McRae,"Wadesboro, NC",North Carolina
Jake Schroeder,"Madison, WI",Wisconsin
Berto Rodriguez,"MKE, Wisconsin",Wisconsin
Aj ©…©…©…©…,"Oak Creek, WI",Wisconsin
Alec Grzesk,"West Allis, WI",Wisconsin
Dan Olivarez,"Romeoville, IL",Illinois
Austin Chang,"Janesville,WI",Wisconsin
Dave Dall,"Gilbert, AZ",Arizona
Laura Chaloupek,Wisconsin,Wisconsin
Joey Molenda,"oak creek,WI",Wisconsin
Zebidiah Samp,"Green Bay, WI",Wisconsin
Mike,"Eagle, WI",Wisconsin
drake ©…©…,"Whitewater, WI",Wisconsin
Mike Johnson,"Madison, WI",Wisconsin
(((Rob Czarnecki))),"Milwaukee, WI",Wisconsin
Brent Miller,"Milwaukee, WI",Wisconsin
Jay,"La Crosse, WI",Wisconsin
Lethal Lee,"Eagan, MN",Minnesota
Collin West,"Madison, WI",Wisconsin
dancasanova,"Milwaukee, WI",Wisconsin
Antonio Padilla,"Sheboygan, WI",Wisconsin
Douglas Jacob Page,"Lake Villa, IL",Illinois
Matt Stoltz,"Milwaukee, WI",Wisconsin
Tyler C,"Greendale, WI",Wisconsin
Zach Robinson,"Milwaukee, WI",Wisconsin
Kyle L,Wisconsin,Wisconsin
Andy Geren,"Chicago, IL",Illinois
Royce,"Madison, WI",Wisconsin
Brian Bos,"Green Bay, WI",Wisconsin
Mahki,"Milwaukee, WI",Wisconsin
TheHighLyfe,"Milwaukee, WI",Wisconsin
Josh O,"Pensacola, FL",Florida
XaRvRier,"Milwaukee, WI",Wisconsin
Dustin Godsey,"Milwaukee, WI",Wisconsin
Nathan DeJardin,"Green Bay, WI",Wisconsin
Brittini Kompas,"West Allis, WI",Wisconsin
Bob Brancel,"Sun Prairie, WI",Wisconsin
yung jax,"Panama City Beach, FL",Florida
Ryan Cotchrell,"Waukesha, WI",Wisconsin
Mauro Vakanjac,"Compton, CA",California
Daniel Coger,"Springdale, AR",Arkansas
Bucks Uniforms ©…©…,"Milwaukee, WI",Wisconsin
Rachel Toman,"Milwaukee, WI",Wisconsin
Brad Benike,"West Bend, WI",Wisconsin
Jeffrey Moseley,"Tulsa, OK",Oklahoma
Sam,"Arcadia, WI",Wisconsin
LBH,"Chalfont, PA",Pennsylvania
Cole,"Sheboygan, WI",Wisconsin
Fandings,"Pittsburgh, PA",Pennsylvania
J Masino,"Milwaukee, WI",Wisconsin
Eric O,"Milwaukee, WI",Wisconsin
Bucks,"Milwaukee, WI",Wisconsin
g $D_at,"Boston, MA",Massachusetts
Lammi Sports,"Milwaukee, WI",Wisconsin
Berthlley©…©…Carvalho,"Houston, TX",Texas
Thomas Robinson,"Houston, TX",Texas
Richard Garcia,"Miami, FL",Florida
J. Wall,"Milwakee, WI",Wisconsin
Cody Peterson,"Janesville, WI",Wisconsin
Lil Grip Tape,"New York,NY",New York
Alonzo Ortiz,"Madison, WI",Wisconsin
Brian Piekarski,"Menomonee Falls, Wisconsin",Wisconsin
©…©…Zach Dale©…©…,"Brookfield, WI",Wisconsin
Probiotic Prez,"Madison, WI",Wisconsin
Bobby Reagan,"Escondido, CA",California
Thomas Manchester,"Milwaukee, WI",Wisconsin
TacosNTBagz,"Chico, CA",California
Blazinskins,VA,Virginia
BucksInSix,"Milwaukee, WI",Wisconsin
D.La,"Coralville, IA",Iowa
Curtis Oler,"Fox Lake, Illinois",Illinois
B-Rad (bestes),"Harrison, AR",Arkansas
braxton mccullar,"Oklahoma City, OK",Oklahoma
Joseph Kumhala,"Oconto, Wisconsin",Wisconsin
6RCa8 LeHis6,"Atlanta, GA",Georgia
King Jefe,"Milwaukee,WI",Wisconsin
Nick Campbell,"Farragut, TN",Tennessee
Like A Pro,"Denver, CO",Colorado
Brett astor,"Strongsville, OH",Ohio
Sani,"Tulsa, OK",Oklahoma
Iceman077,Indiana,Indiana
Alijiah Robinson,"Seattle, WA",Washington
Alex,"Burlington, WI",Wisconsin
Charlie Rucks,"Sauk Rapids, MN",Minnesota
Gino Gaglianello,"Milwaukee, WI",Wisconsin
Le'Veon Bell MVP,"Martinsville, IN",Indiana
"kev, the Bucks and Brunch enthusiast","Waupun, WI",Wisconsin
Ricky Miezin,"Milwaukee, Wisconsin",Wisconsin
Cherif fall&,"Concordia, KS",Kansas
brown town get down©…©…©…©…,"Wauwatosa, WI",Wisconsin
Michael Cain,"Minneapolis, MN",Minnesota
Addison Memmel,Wisconsin,Wisconsin
Austin,"Lake Geneva, WI",Wisconsin
Tanner Haessly,"Kimberly, WI ¨ Winona, MN",Minnesota
Jeremiah Krajnik,"Roanoke, VA",Virginia
Raj,"Orlando, FL",Florida
bobby havlin,"Pittsboro, IN",Indiana
Derek Green,"Quincy, IL",Illinois
Palermo's Pizza,"Milwaukee, WI",Wisconsin
Bucks Fans,"Milwaukee, WI",Wisconsin
Nick Fetting,"Milwaukee, WI",Wisconsin
Hoopkards,"East Bridgewater, MA",Massachusetts
Steve Sladky,"Green Bay, WI",Wisconsin
Wesleyyyy©…©…,"Martinsville, VA",Virginia
Cameron Mullins,"Johnson City, TN",Tennessee
Kasheen Harris,"Richmond, VA",Virginia
Mac Sauce,"Chicago, IL",Illinois
EVS,"Appleton, WI",Wisconsin
Ton,"Chicago, IL",Illinois
