78,78,36,0.43,5.2,12.1,0.6,2.3,0.85,5.1,6,5.1,0.8,4.3,7.8,2.2,0.1,2.3,2.8,16.1,35,43,22.1,0.178
80,47,28.9,0.42,4.2,10.1,1.1,2.7,0.7,1.2,1.7,2.4,0.4,2,4.5,0.8,0.2,1.8,2.9,10.8,39,41,12.4,0.059
57,55,35.4,0.46,6.1,13.4,1,2.6,0.84,3.5,4.2,4.4,1,3.4,4,1.2,0.2,2,2.4,16.8,23,34,18,0.114
63,22,22.1,0.5,3.8,7.6,0,0,0.72,1.3,1.8,5,2.3,2.7,0.4,0.3,1.2,0.7,3,9,24,39,17.1,0.118
78,25,23.5,0.42,2.4,5.8,0.1,0.4,0.65,1.5,2.4,3.7,0.9,2.8,3.8,1.6,0.1,1.8,2.3,6.4,21,57,13.1,0.064
80,80,34.6,0.43,7.3,17.1,0.7,2.6,0.87,4.9,5.6,4.4,0.9,3.5,2.4,1,0.9,2.9,1.5,20.3,19,61,15.8,0.04
81,77,31.4,0.5,4.1,8.2,0,0.1,0.73,1.9,2.6,9.7,3.1,6.6,1.5,0.7,0.9,1.7,3.3,10.1,37,44,14.7,0.103
81,80,37,0.48,7.1,14.9,0.2,0.9,0.79,2.4,3.1,3.9,1.2,2.7,6.3,0.8,0.2,2.5,1.5,16.8,40,41,16,0.078
82,65,32.5,0.4,5.3,13.4,0.4,1.6,0.82,4.3,5.2,4.9,2.2,2.7,5.3,1.3,0.2,3.3,2.3,15.3,23,59,15.2,0.035
82,75,30.5,0.53,5.5,10.3,0,0,0.79,2.1,2.6,8.1,2.7,5.4,1,0.5,1.8,1.8,3.1,13,34,48,17.9,0.112
80,77,36.2,0.46,6.6,14.3,2.1,4.8,0.89,2.2,2.5,4.5,0.6,3.9,5.9,1.9,0.2,3.1,3.2,17.5,25,55,16.3,0.077
82,82,38,0.51,8.5,16.8,0.1,0.3,0.64,5.4,8.5,12.4,3.3,8.8,3.8,0.8,0.5,2.7,3.1,22.5,32,50,21.9,0.152
69,64,37.8,0.41,5.8,14.1,0.5,1.7,0.77,4.4,5.7,4.6,0.5,4.1,8.3,1.8,0.5,3.8,2.5,16.4,19,50,15.8,0.041
81,62,28.5,0.43,5.3,12.4,0,0.2,0.69,3.4,5,8.6,2.7,6,2.5,1,0.8,3.3,4.1,14.1,23,58,14.6,0.022
61,19,20.7,0.45,2.9,6.5,0.7,2.3,0.76,1.3,1.7,3.7,0.6,3.1,1.1,1,0.4,1.1,2.1,7.8,29,32,13,0.091
51,51,30.5,0.47,6.9,14.6,1.4,3.6,0.87,3.4,3.8,3.7,0.9,2.9,5.4,1.1,0.4,3.1,2.2,18.5,17,34,21.4,0.125
66,29,24.4,0.44,4.8,10.9,1.7,4.1,0.87,1.2,1.4,2.4,0.4,2.1,2,0.7,0.3,1.6,2.3,12.5,23,43,14.9,0.05
64,39,24,0.49,3.1,6.3,0.6,1.7,0.77,1.1,1.4,5.1,1.6,3.5,1.1,1.3,0.4,0.7,1.4,7.9,49,15,16.6,0.171
81,36,29.1,0.46,5.4,11.6,0.9,2.6,0.71,1.4,2,6.4,2.2,4.2,1.1,0.7,0.8,1.2,3,13,26,55,16.4,0.079
65,14,24.2,0.48,4.7,9.8,0,0.1,0.83,2.9,3.5,5.8,2.1,3.6,0.8,0.5,0.7,1.5,3.1,12.3,19,46,18.1,0.108
82,77,28.6,0.53,3.9,7.4,0,0,0.63,1.5,2.4,7,2.3,4.7,2.3,0.6,0.8,1.5,3.2,9.4,40,42,15.2,0.113
65,2,25.1,0.43,4.1,9.6,1.5,4.1,0.82,1.8,2.2,3.9,0.8,3.1,0.8,0.5,0.8,1.6,2.8,11.6,35,30,12.8,0.057
78,43,27,0.42,4.1,9.7,0.7,1.8,0.73,1.9,2.7,4.5,1.2,3.3,1.3,0.9,0.9,1.8,2.5,10.8,20,58,12.4,0.011
82,12,22.9,0.43,3.7,8.4,0.8,2.3,0.85,2,2.3,2.7,0.6,2.1,2.8,0.6,0.3,1.9,2.2,10.1,32,50,14,0.058
79,31,27.3,0.43,4.7,11,0.5,1.6,0.74,2.7,3.6,4.5,1.2,3.3,1.2,0.6,0.5,1.6,2.5,12.7,23,56,12.7,0.025
80,52,28.2,0.43,4,9.4,0.3,1,0.74,2.2,3,4.7,1.3,3.5,1.5,0.6,0.6,2,2.5,10.5,19,61,9.8,0.003
74,22,21,0.54,3.6,6.6,0.1,0.3,0.74,1,1.4,4.2,1.6,2.6,0.8,1,0.1,0.9,1.7,8.2,38,36,16.5,0.14
82,82,38,0.44,6.9,15.6,1.8,4.6,0.88,3,3.4,3.8,0.7,3.1,3.2,1.1,0.2,2.8,2.5,18.5,24,58,14.2,0.052
81,19,24.8,0.47,5.6,11.8,0.4,1,0.77,2.3,3,5.4,1.4,4.1,1,0.5,0.5,1.5,2.3,13.9,43,38,17.2,0.081
72,72,37.2,0.46,7.4,16.2,0.5,2,0.75,4.8,6.5,5.3,0.9,4.4,5.8,1.5,0.4,3,2.8,20.1,23,49,18.2,0.097
82,82,32.6,0.37,5.5,14.8,1.8,4.7,0.82,2.7,3.3,3.4,0.6,2.8,5.7,1.3,0.2,2.4,2.3,15.5,46,36,14.5,0.075
76,37,27.8,0.48,4.9,10.4,0.6,1.5,0.85,1.9,2.3,2.5,0.5,2,5.7,1,0.1,2.7,1.2,12.4,34,42,16.5,0.067
82,70,26.9,0.49,3.8,7.7,0,0,0.65,1.4,2.1,7.5,2.8,4.7,0.9,0.6,1.3,1.4,3.4,9,41,41,13.8,0.103
82,81,31,0.5,3.6,7.3,1,2.7,0.77,1.4,1.8,6.4,1.3,5.1,1.9,1,0.2,1.3,1.4,9.7,42,40,13.5,0.1
66,60,32.2,0.42,4.8,11.7,1.6,4.2,0.76,1.6,2.1,3.2,0.5,2.7,3.8,0.7,0.2,2.6,2.3,12.8,25,41,11.7,0.029
56,47,29.4,0.43,4.9,11.4,0.8,2.7,0.76,2,2.6,3.6,1.3,2.3,2.3,0.9,0.3,2.1,2.1,12.6,18,38,12.9,0.022
46,39,22.5,0.59,3.9,6.7,0,0,0.67,2.4,3.6,7.7,3.1,4.6,0.8,0.7,1,1.2,2.5,10.2,27,19,21.9,0.212
59,35,28.9,0.4,3.6,9.1,0.8,2.7,0.8,1.5,1.8,3.2,0.7,2.4,2.8,1.7,0.1,1.9,2.9,9.5,34,25,10.8,0.068
82,82,32,0.54,7.6,14.1,0.4,1.1,0.81,2.7,3.4,10.5,2.8,7.7,2,0.7,1.7,2.2,3,18.3,29,53,22.5,0.151
53,48,30.1,0.51,7.5,14.7,0,0.1,0.69,2.5,3.7,7,2.3,4.7,1.2,0.4,1.2,2.3,2.6,17.5,6,47,17.1,0.037
72,72,28.5,0.42,5.2,12.3,1.1,3.4,0.84,2.8,3.3,7.3,1.8,5.5,1.3,0.7,1.9,1.7,2.8,14.3,28,44,17.7,0.102
76,51,27.8,0.42,4.8,11.4,1.3,3.8,0.84,2.8,3.4,2.5,0.4,2.1,2.6,0.6,0.3,2.1,3,13.8,20,56,11.9,0.043
60,30,22.8,0.5,4.4,8.8,0.1,0.2,0.73,1.5,2,5.5,1.1,4.4,0.7,0.4,1.4,1.1,2.6,10.3,32,28,15.4,0.109
82,55,23,0.43,4,9.4,1.8,4.6,0.84,0.8,0.9,3.3,0.4,2.9,1.5,0.5,0.1,1.2,1.4,10.6,31,51,11.8,0.032
75,28,26.4,0.46,3.9,8.5,1,2.6,0.87,1.5,1.7,2.8,0.6,2.2,4.2,1.1,0.2,1.5,1.9,10.2,38,37,14.9,0.1
78,20,17.2,0.46,2.5,5.4,0.6,1.7,0.69,1.1,1.6,2.8,0.6,2.2,0.8,0.4,0.2,0.9,1.8,6.6,50,28,10.3,0.053
78,17,22.6,0.46,2.8,6.1,0.4,1.2,0.78,1.5,1.9,4.9,1.7,3.2,1.2,0.7,0.8,1,2.7,7.5,39,39,14.7,0.139
67,14,16.9,0.6,2,3.4,0,0,0.58,1.1,1.8,4.5,1.6,2.9,0.6,0.4,0.3,0.8,1.9,5.1,21,46,15.4,0.116
46,0,7.3,0.4,0.7,1.8,0,0,0.3,0.2,0.6,1.7,0.7,1,0.2,0.1,0.5,0.4,1.2,1.6,29,17,7.4,0.007
82,1,18,0.53,2.5,4.9,0,0,0.67,1.7,2.5,5.2,2.2,2.9,0.8,0.8,0.9,1.1,2.9,6.8,51,31,17.6,0.153
10,0,17.5,0.37,1.4,3.8,0.3,0.8,0.89,2.5,2.8,3.1,1.2,1.9,3.2,1.4,0.1,1.2,2,5.6,2,8,18.3,0.148
74,31,20.7,0.48,2.4,5,0,0,0.69,1.8,2.6,5.6,2.4,3.3,1.1,0.9,0.9,1.2,2.3,6.6,31,43,15.5,0.12
82,75,30.7,0.53,4.3,8.1,0,0,0.73,3.4,4.6,7.4,2.5,4.9,1.7,0.8,1.1,2,3.2,11.9,24,58,16.7,0.121
81,37,25.3,0.46,3.9,8.5,0,0.2,0.79,3.3,4.1,9.1,3.4,5.7,1,0.4,0.6,1.5,2.5,11.1,24,57,18.3,0.124
70,42,14.4,0.47,2.8,6,0,0,0.67,1.4,2.1,3.5,1.6,1.8,0.7,0.3,1.1,0.8,3.1,7.1,29,41,16.1,0.102
53,13,14.5,0.63,1.8,2.8,0,0,0.39,0.8,2.1,4.5,1.4,3.1,0.2,0.2,1.1,0.8,1.8,4.3,11,42,14.1,0.079
76,0,22.9,0.4,3.1,7.6,1.2,3.3,0.81,2.6,3.2,3.2,0.6,2.6,1.8,1.1,0.3,1.4,2.6,9.9,47,29,14,0.124
77,65,21.6,0.5,3.3,6.6,0.1,0.2,0.76,1.9,2.5,2.9,0.9,2,0.7,0.6,0.2,0.8,2.3,8.6,36,41,12.5,0.066
73,51,24.2,0.44,3.2,7.1,0.8,2.2,0.76,0.9,1.2,2.6,0.8,1.8,3.8,1.1,0.2,2.1,2.1,8,24,49,12.3,0.032
71,3,10.1,0.4,1.3,3.2,0.1,0.5,0.84,0.6,0.7,0.9,0.1,0.9,1.7,0.5,0.2,0.7,1.2,3.2,50,21,11,0.042
72,17,16.9,0.49,2,4.1,0.5,1,0.71,1,1.3,1.9,0.6,1.4,1.1,0.4,0.3,1,1.5,5.4,33,39,10.7,0.048
65,37,25.5,0.45,3.9,8.8,1.3,3.4,0.83,2.4,2.8,2.6,0.7,1.8,4.1,0.8,0.1,1.6,1.9,11.5,22,43,17.6,0.124
42,0,8.5,0.41,0.8,1.9,0,0.3,0.77,1,1.3,1.3,0.5,0.8,0.3,0.3,0.1,0.3,0.5,2.6,30,12,12.5,0.144
82,82,38.6,0.43,6.7,15.7,2.3,6.1,0.84,3.3,3.9,3.1,0.5,2.6,6.5,0.9,0.2,3,2.1,19,33,49,16.4,0.088
64,60,28.9,0.52,5.5,10.6,0,0.1,0.75,2.6,3.5,8.2,2.6,5.6,1,1.2,1.8,1.4,2.5,13.5,23,41,21.7,0.159
60,10,20.7,0.61,3.5,5.7,0,0,0.37,1,2.7,7.6,2.8,4.8,0.5,1,1.6,1,2.4,7.9,23,37,21.6,0.172
79,1,13.4,0.33,1.1,3.3,0.2,0.8,0.82,0.6,0.7,3.3,0.7,2.6,0.7,0.5,0.3,0.6,2,2.9,45,34,7.1,0.028
80,54,30.1,0.39,4.3,11,1.2,3.4,0.73,2,2.8,3.3,1,2.4,5.6,1.3,0.1,2.3,2.3,11.9,26,54,14.2,0.051
61,1,20.3,0.42,3.3,8.1,1.3,3.5,0.9,1.6,1.8,1.9,0.2,1.7,1.2,0.4,0,1.3,1.9,9.7,20,41,12.5,0.046
72,26,21.4,0.41,3.2,7.8,0.8,2,0.75,2.1,2.8,2.3,0.8,1.5,2,0.8,0,1.6,2.8,9.3,21,51,12.6,0.046
7,0,19.3,0.41,3,7.3,0.9,2.4,0.88,2,2.3,2.6,0.4,2.1,0.7,0.1,0,1.1,1.1,8.9,1,6,0.7,-0.062
80,27,28.9,0.4,3.2,7.9,1.4,3.9,0.7,1.1,1.5,3.3,0.4,2.9,2.7,1.1,0.1,1.5,2.1,8.8,32,48,11.2,0.072
79,7,24.7,0.44,3,6.7,0.2,0.7,0.75,2.4,3.2,4.8,1.5,3.3,0.8,0.6,0.3,1.1,2.9,8.5,25,54,12.2,0.069
23,1,17.3,0.41,3,7.4,0,0.2,0.77,2.1,2.8,4.7,1.8,2.9,1,0.7,0.5,1.4,2.5,8.2,7,16,15.3,0.047
79,12,17.2,0.45,3.1,6.8,0.8,2.3,0.74,1,1.3,1.8,0.4,1.4,0.8,0.6,0.3,1.1,2.2,7.9,31,48,12.6,0.058
61,33,22.6,0.49,2.8,5.8,0,0.1,0.75,1.8,2.4,4.9,1.7,3.2,1,0.6,0.1,0.9,1.4,7.6,26,35,14,0.108
69,14,14.9,0.52,2.5,4.8,0,0,0.81,2,2.4,3.3,1.4,1.9,0.4,0.2,0.4,1.1,2.4,7,26,43,15.8,0.123
49,3,18.1,0.42,2.7,6.5,0.6,1.7,0.71,0.9,1.2,2.1,0.4,1.7,1.6,0.7,0.2,1.2,1.4,6.8,16,33,11.1,0.028
3,0,13,0.7,2.3,3.3,0.7,1,1,1.3,1.3,1.3,1,0.3,1,0,0.7,1.3,2.3,6.7,1,2,20.3,0.208
80,24,19.8,0.48,2.5,5.2,0.4,1.1,0.81,1.4,1.7,3.1,0.7,2.3,0.8,0.5,0.2,1.2,2.9,6.7,26,54,10.2,0.038
79,4,20.2,0.44,2.4,5.4,0.3,1,0.8,1.6,2,2,0.2,1.8,2.8,0.5,0,1.3,1.7,6.7,20,59,12.3,0.035
61,18,17.5,0.4,2.3,5.7,1.1,3,0.86,1,1.2,2.1,0.5,1.7,0.6,0.3,0.2,0.7,1.5,6.6,11,50,11.6,0.039
67,11,19.4,0.4,1.9,4.9,0.6,2,0.77,1.2,1.5,2.8,0.6,2.2,1.4,0.6,0.7,1.1,2,5.6,36,31,10.3,0.06
32,3,11.7,0.48,2.1,4.3,0.2,0.6,0.78,0.9,1.2,1.3,0.3,1,0.6,0.4,0.1,0.7,1.3,5.2,13,19,13.1,0.064
68,41,18.9,0.51,2.3,4.4,0,0,0.63,0.7,1.1,4.4,1.6,2.8,0.2,0.4,0.8,0.9,3.1,5.2,26,42,10.4,0.037
68,2,10.6,0.44,1.5,3.4,0,0,0.66,1.1,1.7,2.1,0.6,1.5,0.4,0.2,0.3,0.8,1.7,4.1,42,26,11,0.053
23,0,10.7,0.42,1.3,3,1.1,2.5,0.83,0.2,0.3,0.9,0.2,0.7,0.7,0.3,0,0.4,1,3.8,9,14,12.6,0.115
66,5,14.7,0.38,1.5,3.9,0.3,1.2,0.78,0.5,0.7,1.3,0.3,0.9,1.3,0.6,0.1,0.9,1.3,3.8,39,27,7.6,0.017
61,2,8.5,0.45,1.3,2.8,0,0.2,0.7,0.9,1.3,1.9,0.6,1.3,0.2,0.2,0.2,0.3,1.4,3.5,33,28,13.2,0.111
23,0,8.8,0.37,1.2,3.3,0.2,0.9,0.75,0.8,1,1.7,0.8,0.9,0.7,0.3,0.1,0.4,0.9,3.4,7,16,13.8,0.076
43,2,9.6,0.48,1.3,2.8,0,0,0.88,0.7,0.8,2,0.9,1.2,0.2,0.3,0,0.6,1.6,3.4,26,17,11.5,0.096
80,5,15.4,0.4,1.3,3.2,0.1,0.5,0.66,0.6,0.9,1.8,0.5,1.4,1.6,1,0.1,1.4,2.3,3.2,31,49,6.4,-0.013
10,0,4.3,0.44,1.1,2.5,0.4,1.1,1,0.2,0.2,1.1,0.4,0.7,0.1,0.3,0.1,0.2,0.6,2.8,8,2,22,0.146
17,0,8.5,0.61,1.4,2.2,0,0,0.17,0.1,0.4,2.1,1.1,1,0.1,0.1,0.4,0.1,1.5,2.8,9,8,15.6,0.155
29,1,9.2,0.4,1,2.4,0,0,0.63,0.4,0.7,2.3,0.6,1.7,0.1,0.1,0.2,0.4,0.6,2.3,14,15,9.1,0.013
26,0,6.1,0.43,0.9,2.1,0,0,0.33,0.5,1.6,1.1,0.5,0.6,0.1,0.2,0.2,0.4,0.5,2.3,20,6,8,-0.054
29,0,6,0.39,0.9,2.3,0.1,0.4,0.83,0.3,0.4,1.3,0.4,0.9,0.3,0.2,0.2,0.4,1.2,2.2,16,13,10.1,0.026
23,0,9.2,0.4,1,2.5,0,0,0.5,0.1,0.3,1.9,0.7,1.2,0.7,0.3,0.3,0.6,1.8,2.1,10,13,7.6,0.004
23,1,7,0.5,0.7,1.3,0,0,0.56,0.7,1.2,1.6,0.5,1.1,0.3,0.1,0.4,0.3,1.3,2,14,9,12.2,0.115
30,0,4.8,0.44,0.8,1.7,0.1,0.3,0.62,0.3,0.4,0.6,0.1,0.5,0.3,0.2,0,0.4,0.4,1.9,14,16,9,-0.036
5,0,7,0.25,0.8,3.2,0.2,1,0,0,0,1,0.2,0.8,0.8,0.2,0,0.8,0.8,1.8,3,2,-2.4,-0.23
39,0,9.5,0.36,0.7,2.1,0,0.4,0.5,0.3,0.6,0.8,0.2,0.6,0.3,0.1,0.1,0.5,1.1,1.8,24,15,0.7,-0.062
33,0,5.5,0.46,0.6,1.3,0,0.1,0.48,0.3,0.7,1.5,0.8,0.7,0.2,0.2,0.1,0.2,0.9,1.5,23,10,13.8,0.144
16,0,4.6,0.16,0.4,2.4,0.1,1.1,0.75,0.4,0.5,0.5,0.3,0.2,0.3,0.2,0,0.1,0.8,1.3,6,10,-1.6,-0.174
24,0,5.3,0.3,0.4,1.3,0.1,0.3,0.7,0.3,0.4,0.5,0.2,0.3,0.4,0.1,0,0.3,0.5,1.1,12,12,4.8,-0.013
14,0,2.4,0.39,0.4,0.9,0,0,0.38,0.2,0.6,0.5,0.4,0.1,0.4,0.1,0,0.6,0.5,0.9,7,7,4.2,-0.219
6,0,1.5,0,0,0.2,0,0,0,0,0,0.7,0.2,0.5,0,0.3,0,0,0.2,0,1,5,15.5,0.155
78,23,29.8,0.38,4.6,12.1,1.1,3.3,0.71,1.5,2.2,2.9,0.7,2.3,2.1,0.4,0.1,1.7,2.3,11.8,30,48,7.9,-0.03
6,2,22.8,0.44,3,6.8,0.3,1.2,0.8,2,2.5,3.3,0.5,2.8,0.8,0.5,0.2,0.8,1.2,8.3,4,2,12.1,0.108
82,5,18.7,0.53,3,5.6,0,0.1,0.62,1.4,2.3,5.1,1.8,3.3,0.6,0.6,0.2,0.9,2.7,7.4,32,50,15.7,0.121
79,2,16.6,0.4,2.6,6.7,0.6,2.1,0.85,0.9,1.1,2.1,0.4,1.7,3.3,0.4,0,1.8,1.2,6.8,39,38,11.5,-0.004
67,35,17.4,0.46,2.7,5.9,0.4,1.1,0.61,0.8,1.3,1.9,0.6,1.3,0.4,0.6,0.3,0.6,1.8,6.6,24,43,11.4,0.055
42,0,14.8,0.41,1.9,4.6,0.9,2.3,0.9,1.3,1.4,1.2,0.2,1,0.9,0.3,0,0.5,1.2,6,19,23,13,0.134
81,31,18.7,0.46,2,4.5,0,0,0.76,1.4,1.8,5.4,1.6,3.8,0.5,0.6,0.5,1.2,2.5,5.5,30,51,12.3,0.07
72,4,13.4,0.48,1.9,3.9,0,0,0.61,1.5,2.4,3.7,1.2,2.5,0.6,0.6,1.1,1.3,2.3,5.2,44,28,14.8,0.11
68,1,15.6,0.51,2,4,0.1,0.4,0.57,0.8,1.3,4.3,1.4,2.9,0.6,0.8,0.6,0.7,2.1,4.9,28,40,16.1,0.125
56,14,12.1,0.53,1.8,3.4,0,0.2,0.68,1,1.5,1.3,0.7,0.7,0.4,0.7,0.1,0.4,0.8,4.6,36,20,15.2,0.124
60,16,16.5,0.42,1.6,3.9,0.9,2.1,0.72,0.5,0.7,1.5,0.5,1.1,1.2,0.4,0.1,0.7,1.6,4.6,33,27,9.4,0.098
52,9,14.9,0.38,1.7,4.4,0.3,0.9,0.59,0.9,1.6,2,0.5,1.5,1.6,0.6,0.1,1.1,1.4,4.5,19,33,9.2,0.002
72,2,15.1,0.42,1.7,4.1,0.6,1.9,0.71,0.4,0.5,1.7,0.3,1.3,1.9,0.6,0.1,1,1.1,4.4,37,35,10.8,0.038
59,19,12.8,0.54,1.5,2.9,0,0,0.66,1.3,2,3.1,0.8,2.2,0.3,0.4,0.6,0.8,2.3,4.4,15,44,13.2,0.083
63,2,11.4,0.45,1.3,2.8,0,0,0.74,1.7,2.3,3.4,1.5,1.9,0.2,0.2,0.3,0.7,1.7,4.2,19,44,14.6,0.116
61,0,11,0.58,1.6,2.8,0,0,0.54,0.9,1.7,2.9,1,1.8,0.2,0.2,0.3,0.5,1.5,4.2,33,28,14.6,0.122
46,3,12.1,0.47,1.6,3.5,0.4,1.1,0.55,0.2,0.4,1.8,0.7,1.1,0.5,0.1,0.2,0.5,1.5,3.9,19,27,9.7,0.063
67,1,12.9,0.42,1.5,3.6,0.4,1.3,0.81,0.3,0.4,1.4,0.3,1.1,3.3,0.5,0,1.1,1.1,3.7,24,43,14.1,0.05
71,4,12.2,0.43,1.5,3.6,0.2,0.6,0.51,0.3,0.6,2.2,0.5,1.7,0.8,0.5,0.2,0.8,1.4,3.6,42,29,8.5,0.047
58,8,11.5,0.51,1.1,2.2,0,0,0.79,1,1.3,2.3,0.8,1.5,0.2,0.2,0.7,0.4,2.1,3.3,20,38,12.3,0.117
23,5,8.8,0.38,1.2,3.2,0.3,1.1,0.71,0.4,0.6,0.9,0.3,0.7,0.4,0.3,0.1,0.6,1,3.2,16,7,7.5,0.015
56,5,11.3,0.54,1.2,2.2,0,0,0.6,0.7,1.2,2.7,1,1.6,0.2,0.2,0.5,0.6,1.4,3.1,28,28,12.2,0.091
43,4,12.4,0.42,1.3,3.1,0,0,0.49,0.4,0.8,2.5,1,1.5,0.3,0.2,0.5,0.5,1.7,2.9,19,24,8,0.025
61,8,8.1,0.56,1.2,2.2,0,0,0.67,0.4,0.6,1.3,0.6,0.7,0.2,0.3,0.1,0.4,0.8,2.9,31,30,13,0.095
42,0,8.5,0.38,1.1,3,0.3,1.2,0.73,0.3,0.4,0.9,0.3,0.6,0.4,0.4,0.1,0.4,0.5,2.8,16,26,9,-0.006
68,0,11.6,0.37,1,2.6,0.3,0.8,0.86,0.5,0.6,1.8,0.6,1.2,1,0.4,0.1,0.6,1.1,2.7,22,46,9,0.024
44,5,7.6,0.46,1,2.1,0,0.2,0.56,0.5,0.9,1.3,0.5,0.8,0.4,0.3,0,0.4,1.3,2.5,15,29,9.4,0.045
27,0,6.9,0.56,0.7,1.3,0,0,0.6,0.9,1.5,1.1,0.4,0.7,0,0.1,0.3,0.6,1.5,2.4,8,19,8.5,0.04
32,1,6.7,0.31,0.7,2.2,0.2,0.5,0.61,0.6,1,0.7,0,0.6,0.2,0.1,0.1,0.5,0.8,2.2,26,6,2.9,-0.06
16,0,7.4,0.31,0.6,2,0,0,0.65,0.7,1.1,1.3,0.4,0.9,0.6,0.4,0.5,0.5,1.6,1.9,4,12,7.3,-0.003
49,0,9.2,0.33,0.7,2,0.1,0.6,0.65,0.5,0.8,0.8,0.2,0.7,1.7,0.4,0.1,0.6,1,1.9,29,20,8.6,0.024
28,3,6,0.37,0.6,1.8,0,0,0.59,0.6,1,1.6,0.6,1,0,0.1,0.4,0.4,1.2,1.9,5,23,8.5,-0.011
14,0,11.9,0.3,0.6,2.1,0.1,0.4,1,0.4,0.4,1.1,0.4,0.6,1.2,0.4,0,0.9,0.6,1.8,8,6,4.5,-0.032
17,0,4.9,0.5,0.6,1.3,0,0,0.57,0.5,0.8,1.4,0.6,0.7,0.2,0.1,0,0.4,0.7,1.8,5,12,12.8,0.085
30,0,5.7,0.37,0.6,1.7,0.2,0.5,0.64,0.2,0.4,1,0.4,0.7,0.2,0.1,0,0.5,0.7,1.7,7,23,5,-0.07
13,0,7.9,0.47,0.5,1.2,0.2,0.5,0.71,0.4,0.5,0.8,0.2,0.7,0.4,0.2,0.1,0.5,0.8,1.7,4,9,6.9,0.045
31,0,5.8,0.42,0.7,1.7,0,0,0.7,0.2,0.3,1.4,0.7,0.7,0.2,0.2,0.2,0.3,0.9,1.6,14,17,11.2,0.066
35,1,5.5,0.36,0.5,1.4,0.4,1.1,1,0.1,0.1,0.7,0.1,0.6,0.2,0.1,0,0.1,0.6,1.5,20,15,7.7,0.091
2,0,3.5,0.33,0.5,1.5,0,0,0,0,0,1.5,0.5,1,1,0,0,0,1,1,2,0,16.6,0.168
53,46,26.1,0.43,3.6,8.3,0.6,1.7,0.73,1.7,2.3,2.6,0.4,2.2,4.2,0.8,0,1.7,1.6,9.4,14,39,12.6,0.038
59,19,24.4,0.38,3.3,8.7,1.3,4,0.83,0.8,1,3,0.3,2.7,1.3,0.4,0.2,1.1,2.7,8.8,9,50,7.9,-0.013
66,49,25,0.42,3.3,7.9,0.1,0.3,0.84,1.8,2.2,5.2,1.6,3.6,0.8,0.5,0.8,1.4,2.3,8.6,24,42,11.3,0.022
42,0,16.9,0.62,3.2,5.2,0,0,0.66,1.7,2.6,4.9,2.3,2.6,0.5,0.4,0.2,0.6,2.3,8.1,32,10,21.4,0.251
17,7,26.5,0.44,3,6.9,0.2,0.4,0.78,1.9,2.4,3.4,0.5,2.9,7.5,1,0.2,2.1,1.5,8.1,2,15,16.2,0.077
57,2,19,0.4,2.7,6.7,0.1,0.3,0.81,2.2,2.7,2.3,0.6,1.7,2.8,0.9,0.1,1.4,2,7.6,41,16,13.8,0.09
75,2,15.4,0.44,2.8,6.4,0.5,1.3,0.82,1.3,1.7,1.5,0.3,1.2,0.8,0.5,0.1,1.3,1.7,7.5,36,39,11.6,0.017
35,16,19.6,0.44,3,6.9,0.3,0.9,0.63,1,1.5,3.6,1.1,2.5,0.9,0.4,0.5,0.8,2.4,7.3,8,27,11.7,0.038
79,35,22.8,0.37,2.3,6.2,0.1,0.5,0.8,1.1,1.4,3.7,1,2.7,1.4,1,0.3,1.1,2.4,5.8,21,58,8.3,-0.005
73,14,19,0.47,2.2,4.8,0.1,0.6,0.74,1.2,1.6,3.9,1.7,2.3,1.1,0.8,0.1,0.7,1.8,5.8,29,44,13.6,0.1
73,29,17.5,0.54,2.2,4.2,0,0,0.61,1.1,1.8,4.4,1.6,2.8,0.4,0.4,1.5,1,2.6,5.6,28,45,12.8,0.069
50,0,13.6,0.42,2,4.7,0.2,0.7,0.69,1.4,2.1,2.2,0.5,1.7,1,0.4,0,1.1,0.9,5.6,25,25,11,0.004
16,4,18.9,0.45,2,4.4,0,0,0.59,1.2,2,3.3,1.6,1.7,0.2,0.8,1.4,0.9,2.2,5.2,3,13,11.7,0.041
51,0,11.9,0.41,1.8,4.4,0.7,2.1,0.86,0.8,1,1.1,0.3,0.8,1.7,0.3,0.1,0.9,1.4,5.2,36,15,13.1,0.112
71,8,13.1,0.46,2.1,4.5,0.1,0.3,0.66,0.5,0.8,3.2,1,2.3,0.6,0.2,0.6,0.8,1.8,4.7,33,38,11.6,0.033
69,1,13.6,0.48,1.6,3.2,0,0,0.66,1.4,2.2,3,1.4,1.6,0.4,0.4,0.3,0.9,2.3,4.5,56,13,11.3,0.128
76,1,14.6,0.46,1.9,4.1,0.1,0.2,0.66,0.7,1.1,3,1,2,0.3,0.3,0.7,0.6,1.9,4.5,38,38,10.7,0.067
61,1,10,0.51,1.7,3.3,0,0,0.57,0.9,1.6,2.8,1.1,1.6,0.7,0.3,0.3,0.9,1.9,4.3,23,38,13.9,0.006
56,6,15.4,0.4,1.7,4.2,0.1,0.6,0.79,0.7,0.9,1,0.2,0.8,2,0.5,0,1,1.3,4.2,25,31,7.7,-0.007
26,0,10.3,0.56,1.8,3.2,0,0.1,0.68,0.6,0.8,3.4,1.3,2.1,0.4,0.3,0.4,0.5,1,4.1,5,21,19.6,0.148
38,6,9.9,0.55,1.6,2.9,0,0,0.68,0.7,1.1,2.6,1,1.6,0.2,0.2,0.6,0.3,0.9,4,22,16,17.2,0.142
57,1,11.2,0.53,1.6,3,0.2,0.4,0.64,0.6,0.9,2.1,0.6,1.5,0.7,0.5,0.2,0.6,0.8,3.9,39,18,15.4,0.126
75,9,12.9,0.41,1.3,3.2,0.1,0.6,0.78,0.9,1.2,1.8,0.5,1.3,0.7,0.4,0.1,0.5,1.1,3.7,55,20,10.2,0.092
6,0,8,0.36,1.3,3.7,0.2,0.7,0.83,0.8,1,1.3,0.7,0.7,0,0,0.2,0,0.3,3.7,6,0,11.8,0.042
38,2,8.5,0.41,1.3,3.3,0,0,0.64,0.5,0.7,1.6,0.6,1.1,0.3,0.2,0.4,0.4,1.2,3.2,12,26,9.8,-0.012
33,0,7.3,0.39,1.1,2.8,0.5,1.2,0.78,0.2,0.3,0.4,0.1,0.3,0.5,0.2,0,0.4,0.5,2.9,15,18,8.2,-0.002
33,0,8.2,0.32,0.9,2.8,0.2,0.8,0.47,0.3,0.6,0.8,0.3,0.6,0.9,0.4,0.2,0.3,1.1,2.2,23,10,6.2,-0.031
15,0,6.3,0.36,0.9,2.6,0.2,0.8,0.5,0.1,0.1,0.5,0.1,0.5,0.9,0.3,0,0.3,0.7,2.1,13,2,8.3,0.028
52,3,10.7,0.47,0.8,1.7,0,0,0.59,0.3,0.5,2.6,1,1.6,0.3,0.2,0.2,0.5,1.6,1.9,14,38,7.9,0.037
17,0,4.4,0.28,0.4,1.5,0.1,0.6,0.92,0.6,0.7,0.6,0,0.6,0.6,0.1,0,0.5,0.3,1.6,8,9,7,-0.066
9,0,7.8,0.38,0.7,1.8,0,0,0.5,0.2,0.4,2.8,1.6,1.2,0.2,0,0.3,0.9,2.1,1.6,4,5,4,-0.031
8,0,3.5,0.6,0.8,1.3,0,0.1,0,0,0,1.3,0.3,1,0.3,0.1,0,0.3,0.1,1.5,3,5,20.3,0.131
9,0,4.3,0.27,0.4,1.7,0.1,0.4,0.67,0.4,0.7,0.2,0,0.2,0.3,0.1,0,0.2,0.6,1.4,9,0,2,-0.081
70,1,9.9,0.38,0.6,1.5,0,0.1,0.44,0.2,0.5,2,0.8,1.2,0.6,0.3,0.4,0.6,1.1,1.3,35,35,6.6,-0.003
14,0,3.1,0.26,0.4,1.6,0.2,0.9,0,0,0,0.4,0,0.4,0.1,0,0.2,0.3,0.3,1.1,5,9,-1.9,-0.234
11,0,3.3,0.25,0.5,1.8,0,0,0,0,0,1.1,0.4,0.7,0.3,0.1,0.1,0,0.3,0.9,3,8,11,0.009
10,0,2.8,0.27,0.3,1.1,0,0.6,0,0,0,0,0,0,0.2,0.1,0.1,0.3,1,0.6,9,1,-8.6,-0.226
78,65,34.3,0.46,5.3,11.6,1.7,4.3,0.85,3.8,4.5,2.6,0.6,2,2.8,1,0.4,2.1,2.2,16.1,19,59,14.9,0.082
72,12,26.5,0.43,3.7,8.6,1.5,3.4,0.89,2.9,3.2,1.8,0.2,1.6,3.5,0.6,0,1.7,1.9,11.8,30,42,14.9,0.128
82,56,28.1,0.5,4.3,8.7,0,0.1,0.69,2.4,3.5,7.4,2.9,4.5,1.1,0.6,0.7,1.8,3.8,11.1,17,65,13.9,0.057
82,82,32,0.42,3.4,8.1,1.4,3.8,0.77,1.8,2.4,2.8,0.5,2.3,4.9,2,0.1,2,2.9,10,43,39,13.3,0.095
7,0,18.6,0.52,3.7,7.1,0,0,0.77,1.4,1.9,4.6,1.4,3.1,0.9,0.4,0.7,0.4,1.4,8.9,2,5,19.8,0.157
77,42,25.2,0.45,3.2,7,1.1,2.6,0.83,1,1.2,2.3,0.2,2.1,1.2,1,0.2,0.9,2,8.4,56,21,10.7,0.108
75,19,24,0.42,3.2,7.7,1,2.8,0.7,0.6,0.9,3.1,0.5,2.7,0.9,0.5,0.5,1,1.7,8.1,33,42,9,0.024
63,22,17.9,0.46,3.2,6.8,0,0.1,0.72,1.6,2.2,5.8,2,3.7,0.8,0.7,1.2,1.3,2.2,7.9,21,42,16.9,0.069
79,2,16,0.5,3.2,6.4,0,0.1,0.77,1.3,1.7,3.7,1.6,2.2,0.4,0.3,0.7,0.6,2.3,7.7,41,38,17.9,0.146
66,30,19.9,0.39,2.4,6.2,1,2.9,0.85,1.5,1.8,4.7,1.6,3.1,0.8,0.7,0.3,1,2.4,7.4,28,38,13.6,0.09
82,52,25.8,0.46,2.8,6,0,0,0.73,1.7,2.3,5.9,2.3,3.6,1.1,1.1,0.5,1.2,2.5,7.2,34,48,12.3,0.092
75,14,15.2,0.49,2.5,5.2,0,0,0.66,1.4,2.2,3.9,1.6,2.3,0.3,0.4,1,0.8,2.1,6.5,17,58,17,0.084
28,2,14.7,0.45,2,4.5,1.1,2.6,0.96,0.9,1,2,0.5,1.5,0.5,0.5,0.1,0.5,1.7,6.1,14,14,13.4,0.119
77,7,16.5,0.4,1.9,4.8,0.3,0.9,0.78,1.5,1.9,2.1,0.4,1.7,1.8,0.6,0.3,1,1.9,5.7,52,25,11.6,0.08
51,5,15.1,0.41,2.2,5.2,0.3,0.8,0.69,1.1,1.6,1.7,0.4,1.3,2.1,0.7,0,1.4,1.6,5.7,13,38,10.1,-0.028
76,63,19.3,0.44,2.5,5.7,0,0,0.67,0.5,0.8,4.6,1.4,3.1,0.6,0.7,0.7,0.6,2.7,5.6,21,55,11.3,0.055
79,76,18.4,0.45,2,4.6,0.8,2.1,0.81,0.5,0.7,2.8,1.1,1.7,0.9,0.6,0.5,0.6,1.8,5.4,52,27,12.9,0.123
56,19,20.8,0.46,2,4.4,0.6,1.7,0.71,0.7,1,2.3,0.6,1.8,1.8,0.8,0.4,1.2,1.4,5.3,17,39,10.2,0.049
44,3,13.3,0.46,1.8,4,0.1,0.3,0.82,1.2,1.4,1.1,0.3,0.8,1.2,0.3,0.2,0.7,0.8,4.9,15,29,12.2,0.046
59,0,12.1,0.42,1.7,4.2,0.3,0.8,0.7,1,1.4,1.9,0.7,1.2,0.7,0.3,0.5,0.9,1.8,4.7,23,36,10.1,0.03
48,7,11.8,0.51,2,3.9,0,0,0.71,0.8,1.1,2.9,1,1.8,0.4,0.3,0.6,0.5,1.5,4.7,27,21,15.2,0.112
2,0,11.5,0.3,1.5,5,0.5,2,1,1,1,2,0.5,1.5,0.5,0.5,0,0,1,4.5,1,1,10.8,0.037
55,1,13.2,0.39,1.6,4.1,0.4,1,0.77,0.9,1.2,1.9,0.6,1.3,2,0.5,0.1,1.3,1.6,4.5,31,24,9.8,0.005
53,0,12.4,0.37,1.3,3.6,0.1,0.5,0.81,1.6,1.9,1.1,0.2,0.9,1.5,0.3,0,1.1,1.5,4.3,34,19,8.2,0.019
62,0,11.4,0.52,1.6,3.1,0,0,0.67,0.7,1.1,2.7,0.8,1.8,0.1,0.2,0.5,0.7,1.3,4,49,13,12.5,0.101
55,4,13.2,0.33,1.4,4.3,0.5,1.8,0.85,0.5,0.6,1.6,0.3,1.2,0.5,0.3,0.3,0.7,1.2,3.8,11,44,5.2,-0.074
15,0,10.3,0.49,1.6,3.3,0,0.1,0.29,0.1,0.5,1.9,0.7,1.1,0.9,0.4,0.5,0.8,1.3,3.3,10,5,12,0.045
60,7,10.2,0.52,1.2,2.3,0,0,0.69,0.8,1.1,2,0.9,1.1,0.1,0.2,0.7,0.5,1.6,3.2,32,28,11.6,0.083
37,2,8.2,0.37,0.8,2.3,0.3,0.7,0.86,0.5,0.6,0.9,0.3,0.7,0.8,0.3,0,0.6,1.2,2.4,19,18,6.7,0.006
31,4,5.9,0.36,0.8,2.2,0,0.1,0.71,0.6,0.9,1,0.3,0.7,0.1,0.2,0.2,0.4,1.1,2.3,11,20,7,-0.018
51,2,8.4,0.43,0.7,1.7,0,0,0.69,0.5,0.7,1.7,0.6,1.1,0.2,0.2,0.1,0.3,1.5,1.9,41,10,7.2,0.094
12,0,4.6,0.32,0.7,2.1,0,0.3,0.38,0.3,0.7,0.3,0,0.3,0.3,0.1,0,0.5,0.7,1.6,8,4,-3.9,-0.225
8,0,2.5,0.36,0.5,1.4,0,0.3,0,0,0.3,0.4,0,0.4,0,0,0.3,0,0.4,1,6,2,4.8,-0.131
6,0,1.3,0.67,0.3,0.5,0,0,0,0,0,0.5,0.3,0.2,0,0.2,0,0.2,0.2,0.7,3,3,26,0.201
3,0,2,0.5,0.3,0.7,0,0,0,0,0,0.3,0,0.3,0.3,0,0,0,0,0.7,2,1,16.1,0.156
6,0,3.2,0.25,0.2,0.7,0,0,0,0,0,0.3,0.2,0.2,0,0,0,0.3,0.5,0.3,2,4,-7.6,-0.233
73,17,25.6,0.45,5.5,12.1,1.6,4.3,0.81,2,2.4,2.9,1,1.9,1.5,0.8,0.2,1,1.7,14.5,33,40,17.4,0.103
81,81,28.9,0.42,4.9,11.8,1,2.7,0.83,2.8,3.3,2.4,0.3,2.1,4.4,1,0,2.9,1.2,13.5,15,66,13,0.002
77,31,25.1,0.45,3.9,8.7,1,2.6,0.67,1.5,2.3,4.5,1,3.6,1.2,0.7,0.2,1.3,1.6,10.3,24,53,13,0.063
80,73,27.9,0.48,3.6,7.5,0.5,1.4,0.71,1.6,2.2,6,2.4,3.6,0.7,1,0.4,1,2.9,9.3,26,54,13.9,0.095
74,4,20.1,0.44,3.4,7.6,1.2,3.4,0.77,0.9,1.2,3,0.5,2.5,1.2,0.5,0.1,0.6,1.1,8.9,38,36,14.1,0.1
56,12,19.4,0.46,3.2,7,1.2,3.1,0.81,1,1.2,1.9,0.7,1.2,2,0.8,0.1,1,2.1,8.6,22,34,14.9,0.097
29,1,17.6,0.36,2.8,7.8,0,0.1,0.74,2.9,3.9,4.8,2.1,2.7,1,0.6,0.3,0.7,2.4,8.5,11,18,14.6,0.07
78,9,22.6,0.4,3.3,8.3,0.4,1.3,0.72,1.3,1.8,4.5,0.6,3.9,2.9,0.6,0.1,1.6,1.6,8.4,10,68,11.5,-0.007
65,8,20.2,0.52,3.1,6,0.5,1.3,0.76,1.6,2.2,1.9,0.6,1.3,3.1,0.7,0,1.3,1.4,8.3,42,23,16.4,0.135
82,23,18.2,0.56,3.4,6,0,0,0.55,1.1,2,6.4,2.4,4,0.8,0.6,0.5,1.4,2.7,7.8,50,32,17.7,0.147
80,1,16.5,0.45,2.8,6.2,0.1,0.7,0.78,1.7,2.2,2.5,1,1.6,0.7,0.4,0.3,1.2,1.3,7.4,39,41,13,0.044
56,2,15.4,0.41,2.6,6.3,1.1,3.1,0.8,1.1,1.3,1.6,0.2,1.4,1.9,0.6,0.1,1.1,0.9,7.3,23,33,14,0.065
56,16,12.5,0.52,2.8,5.3,0.8,2,0.81,0.8,0.9,1.4,0.2,1.2,1.3,0.5,0.2,1,1.5,7.1,36,20,18.5,0.134
76,1,18.2,0.42,2.5,5.9,0.8,2.1,0.87,0.8,0.9,2.1,0.4,1.7,1,0.3,0.1,1,0.9,6.6,15,61,9.6,0.014
47,0,13.3,0.49,2.1,4.3,0,0,0.68,1,1.4,3.7,1.6,2.1,0.4,0.3,0.4,0.6,2,5.2,18,29,15,0.105
69,4,13.3,0.46,2,4.3,0.4,1.4,0.82,0.7,0.8,2.5,0.5,2,0.5,0.4,0.4,0.7,1.7,5.1,22,47,12.8,0.067
81,2,15.7,0.42,1.9,4.5,0.3,0.9,0.72,0.6,0.9,1.6,0.3,1.3,3.3,0.5,0.1,1,1.4,4.7,53,28,11.8,0.071
60,0,12,0.39,1.7,4.5,0.7,2.2,0.8,0.5,0.7,1.7,0.2,1.5,0.7,0.3,0.1,0.4,0.9,4.7,23,37,10.8,0.06
31,4,9.8,0.38,1.5,3.8,0.2,0.7,0.72,1.1,1.5,1.5,0.7,0.8,0.5,0.3,0.1,0.6,0.5,4.1,13,18,11.4,0.015
65,11,11.6,0.45,1.5,3.2,0.2,0.7,0.73,0.8,1.1,2,0.5,1.4,0.7,0.3,0.7,1,1.9,3.9,30,35,10.4,0.054
63,2,11.2,0.5,1.7,3.4,0,0,0.65,0.5,0.8,2.5,0.9,1.7,0.2,0.4,0.3,0.2,1.5,3.9,37,26,14.3,0.129
57,0,9.4,0.46,1.2,2.6,0,0.1,0.67,0.8,1.3,1.4,0.5,0.8,0.3,0.4,0.2,0.3,0.9,3.3,34,23,12.6,0.114
68,13,13,0.59,1.1,1.9,0,0,0.58,0.8,1.4,3.6,1.3,2.3,0.2,0.2,1.3,0.6,2.4,3.1,32,36,12.9,0.109
44,0,9.2,0.35,1,3,0.3,1,0.71,0.6,0.9,1,0.3,0.7,0.4,0.2,0.2,0.4,1.2,3,13,31,7.5,0.002
71,1,11.2,0.4,1.2,3.1,0,0.1,0.62,0.5,0.7,2.1,0.7,1.4,0.5,0.4,0.1,0.3,1.5,2.9,34,37,8.5,0.031
52,4,12.6,0.53,1.1,2,0,0,0.6,0.7,1.2,4.1,2,2.1,0.4,0.3,0.1,0.4,2.2,2.8,15,37,12.4,0.125
51,0,7.5,0.37,1.1,3,0,0.1,0.72,0.5,0.7,1.2,0.4,0.9,0.4,0.1,0.3,0.5,0.5,2.7,36,15,8.5,-0.033
39,4,10.4,0.66,1.1,1.7,0,0,0.9,0.5,0.5,2.5,0.6,1.9,0,0.2,0.4,0.3,1.9,2.7,23,16,12.1,0.156
43,0,8.3,0.36,0.9,2.4,0.1,0.4,0.75,0.8,1.1,1.3,0.3,0.9,0.3,0.2,0.2,0.3,0.6,2.6,27,16,9.7,0.056
10,0,3.9,0.42,1,2.4,0.2,0.4,0.57,0.4,0.7,0.2,0.1,0.1,0.5,0,0,0.4,0.6,2.6,5,5,11.9,-0.036
25,0,5.2,0.4,0.8,2.1,0.2,0.6,0.85,0.4,0.5,0.7,0.3,0.4,0.5,0.3,0.1,0.6,0.5,2.3,18,7,13.2,0.029
20,0,5.8,0.39,0.8,2,0.3,1.1,0.67,0.2,0.3,0.9,0.4,0.5,0.3,0.3,0.2,0.3,0.5,2,14,6,12.3,0.083
8,0,4,0.4,0.5,1.3,0,0.3,0.5,0.3,0.5,0.3,0,0.3,0.1,0,0.3,0.1,0.5,1.3,6,2,5.2,-0.093
13,0,4.2,0.37,0.5,1.5,0,0,0,0,0,0.8,0.2,0.5,0.1,0.2,0,0.3,1,1.1,10,3,0.7,-0.077
42,18,24.5,0.38,4.6,11.9,0.8,3,0.87,1.7,2,2.5,0.7,1.8,2.8,0.9,0.1,2,1.5,11.7,17,25,11.8,-0.026
80,48,27.8,0.55,3.8,6.9,0,0,0.62,1.8,2.9,7.5,3.1,4.4,1.3,1.2,0.6,1,2.5,9.4,30,50,18,0.143
79,63,26.2,0.4,3.4,8.6,1.3,3.7,0.7,0.8,1.2,3,0.6,2.4,1.9,0.7,0.7,1.2,2.1,9,17,62,10.2,0.03
65,17,24.6,0.58,3.3,5.7,0,0,0.56,1.1,2,7.1,2.6,4.5,0.6,0.6,1,0.7,2.8,7.7,16,49,15.8,0.119
78,14,23,0.43,2.9,6.8,0.2,0.6,0.81,1.3,1.6,3.9,0.5,3.4,2,0.6,0.2,1,1.8,7.2,40,38,10.8,0.06
78,27,19.7,0.52,2.8,5.3,0,0,0.6,1.3,2.2,5.3,2.2,3.1,0.5,0.4,0.9,1,3.2,6.8,25,53,13.8,0.091
81,25,22.7,0.42,2.5,6,0.4,1.4,0.74,1.2,1.6,2.8,0.8,1.9,3.6,1.1,0.3,2.4,1.6,6.7,32,49,10.8,0.008
52,6,16.7,0.56,2.9,5.1,0,0,0.71,0.6,0.8,3.8,1.7,2.2,0.8,0.3,0.7,0.6,1.5,6.3,29,23,16.7,0.134
81,14,17.9,0.39,2,5,0.6,1.8,0.77,1.1,1.5,3.3,0.9,2.4,0.7,0.7,0.3,1.3,1.5,5.6,31,50,9.6,0.022
65,14,16.4,0.55,2.1,3.9,0,0,0.67,1,1.6,3.9,1.5,2.4,0.5,0.4,0.6,0.6,1.8,5.3,15,50,15.3,0.119
25,9,16.1,0.45,1.8,4.1,0,0.1,0.64,0.7,1.1,3.4,0.7,2.7,0.8,0.6,0.5,1,1.4,4.4,7,18,10.1,0.015
38,16,13.9,0.41,1.7,4.2,0.1,0.4,0.64,0.9,1.4,1,0.2,0.7,0.5,0.3,0.1,0.3,1.3,4.3,19,19,7,0.021
60,12,14.5,0.43,1.9,4.5,0,0,0.56,0.5,0.8,3,1,2,0.3,0.4,1.2,0.6,2,4.3,28,32,11,0.057
58,18,17.8,0.44,1.7,3.8,0,0,0.66,0.7,1.1,3.1,1.4,1.7,0.7,0.4,1.5,0.8,2.5,4.1,28,30,9.7,0.032
49,0,13.1,0.38,1.6,4.2,0.3,1.3,0.73,0.4,0.5,2.9,0.8,2.1,0.6,0.3,0.3,0.3,1.6,3.9,29,20,10.1,0.048
42,0,10,0.36,1.3,3.7,0.4,1.4,0.79,0.8,1,1.7,0.5,1.1,0.7,0.3,0.2,0.5,1,3.8,10,32,10.8,0.035
49,3,9.4,0.66,1.6,2.3,0,0,0.7,0.5,0.8,2,0.7,1.2,0.5,0.3,0.3,0.4,1,3.6,22,27,18.8,0.167
26,2,11,0.38,1.2,3.1,0.7,1.8,0.78,0.5,0.7,0.9,0.1,0.8,0.7,0.1,0.2,0.5,0.9,3.6,17,9,8.5,0.051
70,1,12.3,0.41,1.4,3.3,0.4,1.2,0.77,0.5,0.6,1,0.2,0.9,2.2,0.3,0.1,1,1.2,3.6,41,29,9.4,0.03
20,0,5.9,0.41,1.1,2.6,0.1,0.3,0.78,0.9,1.2,1.4,0.8,0.6,0.1,0.2,0.3,0.3,0.4,3.1,15,5,14.4,0.036
12,0,9.6,0.33,1.1,3.3,0,0.4,0.79,0.9,1.2,1.5,0.1,1.4,1.8,0.3,0,1.3,1.2,3.1,3,9,5.5,-0.093
38,0,7.3,0.46,1.2,2.7,0.1,0.3,0.59,0.3,0.6,0.9,0.3,0.7,1.2,0.1,0,1,0.8,2.9,20,18,9.3,-0.044
66,6,11.1,0.41,1.1,2.7,0.3,0.8,0.71,0.4,0.5,1.3,0.3,1,0.4,0.3,0.2,0.2,1,2.8,35,31,8.5,0.06
3,0,11,0.25,1.3,5.3,0,1.7,0,0,0,1.3,0.7,0.7,0.3,0.3,0,0,1,2.7,0,3,0.1,-0.154
58,1,10.9,0.45,1.1,2.5,0,0,0.71,0.4,0.5,2.6,1.4,1.2,0.2,0.3,0.5,0.7,2.2,2.7,15,43,8.4,0.017
3,0,7,0.33,0.7,2,0,0.3,1,1,1,1,0.7,0.3,0.7,0.3,0,1,0.3,2.3,0,3,9.2,-0.047
18,0,7.5,0.31,0.8,2.5,0,0.2,0.82,0.8,0.9,1.4,0.3,1.1,1.1,0.3,0.2,0.6,0.4,2.3,10,8,10.6,0.007
41,0,5.2,0.49,0.8,1.6,0,0,0.74,0.4,0.6,1,0.5,0.6,0.2,0.1,0.2,0.5,1.1,2,29,12,11,0.057
19,0,7.1,0.37,0.7,1.8,0.3,0.8,0.75,0.3,0.4,0.6,0.1,0.6,1.4,0.3,0,0.4,0.8,1.9,5,14,10.8,0.065
30,0,5.4,0.34,0.8,2.2,0,0.2,0.5,0.2,0.4,0.6,0.1,0.4,0.4,0.3,0,0.5,0.7,1.7,21,10,2.2,-0.139
5,0,4.8,0.43,0.6,1.4,0.2,0.8,0.5,0.2,0.4,0.2,0,0.2,0.6,0.2,0,1.4,0,1.6,2,3,-1.2,-0.314
24,0,5.7,0.27,0.6,2.3,0.1,0.7,0.33,0.1,0.4,1.3,0.3,1,0.3,0.1,0.1,0.3,0.6,1.5,11,13,1,-0.143
2,0,5.5,0.33,0.5,1.5,0,0,0,0,0,1.5,0.5,1,0,0,0,1,1,1,2,0,-6.4,-0.246
18,0,7.8,0.53,0.4,0.8,0,0,0.5,0.1,0.2,1.9,0.7,1.2,0.2,0.3,0.4,0.4,1.7,1,11,7,7,0.066
16,0,4.9,0.8,0.3,0.3,0,0,0.5,0.4,0.8,0.4,0.1,0.3,0,0.1,0.3,0.2,1.1,0.9,3,13,5.3,0.046
12,0,4.9,0.2,0.3,1.3,0,0,0,0,0.2,1.2,0.6,0.6,0.2,0.2,0.2,0.3,0.4,0.5,1,11,2,-0.142
66,25,27.2,0.37,4.3,11.6,1,3.4,0.79,2.5,3.2,3.5,0.5,3.1,4.4,0.9,0.3,1.8,1.2,12.1,7,59,14.9,0.009
63,57,28.6,0.45,3.9,8.7,1,2.8,0.55,0.7,1.2,4.8,1.4,3.3,2.1,1.2,0.5,1.3,2.3,9.5,33,30,13.3,0.09
66,15,21.5,0.41,3.1,7.5,0.6,2.1,0.7,2.1,3,4.7,1.2,3.5,0.6,0.5,0.5,1.2,1.4,8.8,26,40,12.9,0.059
60,25,23.7,0.44,3.2,7.4,0,0,0.55,1.8,3.2,6.5,3.1,3.4,0.5,0.5,1,1.4,2.2,8.2,18,42,13.3,0.038
61,7,18.6,0.39,2.8,7.3,1.3,3.5,0.83,0.7,0.8,1.2,0.3,0.9,1.8,0.5,0,1.1,1.2,7.6,20,41,10.8,0.012
63,7,19.5,0.4,2.8,6.9,0.7,2,0.72,1.2,1.7,4.4,1.1,3.3,1,0.7,0.7,1.1,2.8,7.4,31,32,12.1,0.059
59,0,15.9,0.43,2.6,6.1,0.3,0.8,0.73,1.8,2.4,2.2,1,1.3,0.9,0.5,0.1,0.9,1.4,7.2,33,26,14,0.076
65,2,19.4,0.39,2.7,6.9,0.3,1.2,0.78,1,1.3,1.4,0.3,1.1,2,0.7,0,1.6,1.9,6.8,46,19,7.9,0
51,28,17.5,0.45,2.5,5.7,0.1,0.4,0.87,0.7,0.8,1.3,0.2,1.2,3.3,0.6,0.1,1.2,1.7,5.8,15,36,12.4,0.028
51,15,15.9,0.45,2.6,5.7,0.1,0.2,0.53,0.4,0.7,4.8,1.7,3.1,0.6,0.4,0.7,0.6,2.2,5.5,26,25,14.3,0.109
63,41,23.1,0.46,2,4.4,0,0,0.48,1.1,2.3,5.8,1.8,4,0.4,0.3,1.8,1.1,2.3,5.2,7,56,10.6,0.019
42,9,11.4,0.47,1.9,4,0.1,0.5,0.82,1,1.3,2.4,0.7,1.7,0.5,0.3,0.2,0.7,1.1,5,21,21,14.2,0.087
42,23,13.5,0.42,2.1,5,0,0,0.56,0.7,1.2,3.3,1.3,2,0.4,0.4,0.5,0.9,2,4.9,14,28,10.4,-0.014
46,12,12.1,0.51,2.1,4.2,0.1,0.2,0.75,0.5,0.6,2.6,1,1.6,0.5,0.3,0.4,0.4,1.5,4.7,22,24,15.3,0.122
57,20,18.9,0.54,2.1,3.8,0,0,0.53,0.6,1.1,4.4,1.8,2.6,0.8,0.7,0.6,1.1,2.7,4.7,19,38,11.5,0.076
66,51,21.7,0.37,1.8,4.7,0.7,1.9,0.68,0.5,0.7,3.5,0.7,2.9,0.7,1.1,0.5,0.6,2.7,4.6,20,46,8.3,0.052
66,0,13.2,0.5,1.8,3.6,0,0,0.67,1.1,1.6,4.2,1.6,2.6,0.1,0.3,0.3,0.8,1.3,4.6,36,30,14.5,0.095
43,5,14.8,0.51,1.8,3.5,0,0,0.65,1,1.5,3.6,1.5,2.1,0.3,0.5,0.3,0.5,1.4,4.6,10,33,14.5,0.101
26,2,9.9,0.43,1.8,4.3,0.7,1.8,0.4,0.1,0.2,2.4,0.4,2,0.8,0.2,0.1,0.6,0.6,4.4,14,12,13.9,0.055
37,4,14.6,0.42,1.7,4,0.5,1.6,0.62,0.4,0.7,3.9,1.3,2.6,0.3,0.6,0.5,0.5,1.3,4.4,18,19,13.7,0.127
40,0,10.5,0.39,1.7,4.4,0.7,1.9,0.92,0.3,0.3,0.8,0.1,0.7,0.5,0.1,0,0.5,0.8,4.4,24,16,8.4,0.011
41,15,15.2,0.47,1.9,4.1,0,0,0.79,0.3,0.3,4.2,1.1,3,0.8,0.3,0.4,0.5,1.8,4.1,22,19,12.7,0.124
44,4,12.3,0.37,1.5,4.1,0.3,1,0.71,0.5,0.6,1.3,0.4,0.9,1.4,0.4,0.1,1,1.3,3.8,17,27,7.8,-0.029
64,0,12.2,0.4,1.4,3.4,0.2,0.7,0.71,0.7,0.9,1.4,0.2,1.3,2,0.4,0,0.8,0.8,3.6,20,44,11.9,0.042
19,0,12.8,0.39,1.2,3.1,0.1,0.5,0.82,0.7,0.9,1.4,0.5,0.9,1.6,0.4,0.2,0.9,1.2,3.3,3,16,9.3,0.024
36,0,8.3,0.45,1.5,3.4,0,0,0.67,0.2,0.3,1.6,0.6,1.1,0.2,0.1,0.4,0.4,0.7,3.2,21,15,11.4,0.032
45,0,11.1,0.32,1.1,3.5,0.3,1.4,0.86,0.6,0.6,1.2,0.3,0.9,1.6,0.6,0,0.8,0.7,3.1,34,11,9.2,0.011
38,0,8.7,0.38,1.1,3,0.4,1.2,1,0.2,0.2,0.9,0.1,0.8,0.9,0.3,0.1,0.6,0.9,2.9,24,14,8.8,0.031
19,0,8.9,0.43,0.9,2.2,0.2,0.5,0.67,0.3,0.5,0.8,0.1,0.7,1.1,0.1,0,1,0.8,2.4,7,12,5.2,-0.045
24,0,5,0.39,1,2.5,0.2,0.5,0.71,0.2,0.3,1,0.2,0.8,0.1,0.1,0.1,0.3,0.4,2.4,16,8,12,0.004
17,0,7.4,0.3,0.9,3.2,0.1,1,0.75,0.4,0.5,0.9,0.3,0.6,0.2,0.1,0.1,0.2,0.7,2.4,8,9,3.8,-0.083
28,0,8.5,0.35,0.9,2.6,0.1,0.5,0.79,0.4,0.5,0.5,0.1,0.5,1.1,0.3,0,1,0.6,2.3,18,10,3.3,-0.105
23,0,5.9,0.54,0.8,1.5,0,0,0.57,0.3,0.6,1.5,0.6,0.9,0.2,0.2,0.2,0.1,0.4,2,5,18,18.2,0.161
29,1,9.2,0.31,0.8,2.4,0.1,0.5,0.65,0.4,0.6,0.9,0.2,0.7,1.2,0.2,0.1,0.4,0.6,2,21,8,6.9,0.001
14,0,6,0.29,0.6,2.2,0.1,0.9,0,0,0.1,0.9,0.2,0.6,0.1,0.1,0.2,0.4,0.4,1.4,7,7,1.7,-0.145
10,0,4.6,0.36,0.5,1.4,0,0,0.44,0.4,0.9,0.9,0.6,0.3,0.5,0.2,0.2,0.2,0.4,1.4,5,5,14.6,0.06
15,0,5.9,0.33,0.5,1.6,0.1,0.2,0.6,0.2,0.3,0.9,0.2,0.7,0.5,0.3,0.2,0.1,0.2,1.3,5,10,10.4,0.013
61,48,28.8,0.41,5.5,13.4,1,3.3,0.75,2.6,3.5,2.4,0.4,2.1,3,1,0.3,2,1.9,14.7,20,41,13.7,0.025
56,46,31.2,0.41,5,12.3,1.6,4.2,0.79,2.2,2.8,3.8,0.8,3,2.4,0.9,0.5,1.6,2,13.9,21,35,13.6,0.082
81,81,25.4,0.44,3.4,7.8,0.6,1.8,0.76,1.8,2.3,4.1,0.7,3.5,1.2,0.6,0.2,1.2,1.7,9.2,46,35,11,0.065
78,77,26,0.46,3.6,7.9,0,0.1,0.75,1.8,2.4,5.8,1.7,4.2,1.5,0.7,0.9,1.3,2.1,9,20,58,14,0.051
82,74,28,0.43,3.4,7.8,0.9,2.4,0.81,1.2,1.5,4,1.3,2.7,0.9,0.7,0.5,1.2,2.6,8.8,29,53,10,0.048
76,59,26,0.46,3.4,7.4,0.4,1.5,0.57,1,1.7,4.4,1.6,2.8,0.7,1.2,0.8,0.9,1.9,8.2,18,58,12.5,0.059
77,55,26.3,0.44,3.2,7.3,0,0.1,0.76,1.6,2,5.7,2.1,3.6,1.2,0.5,0.9,1.2,3.3,7.9,24,53,11,0.048
75,28,16.7,0.53,3.4,6.5,0,0,0.8,1,1.3,3.4,0.9,2.5,0.6,0.3,0.4,1.1,1.8,7.8,18,57,15.1,0.065
73,2,17,0.41,2.5,6.3,0.9,2.7,0.71,0.4,0.6,2,0.5,1.5,0.7,0.6,0.2,0.7,1.7,6.4,29,44,10.4,0.034
61,26,23.2,0.37,2.4,6.4,0.5,1.4,0.55,1,1.8,1.8,0.3,1.5,2.1,0.4,0.1,1.2,2,6.2,21,40,5.9,-0.038
61,2,14.9,0.45,2.1,4.8,0.9,2.3,0.84,1,1.1,1.5,0.3,1.3,0.9,0.2,0.2,0.7,0.6,6.1,30,31,13,0.091
77,29,19.6,0.43,2.2,5.2,0.7,2,0.73,1,1.3,1.9,0.7,1.3,0.8,0.6,0.2,0.6,1.8,6.1,18,59,10.3,0.039
27,0,17.7,0.44,2.3,5.2,0.5,1.7,0.84,1,1.2,1.9,0.1,1.7,1,0.6,0.1,0.4,2,6.1,9,18,11.4,0.089
63,9,13.1,0.48,2.6,5.3,0,0,0.53,0.9,1.7,4.7,1.8,2.9,0.5,0.3,0.7,0.7,1.3,6,27,36,18.2,0.109
45,5,19.8,0.49,2.5,5,0,0.1,0.75,1,1.4,5.9,2,3.8,0.8,0.5,0.5,0.6,3.4,6,22,23,13.5,0.146
19,0,14.5,0.46,2.3,4.9,0.3,1,0.77,0.7,0.9,3.4,1.5,1.9,0.8,0.6,1,0.7,1.1,5.5,9,10,17.1,0.128
69,9,17.5,0.55,2.2,4,0,0.1,0.81,1,1.3,3.7,1.2,2.5,0.5,0.2,0.6,0.7,2.4,5.5,28,41,12.1,0.097
38,4,11.3,0.49,2,4,0.6,1.4,0.77,0.8,1,0.9,0.2,0.8,1.2,0.5,0,0.8,1.7,5.3,25,13,13.8,0.115
78,16,17.3,0.38,1.8,4.7,0.8,2.5,0.64,0.6,0.9,2.4,0.4,1.9,1.2,0.8,0.2,0.6,1.6,5,41,37,10.2,0.055
70,0,15.1,0.43,2,4.6,0,0,0.52,0.8,1.6,4.5,1.7,2.8,0.7,0.6,0.4,1.3,1.8,4.8,30,40,10.9,-0.002
40,1,9.4,0.48,1.8,3.7,0,0,0.77,1.1,1.4,2.8,1,1.8,0.3,0.1,0.1,0.5,0.8,4.6,19,21,16.3,0.11
57,5,11.2,0.51,1.8,3.5,0,0,0.67,0.5,0.8,3.7,1.1,2.5,0.9,0.2,0.5,0.6,1.9,4.1,11,46,15.8,0.107
73,5,12.2,0.38,1.6,4.2,0.1,0.9,0.77,0.7,0.9,2,0.5,1.5,0.8,0.5,0.1,0.8,0.8,4,27,46,9.1,-0.028
29,0,11.8,0.56,1.4,2.6,0,0.1,0.82,1.1,1.3,2.7,1,1.6,0.4,0.4,0.5,0.6,1.8,4,13,16,15.9,0.157
51,0,12.1,0.4,1.4,3.5,0.7,1.8,0.72,0.5,0.6,2.2,0.4,1.8,0.9,0.2,0.2,0.6,1,4,31,20,11.4,0.115
47,0,11.6,0.58,1.7,2.9,0,0,0.64,0.4,0.6,3.1,1.6,1.5,0.2,0.4,0.2,0.4,0.9,3.7,20,27,16.7,0.149
47,0,12.3,0.37,1.3,3.5,0.3,0.8,0.59,0.4,0.7,1,0.2,0.8,0.7,0.3,0,0.6,1.1,3.3,16,31,4.8,-0.032
23,0,6.4,0.35,1,3,0.4,1.3,1,0.6,0.6,0.8,0.2,0.6,0.2,0.1,0.1,0.3,0.6,3.1,20,3,11.2,0.058
48,3,14.6,0.37,1.2,3.1,0.5,1.5,0.57,0.2,0.3,0.9,0.1,0.8,3,0.5,0.1,1.2,1,3,12,36,7.8,-0.012
41,0,10,0.38,1,2.7,0.3,1.2,0.72,0.5,0.7,0.9,0.2,0.7,0.6,0.4,0.1,0.5,1.1,2.9,13,28,7.9,0.021
47,11,9.7,0.52,1.1,2.2,0,0,0.61,0.5,0.9,2.8,1.1,1.7,0.1,0.3,0.8,0.4,1.4,2.8,24,23,14.7,0.125
35,0,7.7,0.38,0.9,2.5,0.1,0.5,0.72,0.6,0.8,0.8,0.4,0.4,1.2,0.2,0.1,0.8,1,2.6,28,7,9.3,0.017
78,41,14.4,0.44,0.9,2.2,0,0,0.53,0.6,1,4,1.8,2.2,0.3,0.3,0.9,0.8,2,2.4,44,34,9.3,0.066
38,1,7.4,0.39,1,2.6,0,0.1,0.67,0.3,0.4,1.6,0.3,1.3,0.3,0.1,0.2,0.4,0.6,2.3,30,8,7.8,-0.003
52,2,13.3,0.41,0.8,2.1,0.4,1.1,1,0.2,0.2,1.5,0.2,1.3,0.8,0.3,0.2,0.4,1.7,2.3,14,38,6.3,0.034
39,0,5.6,0.37,0.8,2.2,0.2,0.3,0.56,0.4,0.7,0.5,0.1,0.4,0.5,0.3,0,0.6,0.6,2.2,23,16,6.2,-0.077
48,0,8.2,0.38,0.9,2.4,0.1,0.5,0.56,0.2,0.3,0.9,0.1,0.9,1.3,0.2,0.1,0.7,1,2.1,24,24,9.6,-0.031
8,0,3.3,0.43,0.8,1.8,0.3,0.4,1,0.3,0.3,0.4,0.1,0.3,0.1,0.1,0,0.3,0.4,2,4,4,14.8,0.033
19,0,4.9,0.44,0.5,1.2,0.1,0.1,0.56,0.5,0.8,1.2,0.5,0.7,0.2,0.2,0.1,0.6,0.6,1.6,11,8,8.5,-0.017
32,3,6.3,0.38,0.6,1.5,0,0,0.64,0.2,0.3,1.1,0.3,0.8,0.2,0,0.3,0.3,1.2,1.3,19,13,3.4,-0.024
7,0,3.7,0.33,0.6,1.7,0,0.1,0.5,0.1,0.3,0.3,0.1,0.1,0.4,0.1,0,0.1,0.4,1.3,6,1,5.9,-0.051
6,0,5.5,0.5,0.5,1,0,0,0.25,0.2,0.7,0.5,0,0.5,0,0.3,0.3,0.2,1.2,1.2,3,3,4.9,0.021
14,0,3.9,0.24,0.4,1.5,0,0,0.75,0.2,0.3,1.6,0.9,0.7,0.1,0,0.2,0.2,0.4,0.9,9,5,8.8,-0.015
10,0,5.4,0.14,0.2,1.4,0,0.3,0.63,0.5,0.8,0.7,0.1,0.6,0.1,0.3,0,0.2,0.3,0.9,7,3,0.6,-0.127
17,0,3,0.25,0.4,1.6,0.1,0.3,0,0,0,0.2,0,0.2,0.1,0.1,0,0.2,0.2,0.9,11,6,-4.5,-0.272
13,0,4.5,0.43,0.2,0.5,0,0,0.5,0.2,0.3,0.7,0.2,0.5,0.2,0.1,0.2,0.5,0.8,0.6,10,3,1.2,-0.059
80,48,28.2,0.41,4.9,12,1.6,4.6,0.74,1.8,2.4,3.4,0.6,2.8,3.3,1.2,0.2,2.5,1.8,13.2,17,63,13.2,0.001
68,66,30.4,0.36,4.8,13.3,1.1,3.4,0.67,2.1,3.1,3.4,0.5,2.9,5.5,1,0.5,3.2,2.1,12.8,29,39,9.9,-0.049
73,6,23.1,0.38,3.1,8.2,0.9,2.8,0.78,1.1,1.4,4.2,0.8,3.4,1.6,0.8,0.2,1.6,2.4,8.1,37,36,8.7,0.018
81,3,21.1,0.41,2.7,6.5,0.8,2.5,0.73,1.3,1.8,4.1,0.9,3.3,1.2,0.5,0.5,0.7,1.6,7.5,47,34,12.5,0.093
62,4,17.8,0.43,3,7,0.3,0.8,0.73,0.8,1.1,5.4,2,3.5,0.8,0.4,0.4,0.9,1.6,7,29,33,13.8,0.066
66,39,21.4,0.56,2.9,5.1,0,0,0.65,1.2,1.9,5.3,2,3.3,0.6,0.7,1,0.7,2.2,7,26,40,15.3,0.13
52,2,21.3,0.45,2.4,5.2,1,2.2,0.67,0.8,1.2,2.1,0.4,1.7,1.4,0.7,0.5,0.7,2.1,6.6,29,23,11.4,0.109
78,8,28.7,0.42,2.5,5.9,0.4,1.5,0.68,1,1.5,5.2,1,4.1,1.5,0.9,0.3,1.2,2.4,6.4,46,32,8.4,0.054
80,33,17.3,0.44,2.4,5.5,0.6,1.6,0.7,0.7,1,3.7,0.7,3,0.7,0.3,0.2,0.8,1.4,6.1,38,42,11.6,0.079
79,9,17.9,0.43,2.3,5.3,0.8,2.4,0.91,0.6,0.7,2.2,0.4,1.9,1.4,0.5,0.2,1.2,1.6,6.1,33,46,9.4,0.029
29,17,21.2,0.46,2.2,4.8,0.1,0.5,0.71,1.3,1.8,5.3,1.3,4,1.5,1.3,0.6,0.9,2.1,5.8,7,22,14.2,0.094
27,0,14.1,0.47,2,4.3,0,0.1,0.73,1.7,2.3,3.2,1.4,1.7,0.6,0.3,0.3,0.7,2.1,5.7,10,17,14,0.1
51,1,13.7,0.51,2.2,4.4,0.2,0.9,0.69,1,1.5,2.6,1.2,1.4,0.6,0.4,0.8,0.6,1.8,5.6,7,44,15.9,0.103
76,6,16.7,0.39,2,5.1,0.3,1.3,0.78,1.3,1.6,1.9,0.3,1.6,2.3,0.7,0.1,1.1,1.3,5.6,29,47,12.6,0.05
49,24,14.9,0.42,2,4.7,0.7,1.8,0.81,0.9,1.1,2.3,0.3,1.9,1,0.6,0.2,0.7,1.2,5.6,32,17,13.3,0.105
63,22,20.1,0.53,2.5,4.8,0,0.2,0.68,0.5,0.7,5,1.6,3.3,0.7,0.9,0.4,0.7,2,5.5,14,49,13.4,0.083
57,1,12.3,0.41,2,4.9,0.6,1.9,0.79,0.3,0.4,1.5,0.2,1.3,1.9,0.6,0.1,0.8,1.4,5,44,13,12.9,0.093
24,4,15.1,0.4,1.8,4.5,0.5,1.4,0.48,0.5,1,2.8,1,1.8,0.4,1.2,0.5,0.6,1.6,4.7,7,17,12.2,0.043
37,0,15.6,0.36,1.5,4.2,0.4,1.4,0.72,0.8,1.1,1.3,0.2,1.1,2.9,0.8,0.1,0.9,0.9,4.2,13,24,11.2,0.027
1,0,6,1,2,2,0,0,0,0,0,1,1,0,0,0,0,0,1,4,1,0,32,0.343
38,2,10.1,0.4,1.4,3.4,0.5,1.3,0.73,0.8,1.1,1.2,0.1,1.1,0.7,0.2,0,0.5,0.7,4,17,21,10.7,0.066
29,11,20.6,0.31,1.3,4.3,0.7,2.4,0.85,0.6,0.7,2.4,0.3,2.1,0.7,0.5,0.2,0.5,1.2,4,4,25,4.9,-0.024
27,1,8.5,0.45,1.3,3,0.2,0.5,0.74,1,1.3,1.4,0.3,1.1,1.1,0.3,0.1,0.6,0.3,3.8,19,8,17.8,0.124
55,9,11.7,0.41,1.3,3.2,0.4,1.5,0.8,0.8,1,2.4,0.3,2.1,0.5,0.3,0.5,0.4,0.8,3.8,28,27,12.3,0.083
41,0,9.4,0.37,1.5,4.1,0.2,1.1,0.8,0.5,0.6,1.2,0.1,1.1,1.6,0.4,0,0.8,0.7,3.8,19,22,9.9,-0.009
63,9,10.7,0.43,1.4,3.3,0.4,1.3,0.63,0.5,0.8,2.1,0.4,1.7,0.2,0.3,0.1,0.5,1.6,3.7,31,32,8.2,0.031
39,1,9.7,0.64,1.5,2.3,0,0,0.52,0.6,1.2,1.7,0.6,1,0.4,0.3,0.3,0.4,1.2,3.6,17,22,14.6,0.118
70,6,14.3,0.31,1.2,3.8,0.6,2.1,0.8,0.2,0.2,1.3,0.2,1.1,0.6,0.4,0.2,0.4,1,3.1,30,40,4.2,-0.036
36,0,8.9,0.37,1,2.7,0.5,1.8,0.86,0.2,0.2,1,0.1,1,0.4,0.4,0.1,0.3,0.8,2.7,21,15,7.7,0.045
39,0,7.9,0.27,0.7,2.7,0.2,0.7,0.8,0.2,0.3,1.6,0.6,1,0.9,0.2,0,0.5,0.6,1.8,24,15,5,-0.047
5,0,4.2,0.57,0.8,1.4,0.2,0.4,0,0,0,2,0.8,1.2,0,0,0,0.2,0.4,1.8,4,1,18.6,0.192
16,0,3.6,0.36,0.5,1.4,0,0,0.5,0.3,0.6,0.8,0.4,0.4,0.1,0,0.7,0.1,0.3,1.3,9,7,15.3,0.068
34,0,4.3,0.27,0.4,1.4,0.1,0.6,1,0.1,0.1,0.9,0.3,0.6,0.3,0.1,0,0.3,0.2,1.1,17,17,4.6,-0.076
6,0,4.7,0.4,0.3,0.8,0,0,1,0.2,0.2,0.7,0.3,0.3,0,0,0.2,0,0.3,0.8,5,1,7.1,0.069
3,0,2,0,0,0,0,0,0,0,0,0.3,0,0.3,0,0.3,0,0,0,0,1,2,10.8,0.116
82,9,21.5,0.4,3.6,8.9,1.4,4.2,0.88,1.3,1.5,2.6,0.5,2.1,2.1,0.6,0.3,1.4,1.5,9.9,40,42,11.9,0.037
79,40,28.8,0.4,3.5,8.7,0.7,2.4,0.62,1.7,2.7,4,0.8,3.2,2.1,0.6,0.5,1.5,2,9.4,26,53,8.5,-0.007
82,75,21.2,0.45,3.5,7.7,0.9,2.7,0.62,1.4,2.2,4.2,1.2,3.1,0.7,0.8,0.9,1.3,3.2,9.2,24,58,12.3,0.05
33,12,18.5,0.54,3.5,6.6,0.1,0.2,0.7,1.6,2.2,4.9,1.5,3.4,0.8,0.5,0.4,1.1,1.9,8.8,9,24,16.8,0.099
57,26,21.6,0.45,3,6.7,1,3.2,0.72,1.2,1.6,3.3,0.4,2.9,1.9,0.9,0.1,1,1.6,8.2,15,42,12.3,0.07
38,11,16.1,0.53,3.3,6.3,0,0.1,0.65,0.8,1.3,4.2,1.1,3.1,0.8,0.4,0.9,0.8,1.7,7.5,8,30,17,0.086
73,26,22.5,0.4,2.8,7,0.6,2,0.81,1.2,1.5,2.5,0.4,2.1,2.6,0.6,0.5,1.9,2.4,7.4,17,56,7.6,-0.023
61,15,18.4,0.42,3,7.2,0.3,1.3,0.78,0.9,1.2,1.6,0.3,1.2,3.7,0.8,0.1,1.3,1.2,7.3,15,46,13,0.029
69,19,17.2,0.4,2.1,5.2,0.7,2.3,0.85,1.5,1.8,2.2,0.4,1.8,1.1,0.5,0.1,1.1,2.2,6.4,23,46,8.5,0.034
81,66,20.1,0.4,2.4,5.9,0.6,2,0.66,0.5,0.8,3.6,0.6,3,1,0.5,0.4,1,2.5,5.9,46,35,6.9,0.022
59,10,16.6,0.4,1.9,4.8,0.6,1.7,0.79,1.3,1.6,2.7,0.4,2.2,0.9,0.7,0.5,1,1.6,5.7,28,31,9.8,0.054
22,0,16.1,0.55,2.5,4.6,0,0.1,0.86,0.5,0.6,3.9,1.1,2.8,0.9,0.1,0.8,1.1,2,5.6,7,15,12.7,0.057
44,18,19.1,0.4,2,5,0.8,2.3,0.78,0.7,0.9,2.8,0.3,2.5,0.8,0.3,0.4,0.9,1.8,5.5,21,23,6.9,0.03
17,0,11.6,0.47,2.1,4.5,0,0,0.71,0.9,1.2,4.3,1.4,2.9,0.2,0.2,0.4,0.4,1,5.1,9,8,16.8,0.111
57,0,17.1,0.35,1.8,5.1,1.3,3.6,0.78,0.2,0.3,2.6,0.2,2.5,1.1,0.5,0.1,0.9,1.5,5.1,28,29,7.3,0.031
62,9,13.6,0.45,1.6,3.6,0.7,1.8,0.75,0.9,1.2,3,0.7,2.3,0.5,0.5,0.2,0.5,1,4.9,30,32,13.4,0.104
55,38,15.6,0.5,1.9,3.7,0,0.1,0.69,0.4,0.6,3.4,1.2,2.2,0.3,0.5,0.8,0.6,2,4.2,35,20,11.5,0.089
71,20,15.2,0.43,1.5,3.5,0.6,1.7,0.78,0.4,0.5,1.4,0.3,1.1,1.1,0.5,0.2,0.5,0.9,4,57,14,8.6,0.077
57,34,9.9,0.46,1.5,3.2,0.5,1.3,0.65,0.6,0.9,2,0.7,1.3,0.4,0.2,0.5,0.3,1.5,4,31,26,14,0.113
42,0,9.2,0.39,1.5,3.8,0.2,0.5,0.71,0.8,1.2,1,0.1,0.9,1.4,0.4,0.2,0.7,0.9,4,25,17,11.4,0.008
22,1,7.5,0.45,1.5,3.3,0.4,1.3,0.8,0.4,0.5,0.8,0.2,0.5,0.5,0.3,0,0.4,0.5,3.8,12,10,13.7,0.057
78,7,17.1,0.38,1.5,4,0.3,0.9,0.61,0.5,0.8,2.1,0.3,1.8,2.4,1,0.5,1.1,2.3,3.8,30,48,8.1,0.004
22,0,9,0.41,1.3,3.1,0.4,1.3,0.79,0.7,0.9,1,0.1,0.9,0.5,0.2,0,0.4,1,3.6,9,13,9.6,0.028
38,8,8.4,0.43,1.3,3.1,0.2,0.6,0.7,0.6,0.8,1.1,0.2,0.9,1.3,0.2,0.2,1,0.8,3.4,29,9,9.6,0.004
43,0,13.3,0.35,1.3,3.7,0.7,2.3,0.36,0.1,0.3,2.4,0.5,1.9,0.5,0.2,0.5,0.7,1.7,3.4,13,30,5.3,-0.029
33,1,12.3,0.31,1.1,3.5,0.1,0.7,0.84,0.9,1.1,1.4,0.3,1.1,1.8,0.5,0.2,1.2,1.2,3.2,18,15,6.5,-0.041
19,2,7.6,0.36,1.2,3.4,0.5,1.8,0.5,0.2,0.4,2.2,0.4,1.7,0.4,0.1,0.1,0.7,0.3,3.2,8,11,7.5,-0.071
54,4,11.6,0.58,1.2,2.1,0,0,0.54,0.6,1.1,3.1,1.4,1.6,0.2,0.3,0.4,0.5,2.1,3.1,38,16,12.2,0.125
5,1,10,0.71,1,1.4,0,0,1,0.8,0.8,2,0.4,1.6,0.6,0.6,0.2,0.8,1.2,2.8,2,3,12.3,0.123
38,1,9.7,0.48,1.2,2.6,0,0.5,0.38,0.2,0.4,1.6,0.4,1.2,0.7,0.2,0.1,0.4,0.6,2.7,20,18,8.8,0.038
35,1,7.2,0.29,0.7,2.5,0.4,1.5,0.77,0.4,0.5,0.7,0.2,0.5,0.3,0.3,0.1,0.3,0.6,2.2,16,19,4.9,-0.054
22,0,7.3,0.41,0.8,1.9,0.2,0.5,0.45,0.4,0.9,1.6,0.4,1.3,0.2,0,0.6,0.5,1,2.2,4,18,8.4,-0.001
5,0,3.4,0.75,0.6,0.8,0.2,0.2,0.5,0.6,1.2,0.8,0.4,0.4,0.6,0,0,0,0,2,1,4,30.8,0.386
10,0,8.6,0.5,0.8,1.6,0,0,0.3,0.3,1,2.3,0.9,1.4,0,0.1,0.4,0.6,1.5,1.9,7,3,5.3,0.018
12,0,4.5,0.56,0.8,1.3,0.1,0.3,0.5,0.3,0.5,1.4,0.3,1.1,0.2,0.1,0.2,0.2,0.1,1.8,8,4,19.7,0.171
36,0,6.6,0.51,0.7,1.3,0,0,0.56,0.3,0.5,1.7,0.6,1.1,0.1,0.1,0.5,0.2,1.1,1.6,23,13,10.6,0.097
7,0,3.6,0.23,0.4,1.9,0,0,1,0.6,0.6,0.9,0.1,0.7,0,0,0.1,0.3,0.7,1.4,6,1,-1.2,-0.211
3,0,3.3,0.29,0.7,2.3,0,0,0,0,0,1,0.3,0.7,0.3,0.7,0.3,0.3,0,1.3,1,2,17.2,-0.165
19,0,5.8,0.32,0.5,1.6,0,0,0.6,0.2,0.3,1.8,0.6,1.3,0.2,0.1,0.3,0.2,0.9,1.2,8,11,7.3,-0.005
23,0,4.1,0.25,0.4,1.6,0,0.5,1,0.1,0.1,0.7,0.1,0.7,0.2,0.1,0,0.2,0.3,0.9,11,12,0.1,-0.168
9,0,3.4,0.1,0.1,1.1,0,0.4,1,0.2,0.2,0.3,0.2,0.1,0.2,0,0,0,0.2,0.4,7,2,-2.1,-0.136
3,0,3.3,0,0,1,0,0.3,0,0,0,0.7,0,0.7,0,0,0,0.3,0.3,0,2,1,-17.6,-0.473
