V1,V2,V3
hoodBaribeAngie,"Kinston, NC",New Caledonia
danny nsumba,"Kampala, Uganda",Uganda
Macy Slabach,"Ohio, USA",United States
Luca Zani,"Piemonte, Italy",Italy
Ciro,"Yakima, WA",America
'zomoy播rivera,"MNL, PH",Philippines
Reese Hudson,"Humble, TX",America
Tth Ervin,Hungary,Hungary
Big Pump,"La Vergne, TN",Tunisia
Ronnie Mac,"North Carolina, USA",United States
raggedalarm3,"Florence, KY",Cayman Islands (the)
Darius,"St Louis, MO",Macao
Mac,"Huntsville, AL",Albania
Jay_sauce_God ©…©…©…©…,"Independence, MO",Macao
Ethan Brinkmeyer,"Clive, IA",America
Jose J Campos,"Bell, CA",Canada
Christian Deleon,United States,United States
Michael Ward,China,Hong Kong
Eva Cole SPORTS,"Hollywood, California",America
Tre Brown,"Orlando, FL",America
shawn rowser sr,"Cortland, NY",America
SASNJW,Texas,America
Willie Hollowell,"Memphis, TN",Tunisia
Naasson Ben Israel,"Duluth, GA",Gabon
Jake Martin,"Michigan, USA",United States
Martin Roszak,"Nivillac, France",France
Darnyl Brown,"Salina, KS",America
bball_4life#22,"Houston, TX",America
Brendan Rochelle,United States,United States
Bobby_ Castro@gmail.com,"California, USA",United States
Ryan Jorgenson,"Thousand Oaks, CA",Canada
sabs,"Palm Desert, CA",Canada
Sophie,United States,United States
Sam,"British Columbia, Canada",Canada
kd™a™ti,"Dixon, IL",Israel
Jackie Anderson,"Santa Monica, CA",Canada
©…©…Rico J©…©…,"Richmond,VA",Holy See
hoopersreport,United States,United States
Brad Smith,Arizona,America
Pj Ugochukwu,"Sugar Land, TX",America
NastyK©…©…,United States,United States
"FreshT ""","Weatherford, TX",America
aaliyah bess,"Chicago, IL",Israel
KOBE IS THE GOAT,"Rock Hill, SC",Seychelles
Chivis©…©…©…©…,"Independence, MO",Macao
Mariama Gadiaga,"New York, NY",America
Javon A ©…©…,"New Haven, CT",America
hunter ashabranner,"Florida, USA",United States
Philip,"Albany, NY",America
Anthony Aguilar,"La Mirada, CA",Canada
Tyrel,"Kamiah, Idaho",America
J,"Hollywood,CA",Canada
Mark Suarez,"San Diego, CA",Canada
Ya Boy Jp,"Dothan, AL",Albania
Joye Pruitt,"Detroit, MI",America
Phantom_RLk,Jamaica,Jamaica
©…©…Nekai©…©…,"Qubec, Canada",Canada
V,"Huntington Beach, CA",Canada
Ricky Ali,"Elk Grove, CA",Canada
Markel Lee,"AZUSA, CA",Canada
Neuhausen Group,"Los Angeles, CA",Canada
Alex Hovis,"OC, CA, USA",United States
Redmond Calma,PH,Philippines
Blake Golden,"Mount Carmel, IL",Israel
Ryan Diggs,"Ellensburg, WA",America
ASAP KILLA,"Norfolk, VA",Holy See
Grant Anyanwu,"Houston, Texas",America
Ivn,Argentina,Argentina
Jerome,"Cerritos, CA",Canada
Rizz,"Roxbury, Boston",America
TheNotoriousSeth h&™,"Edinburg, TX",America
Kevin Henriquez,"California, USA",United States
cbg.dhani ©…©…,"Westwood, NJ",America
Ivan Duran,Philippines ,Philippines
Clarence Jay Sos,United States,United States
Manny,"Los Angeles, CA",Canada
Ramon Mendez Aceves,Mexico,Mexico
Trysten & Coral,"Oceanside, CA",Canada
Melissacaroline,"Jakarta Capital Region, Indonesia",Indonesia
G!l,"Cuautitlan Izcalli, Mexico",Mexico
IAmPrestonPortales,"Perrysburg, OH",America
Elliot Melendez,"New Braunfels, TX",America
Zephaniah Dawkins,"Altus, OK",America
Rey,"Washington, USA",United States
#5™ 5™ GOLIVE©…©…©…©…,"Lanham, MD",Moldova
Eldon Gwee,Singapore,Singapore
tc_ownz,United States,United States
Deontae Green,United States,United States
Real Life Basketball,"Marietta, GA",Gabon
Zander Dohn,"Athens, OH",America
Ro=0™eO franklin,"East Pittsburgh, PA",Panama
Liammm ©…©…,"California, USA",United States
Tefo Nick Mokone,"Hukuntsi, Botswana",Botswana
Cal McTigue,"East Aurora, NY",America
©…©…©…©…™桅'™©…©…©…©…,"Tampa, FL",America
Young Perris Boy,"California, USA",United States
Abraham Estrada,"Lawrence,MA",Morocco
david mendoza,"San Francisco, CA",Canada
Domenic James Ricci,"Brockton, MA",Morocco
Christian Richardson,"Pensacola, FL",America
dustin,"Charleston, WV",America
Sean Carter,"Windham, NH",America
Mr.Pacheco '©…©…™,"Ponce, USA",United States
Eli h.,"Charlottesville, VA",Holy See
Jake Dudman,Australia,Australia
Carlos Jacobo,"Hawthorne, CA",Canada
Ayoub Mousstaaid,"California, USA",United States
Jonathan Shubin M.D.,"Long Beach, California",America
©…©…Amazing©…©… Cannon©…©…,"Memphis, TN",Tunisia
Chance Amell,"Peachtree City, GA",Gabon
Anti-Social,"Pasadena, CA",Canada
cristina,"California, USA",United States
Pics B. Masdal,"Zamboanga , Philippines",Philippines
Fazar Choudhury,California,America
Tino,"England, United Kingdom",Jersey
South River,"Wan Chai District, Hong Kong",Hong Kong
Rajul Negi,"Ghaziabad, India",India
Ethan Toal,"Buffalo, NY",America
neeks,"Palm Springs, CA",Canada
Aha bu Shaq,Jamaica,Jamaica
Calvin Collins,"Fort Myers, FL",America
The Purple and Gold,"Los Angeles, CA",Canada
JWilson,United States,United States
Daniel Gligich,"Fresno, CA",Canada
Ryan Gregory,"Quincy, MA",Morocco
Rich Wayne,"North Miami Beach, FL",America
Michael Mack,"Cambridge, OH",America
Cole Stiffler,"Michigan, USA",United States
jDolla$,"Georgia, USA",United States
Dillon Stites,"Los Angeles, CA",Canada
Tommy Saunders,"East Syracuse, NY",America
Rod Rueda,"Cambrian Park, CA",Canada
Vincent Raya,"Lompoc, CA",Canada
Micah Speck,"Texas, USA",United States
Teresty,China,Hong Kong
Phoenix,"Arizona, USA",United States
Charlie Harrington,"Marshall, MI",America
Alisal Athletics,"Salinas, CA",Canada
Bobby Harward,"North Carolina, USA",United States
Ig: skilled.10,Canada,Canada
Juan Gutierrez,Puerto Rico,Puerto Rico
SergiDrumz,"Capdepera, Spain",Spain
Eleni Constantine,LA,Lao People's Democratic Republic
Sanchez Fair,"Charlotte, NC",New Caledonia
Eric Vincent,"Lincoln University, PA",Panama
jaxon whitworth,United States,United States
Karlito,Philippines,Philippines
Juan Carlos Luna,"Hawthorne, CA",Canada
lane,"Oklahoma, USA",United States
PA Golf Association,"Broomall, PA",Panama
Seth Hayes,"Beaver, PA",Panama
Just a Fan,"Tuscaloosa, AL",Albania
Jasmine,LA,Lao People's Democratic Republic
Alejandro,"Chicago, IL",Israel
Abraham Isaias Ruiz,"Iowa, USA",United States
Seth Longbottom,USA,United States
Childish Alpha,"Trap house,MD",Moldova
Lakers News/Reaction,"Fresno, CA",Canada
Isaiah Jacobs,"Inglewood, CA",Canada
Turkey Swiss,"Jette, MT",Malta
Ethan Tucker,"Tucson, AZ",Azerbaijan
Paolo Velasco,"Los Angeles, CA",Canada
Steven,"California, USA",United States
Christian Reed,"Los Angeles, CA",Canada
Pedro Rodrigues,Rio de Janeiro,Brazil
TREEZY,"Tacoma, WA",America
Galvatron,"Corona, CA",Canada
Roy Minato,"Irvine, CA",Canada
Brady Plunkett,Jersey ,Jersey
John Johnson,"Creola, AL",Albania
Chrishon Cook,"Niagara Falls, NY",America
Aaron Paule,"Huntington Beach, CA",Canada
Alex Marmolejo,"California, USA",United States
watcher,"Los Angeles, CA",Canada
kim,"North Long Beach, CA",Canada
Rick Muirragui,"Los Angeles, CA",Canada
Matthew Salinas,"San Juan, TX",America
Jacob Sowell,"Boise, ID",Indonesia
Robby Duarte,"Inglewood, CA",Canada
Kevin  Carriger,"Canton, GA",Gabon
Jared Manning,"Salem, NH",America
LUCI,Zimbabwe,Zimbabwe
Philip Vaughn,"Ohio, USA",United States
Gustavo Lezama,"Tustin, CA",Canada
Rody Ballesteros JR,"Seattle, WA",America
Brandi,"Charlotte, NC",New Caledonia
ben mcguinness,"Louth, Ireland",Ireland
Block Barbie ©…©…,"St Louis, MO",Macao
will lattmann,"New Jersey, USA",United States
Thomas Sanz,France,France
AIM: LuckyPandaSays,"Los Angeles, CA",Canada
Cephus,United States,United States
j.l,"Chicago, IL",Israel
TG0310,"New York, NY",America
Isaac,"Los Angeles, CA",Canada
Oumar Anne,"Tennessee, USA",United States
Neil,"Los Angeles, CA",Canada
sakar paudel,Nepal,Nepal
Mateusz Siegieda,Poland,Poland
Terry,"Lansing, MI",America
Michael Harrison,United States,United States
my name is anthony,"Avondale, AZ",Azerbaijan
The Real Andrew,"Santa Clarita, CA",Canada
Matt Wesolowski,"Moundsville,WV",America
chun yen wu,"Taipei City, Taiwan",Taiwan
SupremeJosh1,"Malvern, Toronto",Canada
Joshua Campista,"Corvallis, OR",America
Shaquille,"Los Angeles, CA",Canada
YuShaoChen,Taiwan,Taiwan
Krlis likes youtube,"Riga, Latvia",Latvia
Alfred Franklin,NY,America
Marcus Boone,"Atlanta, GA",Gabon
Janvan lasquite,"Quezon City, Philippines",Philippines
Cameron Polston,"Jacksonville, AR",Argentina
Hank Taylor,"Detroit,MI",America
Torin Alexander,"Maryland, USA",United States
Tyrone Peele,"North Carolina, USA",United States
"Gerall Correia!""",Cape Verde,Cape Verde
HakavellFoFn,"Newark, NJ",America
danishaziq_23©…©…©…©…,"Sabah, Malaysia",Malaysia
Xov©l,"California, USA",United States
Kawhi4MVP,Philippines,Philippines
data jebashvili,Georgia,Georgia
Mathew Burke,Australia,Australia
Joey tha Boy,Manila,Philippines
exay montes,"Lubbock, TX",America
L,Australia,Australia
TugateyshusDotCom,"Makati City, Philippines",Philippines
.,"Old Trafford, Manchester",United Kingdom
GNRL Vestal©…©…©…©…,United States,United States
Ryan Blackburn,"Nova Scotia, Canada",Canada
GucciGang,"Chicago, IL",Israel
Gnesis Alexa,United States,United States
brady johannsen,"San Luis Obispo, CA",Canada
OmarOmar,"New York, USA",United States
River Langford,"Grand Blanc, MI",America
Firass Halawi,"Los Angeles, CA",Canada
Too Brazy,Texas,America
FMBHuncho©…©…©…©…,Vancouver,Canada
Ace Event Photos,London,United Kingdom
Gabriel Juarez,"Great Bend, KS",America
Cesar Morales,LA,Lao People's Democratic Republic
Ari,"New York, NY",America
The Sports Also Rises,United States,United States
Blair Doss,"Battle Ground, IN",India
Dylan,United States,United States
chuy_thegoat,"Pasco, WA",America
christian,KY,Cayman Islands (the)
Cory Loyd,"Washington Court House, OH",America
cyclone,"Los Angeles, CA",Canada
Jessie Soltow,"Moline, IL ",Israel
Serv One,California,America
James Dunn,Sydney,Australia
Kamani,"Aurora, Colorado",America
Alfredo Paredes,"Twittersphere, CA",Canada
Combo,United States,United States
Fla,Sydney,Australia
L.J Gray,"Las Vegas, NV",America
Luis Gavilanes,"Los Angeles, CA",Canada
Andrew Vera,"Artesia, CA",Canada
I'm jusME'10ToesDown,"West$ide , California",America
Sean,"Thousand Oaks, CA",Canada
sw,"Taipei City, Taiwan",Taiwan
Kendrick Hardy,"Texas City, TX",America
Mark Buffalo,Arkansas,America
Jose Torres,"Taft, CA",Canada
Mariana Corona,"Buena Park, CA",Canada
MaickC,"Caracas, Venezuela",Venezuela
Jayden Coln,"Plymouth, MA",Morocco
Loyal and Royal,"California, USA",United States
Bob Brown,"Tamarac, FL",America
Mathew,"Las Cruces, NM",America
Dave C3,"Orlando, FL",America
_yungg.Stan_,"California, USA",United States
Danuta Holmes,"Illinois, USA",United States
Hugo banks,"Bronx, NY",America
BP3 mil grau 11-6,"San Antonio, TX",America
JT Holmes,"Tempe, AZ",Azerbaijan
Tay Stevens,"Saluda, SC",Seychelles
Shawn Owens,"Santa Barbara, CA",Canada
andy haque,"Houston, TX",America
Eric Waldispuehl,"Lausanne, Switzerland",Switzerland
Sheriece,"Kinston, NC",New Caledonia
UG zVisuaaL,"Puerto Rico, USA",United States
Shaun Skinner,"New South Wales, Australia",Australia
Matt Balahadia,"$D, California",America
dierra,"San Antonio, TX",America
John Madden,"Philadelphia, PA",Panama
Karla A. Lira,"Hidalgo TX, United States",United States
Topaz Christ,"Lincoln, NE",Niger
brysoncraigjohnson,United States,United States
Kayla Iricks,"Pikeville, KY",Cayman Islands (the)
Kevin Sua,"Long Beach, CA",Canada
KylaRenee,"California, USA",United States
Adam. {},Canada,Canada
Gio Ramirez,"Phoenix, AZ",Azerbaijan
blank,"Boston, MA",Morocco
Jai Kandola,"Moga, India",India
Darius Hamilton,"Chicago, IL",Israel
Sarah,Missouri,America
Javier Pozos,"Frankfort, IN",India
Malik Strutchen,"Charlotte, NC",New Caledonia
Arslane,"Club des Pins                                                                                       , Algeria",Algeria
"Fin Bulgaria!""",Bulgaria,Bulgaria
"Matas Ma
iulis","Meath, Ireland",Ireland
king miletich,"Miletichville, Croatia",Croatia
hedir ©…©…,"New Jersey, USA",United States
Ben Liles,"Austin, TX",America
Jimmy,"Waukegan, IL/Sarasota, FL",America
David Uribe,"Henderson, NV",America
Abraham Quarshie,"Accra,Ghana",Ghana
Ben Alban,"Pennsylvania, USA",United States
Bocolo_24,"Boston, MA",Morocco
kpq_S,"Renton,Washington",United States
Kriepie_GH,Accra,Ghana
BObb -gem,"New York, USA",United States
Ryan Yazzie,"Arizona, USA",United States
Judith Solanas,"Copenhagen, Denmark",Denmark
Christian Ramirez,"Fabens, TX",America
ChunchungYung,Hong Kong,Hong Kong
Charly_16,"Cordova, Spain",Spain
Bak,"Los Angeles, CA",Canada
hui,"Pinang, Malaysia",Malaysia
Malik Harris,"Las Vegas, NV",America
G Brar,"Chicago, IL",Israel
Johnny Gines,"Los Angeles, CA",Canada
LA DAVE,"Los Angeles, CA",Canada
Malik©…©…©…©…,Jersey,Jersey
Mo,"California, USA",United States
Josh Bryant,"Eugene, OR",America
Matt Van Ryn,"Grand Rapids, MI",America
Kai Delos Santos,"California, USA",United States
Litha Sidondi,South Africa,South Africa
Stef C,"New York, United States",United States
Foxy Sports Gal,"The Deep South, USA",United States
True Dummy,"Shiloh, IL",Israel
Huy Vu,"Westminster, CA",Canada
EJ,"Los Angeles, CA",Canada
indica irie,"Oakland, CA",Canada
Mrs A,"Texas, USA",United States
Boyd Marston,"Philadelphia, PA",Panama
Cristy Belle Jaleco,"Cavite, Philippines",Philippines
IT'S BROWN OR NEVER,"Moreno Valley, CA",Canada
nic,"San Antonio, TX",America
.DIDIER.,LA,Lao People's Democratic Republic
Tyren Hayden,"Parkersburg,WV",America
jack,"Polk City, IA",America
JusticePeaceEquality,United States,United States
King Fotiz Cheiridis,"Scotland, United Kingdom",Jersey
Judelius Neiray Jr,"Worcester, MA",Morocco
J. Crow,"Austin, TX",America
Lakers Adictos,"Buenos Aires, Argentina",Argentina
Flight Promo,"Florida, USA",United States
Kodycallaway,"Carthage, MO",Macao
JakeChal,"New York, USA",United States
jordan©…©…©…©…,United States,United States
D Eche,NYC,America
Justine Miguel,"San Miguel, Manila",Philippines
Katie Melendez,"Lowell, MA",Morocco
Emmanuel L. Butler,"Los Angeles, CA",Canada
Xian©…©…,"Los Angeles, California",America
DmoDmoDmo,"Washington, USA",United States
Fran Raspa,"Crdoba, Argentina",Argentina
Aiden Standridge,"Phoenix, AZ",Azerbaijan
Fran,Spain,Spain
chriscanup,"Charlotte, NC",New Caledonia
Ruth Ydrogo (),Peru,Peru
CAR.LEE,NM,America
Danny huggins,"York, UK",United Kingdom
Nick Wilde,"Pomona, CA",Canada
tony velasquez,"California, USA",United States
Johnny,"Everett, WA",America
Kara Zsombor,Hungary,Hungary
CG,"Los Angeles, CA",Canada
Reggie,"Jackson, MS",Montserrat
xiejiongpaulzhang,"Diamond Bar, CA",Canada
Therealdezzy._,"Charlotte, NC",New Caledonia
jayloren©…©…,United States,United States
Matt Memarian,"Groton, CT",America
ARGHHHHHH,"New York, USA",United States
Lord Stuckey,"Central City, TX",America
Tweet Deleted,Kenya,Kenya
Mikail Najeeb Durrani,Switzerland,Switzerland
la fame ©…©…©…©…,"Reston, VA",Holy See
Tee©…©…©…©…,"Jacksonville, Florida",America
jan halili,"Orange County, CA",Canada
Luca Servodio,"Los Angeles, CA",Canada
P,"Inglewood, CA",Canada
Aidan Pulley,"Goleta, CA",Canada
muk,"Philadelphia, PA",Panama
Dru Kotleba,"Long Beach, CA",Canada
Ronald G Itta,"Alaska, USA",United States
"0Duwang is Chew
0",California,America
Reginaldtraceylong,"Charlotte, NC",New Caledonia
K~N~D,"Colorado springs, CO ",Colombia
Adan Figueroa,"Los Angeles, CA",Canada
Steven,"San Antonio, TX",America
Xavyon Denham,"Colorado Springs, CO",Colombia
Mortada,"Lynn, MA",Morocco
TheRealMilesB,"Montana, USA",United States
Ralph,"Scottsdale, AZ",Azerbaijan
Josuan A. Retana,"Painesville, OH",America
lane stygles,"Vermont, USA",United States
fumi,Japan,Japan
HF WeddingCars,"Sydney, Australia",Australia
FJG,"Los Angeles, CA",Canada
YoutubeBmF gang gang,"Baltimore, MD",Moldova
Troy William Jag,"Kansas, USA",United States
maryann lopez,"Havana, IL",Israel
Jaquavious Lattimore,"Georgia, USA",United States
Jaymav,South Africa,South Africa
Geo Davila,"Rochester, NY",America
mixx,"Villas, FL",America
Nicholas,Hong Kong,Hong Kong
Jerry Chen,"chengdu city, China",Hong Kong
Jophan S. Letterman,"Montana City, Montana",America
Chowda,"Placentia, CA",Canada
Brandon Ellsworth,"Alberta, Canada",Canada
Ronald Betts,"Los Angeles, CA",Canada
Jared Sherry,"Columbus, OH",America
Zack Thurston,"Hamilton City, New Zealand",New Zealand
Alejandro ©…©…©…©…©…©…©…©…,"Memphis, TN",Tunisia
Roberts#6,Latvia,Latvia
Leonardo Marques,"Belm, Brazil",Brazil
Magic(',"Anchorage, AK",America
Cole Van Holland,"South Dakota, USA",United States
nauchy,"Georgia, USA",United States
janet c.,"West Covina, CA",Canada
Jmel52,"Bartow, FL",America
Vince,"Texas, USA",United States
Andrew Gonzales,"Houston, TX",America
Shane Parker,"Winter Haven, FL",America
 Louiswood ,Canada,Canada
Andrea Blackwood,"Swepsonville, NC",New Caledonia
Aaron Caldwell,"Lawrenceburg, KY",Cayman Islands (the)
Sam voege,"Greenlawn, NY",America
B,"Huntington Beach, CA",Canada
Jordan Martinez,"Pardies, France",France
Davon Bruce,"Missouri, USA",United States
Tyler Herbert,"Florence, SC",Seychelles
Damian Garcia,Oregon,America
Chris Q,"Corona, CA",Canada
Pedro Cruz,"Chicago, IL",Israel
Julian Oliver,"Erskineville, Sydney",Australia
Jack Perkins,"Los Angeles, CA",Canada
KC Alabanza,Philippines,Philippines
Goat Moves ©…©…©…©…©…©…©…©…,"Lackawanna, NY",America
David Fritz,"New York, USA",United States
Cris Arsdell Fetalco,"Manila, Philippines",Philippines
Polly,"California, USA",United States
Diana Yoder,"Montezuma, GA",Gabon
Ashton Owen,"North Carolina, USA",United States
Sam McKenney,"Dover, NH",America
Komatoze,"Columbus, Ohio",America
Alexis Rigmaiden,"Eugene, OR ",America
Jesse Motiff,"Madison, WI",America
Jay Estupinan,"Bossier City, LA",Lao People's Democratic Republic
Nathan,"Santa Rosa, CA",Canada
Jonathan©…©…,"Bronx, NY",America
Jesus Ledezma,"Texas, USA",United States
Stoody,Australia,Australia
Omar Bati,"St Cloud, MN",Mongolia
Jared ardiel,"Seattle, WA",America
mrsssss. chavez©…©…,"Palmdale, CA",Canada
God Bless,"Philadelphia, PA ",Panama
J Cole-Sully,"Fayetteville, NC",New Caledonia
Trevon,"Denver, CO",Colombia
BiG FooT,NJ,America
Jason Brynsvold,"Dallas, TX",America
Fernando Recinos,ES,Spain
T ©…©…,"Massachusetts, USA",United States
Tyriq,"Moreno Valley, CA",Canada
Kobe Street,"New Jersey, USA",United States
Jose©…©…,"Perris, CA",Canada
Mitchell Welborn,"Winterville, NC",New Caledonia
Tiffany Esmailian,"Los Angeles, CA",Canada
Victoria Locklear,"Kinston, NC",New Caledonia
Aaron Troe,"Minneapolis, MN",Mongolia
aatay Ayd1n,"Samsun, Turkey",Turkey
Adam Rodriguez,"Bethlehem, PA",Panama
Jacob Lewis,"Georgia, USA",United States
EElizondo,"San Diego, CA",Canada
a new chapter everyday !,"Atlanta, GA",Gabon
Kevin Farris,"Adrian, Michigan",America
Justin Jones,"Charlotte, NC",New Caledonia
Caleb T,"Minnesota, USA",United States
Deschemin Pierre Paskal,Haiti,Haiti
Evelyn,United States,United States
caveman,"Cave Creek, AZ",Azerbaijan
Canton Sports,"City of Angels, California",America
vs1128..,"New York, USA",United States
Mike G,"California, USA",United States
James,United Kingdom,Jersey
Pau Mart,"Cambrils, Spain",Spain
James Aldridge,"Dallas, TX",America
Jeff W,Oregon,America
Jeremy Graffree,"Dallas, TX",America
Lil Llami©…©…©…©…,"Philadelphia, PA",Panama
"
t b ©…©…","Dallas, TX",America
Lip,"San Antonio, TX",America
John Hynes,Florida,America
Chad Eastman,"Ohio, USA",United States
Miguel Martins,"Lisbon, Portugal",Portugal
Jade-Li English,"New York, NY",America
Elijah Fett-Jones,"Omaha, NE",Niger
Carryn ©…©…©…©…,United States,United States
Dylan ©…©…,"Augusta, GA",Gabon
Jarrod Lien,"Hilton Head Island, SC",Seychelles
Brooklyn Spy,"Brooklyn, NY",America
Mike Montgomery,"Park Ridge, NJ",America
D Clark,"Gallipolis, OH",America
Skarpanto,"Rodos, Greece",Greece
Miroslav Svoboda,"Pucov,CZE",Czech Republic
Ave Hill.,"Orlando, FL",America
Chase Berrong,"Knoxville, TN",Tunisia
Ameer Ice Drake,"Atlanta, GA/Buffalo, NY",America
Tevita Uhatafe,"Dallas, TX",America
Alishameet,"Memphis, TN",Tunisia
Laker Gang,"Los Angeles, CA",Canada
Kurt,"Kansas, USA",United States
HOOPSIDIA,"Paris, France",France
