V1,V2,V3
Sean,"Taoyuan County, Taiwan",Taiwan
wub,"Ohio, USA",United States
'zomoy播rivera,"MNL, PH",Philippines
Josh cole,"Neptune, NJ",America
Eme&M'S,PR,Puerto Rico
Joe Aldo,Colombia,Colombia
Reese Hudson,"Humble, TX",America
Demetris Richardson,"Chicago, IL",Israel
I need 10000 likes,"Columbus, OH",America
L A A I L A,"Los Angeles, CA",Canada
raggedalarm3,"Florence, KY",Cayman Islands (the)
NumbersLie,"Springfield, MA",Morocco
Ethan Brinkmeyer,"Clive, IA",America
Kennedy Bailey,"Columbus, OH",America
Pansy scibetta,"Gahanna, OH",America
TriplePlayOhio,"Westerville, Ohio",America
shawn rowser sr,"Cortland, NY",America
@Karabo_DeAndre,South Africa,South Africa
Willie Hollowell,"Memphis, TN",Tunisia
John,"Beaumont, TX",America
Patrick Ryan,"Chicago, Illinois",America
Martin Roszak,"Nivillac, France",France
bball_4life#22,"Houston, TX",America
Bobby_ Castro@gmail.com,"California, USA",United States
Sophie,United States,United States
Sam,"British Columbia, Canada",Canada
©…©…Rico J©…©…,"Richmond,VA",Holy See
Brendan Rochelle,United States,United States
Mitch James,"San Antonio, TX",America
aaliyah bess,"Chicago, IL",Israel
Chivis©…©…©…©…,"Independence, MO",Macao
hunter ashabranner,"Florida, USA",United States
Philip,"Albany, NY",America
Dylan Cannon,"Lake City, FL",America
SMOOVEFAM FRASS,"Brooklyn, NY",America
16*29,"Michigan, USA",United States
Cortney Roman,"Westerville, OH",America
Ya Boy Jp,"Dothan, AL",Albania
ASAP KILLA,"Norfolk, VA",Holy See
kings ransome,"New York, NY",America
Jackie ©…©…,"Oklahoma, USA",United States
T&C,Texas,America
Rizz,"Roxbury, Boston",America
Jarret Sengelmann,"Chester, SD",Sudan 
lyss,"Bakersfield, CA",Canada
Brian Rolff,"Las Vegas, NV",America
Kevin Henriquez,"California, USA",United States
Hudson Scofield,"Colorado Springs, CO",Colombia
taylor keesee,"Omaha, NE",Niger
Cheek-Eye,NYC,America
cbg.dhani ©…©…,"Westwood, NJ",America
Clarence Jay Sos,United States,United States
Manny,"Los Angeles, CA",Canada
carver banker,"Moline, IL",Israel
Melissacaroline,"Jakarta Capital Region, Indonesia",Indonesia
©…©…,"California, USA",United States
Tyler Novak,Wisconsin ,America
tc_ownz,United States,United States
Deontae Green,United States,United States
Zander Dohn,"Athens, OH",America
nate schlitt,"Jackson, MO",Macao
Hugo Dubos,"Nice, France",France
©…©…©…©…™桅'™©…©…©…©…,"Tampa, FL",America
Kclod,"Taoyuan County, Taiwan",Taiwan
Aziza M,"Louisville, KY",Cayman Islands (the)
Young Perris Boy,"California, USA",United States
Saint Anegam,"Santa Cruz Village, AZ",Azerbaijan
King Kelly,"Denver, Colorado ",America
Domenic James Ricci,"Brockton, MA",Morocco
Mrs. S. L. Billups,"Columbia, SC",Seychelles
Iamjoseph,"Lagos, Nigeria",Nigeria
Treshon Masias,"Amarillo, TX",America
Jake Dudman,Australia,Australia
Ayoub Mousstaaid,"California, USA",United States
Gelo,Manila,Philippines
An An An ,"Connecticut, USA",United States
Caleb Steck,"Canton, IL",Israel
Michael Mack,"Cambridge, OH",America
Ethan Toal,"Buffalo, NY",America
Chase Springs r0," West Palm Beach,Florida",America
Aha bu Shaq,Jamaica,Jamaica
The Purple and Gold,"Los Angeles, CA",Canada
Harold,"West Hollywood, CA",Canada
Calvin Collins,"Fort Myers, FL",America
JWilson,United States,United States
jDolla$,"Georgia, USA",United States
Tommy Saunders,"East Syracuse, NY",America
Luis Torres,"Madison, WI",America
Surraya,"Los Angeles, CA",Canada
Sean,"Thousand Oaks, CA",Canada
Phoenix,"Arizona, USA",United States
Alisal Athletics,"Salinas, CA",Canada
Jay< ™©…©…©…©…,"Amarillo, TX",America
SergiDrumz,"Capdepera, Spain",Spain
Joe Manny Hernandez,"San Fernando, CA",Canada
THEGREAT,"Staten Island, NY",America
Jaycee,"Florida, USA",United States
sam hills,"Salem,Oregon",America
Alejandro,"Chicago, IL",Israel
Seth Longbottom,USA,United States
SuperDuper Kailah ©…©…,"Lawton, OK",America
Jacob Krzciuk,Canada,Canada
reginuhh04,"San Francisco, CA",Canada
Isaiah Jacobs,"Inglewood, CA",Canada
Jericho M. Toledo,United States,United States
Tyrel,"Kamiah, Idaho",America
Elijah Yates,"Flint, MI, USA",United States
Leonardo Perez,Colorado,America
Christian Reed,"Los Angeles, CA",Canada
Kaleb,"Las Vegas, NV",America
Goku black,"Columbus, OH",America
Markeice,"Selma, AL",Albania
Roy Minato,"Irvine, CA",Canada
Chrishon Cook,"Niagara Falls, NY",America
Aaron Paule,"Huntington Beach, CA",Canada
Aggelos,"Athens,Greece",Greece
Alex Marmolejo,"California, USA",United States
Tommy,"Edina, MN",Mongolia
kim,"North Long Beach, CA",Canada
matthew dreher,"Arizona, USA",United States
Kwame LeBron jnr,"Kumasi, Ghana",Ghana
Fonzarelli,"California, USA",United States
Reese,"Reno, NV",America
Leroy Pettaway,"California, USA",United States
Rody Ballesteros JR,"Seattle, WA",America
Justin Fowler,"California, USA",United States
Lawrence Banate,"California, USA",United States
The Sports Also Rises,United States,United States
j.l,"Chicago, IL",Israel
Jonathan Stonecipher,"Colorado, USA",United States
TG0310,"New York, NY",America
sakar paudel,Nepal,Nepal
Mateusz Siegieda,Poland,Poland
Reynaldo,"North Carolina, USA",United States
Michael Harrison,United States,United States
mousty-amdy,"Cannes, France",France
Dexter,"Lisbon, Portugal",Portugal
The One,"Austin, TX",America
Shaquille,"Los Angeles, CA",Canada
Thomas Kennedy,"Homerville, GA",Gabon
YuShaoChen,Taiwan,Taiwan
Don,"Miami, FL",America
Janvan lasquite,"Quezon City, Philippines",Philippines
.68©…©…©…©…,"Flint, MI",America
HakavellFoFn,"Newark, NJ",America
Ross_Lin,Taiwan,Taiwan
Thickums(',"Los Angeles, CA",Canada
L,Australia,Australia
Alex Munoz,United States,United States
©…©… bry,"Cam sur, Philippines",Philippines
Nattiboicody,"Louisville, KY",Cayman Islands (the)
Gnesis Alexa,United States,United States
Ace Event Photos,London,United Kingdom
Dylan,United States,United States
Tyler Miller,"North Corbin, KY",Cayman Islands (the)
sergio vega,"Holtville, CA",Canada
Henry Flores,"Rhode Island, USA",United States
Patrick Yip,Toronto,Canada
dustin bucket christopher,"Muncie, IN",India
Kamani,"Aurora, Colorado",America
Butch Quib,"Queens, NY",America
Merritt Walker,"Durham, NC",New Caledonia
Tyler Bennett,"Clermont, IN",India
Austin Spranger,"Tennessee, USA",United States
Bob Brown,"Tamarac, FL",America
Abraham Tesfaye©…©…©…©…,"North Carolina, USA",United States
Mathew,"Las Cruces, NM",America
cmae,"Philadelphia, PA",Panama
Danuta Holmes,"Illinois, USA",United States
lit David,"Houma, LA",Lao People's Democratic Republic
Dee ©…©…©…©…,"Medford, NY",America
JT Holmes,"Tempe, AZ",Azerbaijan
Gio Ramirez,"Phoenix, AZ",Azerbaijan
Ronald G Itta,"Alaska, USA",United States
Eric Waldispuehl,"Lausanne, Switzerland",Switzerland
Shaun Skinner,"New South Wales, Australia",Australia
John Madden,"Philadelphia, PA",Panama
Juliannie©…©…'™,United States,United States
Sunny,"NY, NY",America
Luke Hayes,NYC,America
Tim mcgee,"Cleveland Heights, OH",America
Kayla Iricks,"Pikeville, KY",Cayman Islands (the)
jordan©…©…©…©…,United States,United States
akc,LV,Latvia
Michael Neal,"College Station, TX",America
Malik Strutchen,"Charlotte, NC",New Caledonia
Chris Flora,United States,United States
Arslane,"Club des Pins                                                                                       , Algeria",Algeria
"Matas Ma
iulis","Meath, Ireland",Ireland
Mark,"Johnston, RI",America
xyrellemarcky,"Cleveland, OH",America
SelenaGomezFrance,France,France
John Stovall,"Portland, OR",America
Daniel K.Y.Bi,Taiwan,Taiwan
prantl-max,Italy,Italy
Kell$,"San Antonio, TX",America
Ben Alban,"Pennsylvania, USA",United States
Harned's Class,"Louisville, KY",Cayman Islands (the)
kpq_S,"Renton,Washington",United States
Antonio Pieve,"Ponce, PR",Puerto Rico
BObb -gem,"New York, USA",United States
Christian Ramirez,"Fabens, TX",America
Briana Gastelum (',"San Diego, CA",Canada
ChunchungYung,Hong Kong,Hong Kong
Charly_16,"Cordova, Spain",Spain
,"Kochi-ken, Japan",Japan
Malik Harris,"Las Vegas, NV",America
Angelo Garcia,"Denver, CO",Colombia
G Brar,"Chicago, IL",Israel
Dan Jackelen,"Minneapolis, MN",Mongolia
Foxy Sports Gal,"The Deep South, USA",United States
Patrick Stratton,"Merrimack, NH",America
Alexis Kennedy,"Cincinnati, OH",America
Huy Vu,"Westminster, CA",Canada
Teen,South Africa,South Africa
Mrs A,"Texas, USA",United States
Rich Franco,"Rochester , NY",America
Carol,"Brooklyn, NY",America
Kendal Shae,"Long Beach, CA",Canada
.,GA,Gabon
Diego Vazquez,"Foley, AL",Albania
Rob,"Bayonne, NJ",America
J&N Sports,"Lincoln, NE",Niger
Dominic Zappone,"Terryville, CT",America
JakeChal,"New York, USA",United States
Fran Raspa,"Crdoba, Argentina",Argentina
Brunoo,"Manat, Puerto Rico",Puerto Rico
Yasir Zaidan,Canada,Canada
Mustafa Mufti,"Danbury, CT",America
Bossu1,United States,United States
Grandzo,Jersey,Jersey
Tuxy,"Brooklyn, NY",America
Patrick Maflin,"New York, NY",America
LLCOOLO,"Pensacola, FL",America
Rah_Bandz22,"Lincoln Heights, OH",America
Jackie,"Dix Hills, NY",America
Mateuszz,NY,America
Jeremy Enda,"Flavortown, USA",United States
Raheem Porter,"Pawnee, Indiana",America
JR,"Lodi, CA",Canada
D0NUT,United States,United States
Kyle Schanzer,"New York, NY",America
Anthony Ramsey,"Las Vegas, NV",America
George C. Balazs,"New York, NY",America
Trev,"Cedar City,UT ",America
Tyler Bey,"Minneapolis, MN",Mongolia
Kj Ward,"Lorain, OH",America
Jeffrey©…©…,"Jersey City, NJ",America
Emmanuel L. Butler,"Los Angeles, CA",Canada
Terrance Smith,Texas,America
Fred Barboza,"Portland, OR",America
Joshua Robinson,"Dallas, TX",America
Chris Anthony,"Bergenfield, NJ",America
Caitlin M,"Lafayette, LA",Lao People's Democratic Republic
Xian©…©…,"Los Angeles, California",America
Brandon Simpson,"Tallahassee, FL",America
Aiden Standridge,"Phoenix, AZ",Azerbaijan
Fran,Spain,Spain
chriscanup,"Charlotte, NC",New Caledonia
Tyler DeSimone,"East Meadow, NY",America
Jordan Bernstein,"Chicago, IL",Israel
KILLAXUZI©…©…©…©…ˇ,"Memphis, TN",Tunisia
Mike Kleiman,"Cranford, NJ",America
I like turtles,Maryland ,America
Jason,France,France
BiG FooT,NJ,America
Rob Szczerba,"Binghamton, NY",America
Rexwell Villas,Philippines,Philippines
LANDEROS,"Oxnard, CA",Canada
Reggie,"Jackson, MS",Montserrat
edward,"Iowa City, IA",America
Francisco Vazquez,"Salt Lake City, Utah",America
Dru Kotleba,"Long Beach, CA",Canada
Cesar Aguirre,"Phoenix, AZ",Azerbaijan
Reginaldtraceylong,"Charlotte, NC",New Caledonia
Rajul Negi,"Ghaziabad, India",India
Daddy D-Ray,"Monroe, LA",Lao People's Democratic Republic
aldrin buncasan,Philippines,Philippines
Tre,"Nashville, TN",Tunisia
Shaq Millhouse,Australia,Australia
Robert Lee Burrell,"Woodlawn, MD",Moldova
3TsOPy,"Hsinchu County, Taiwan",Taiwan
Zyshaun Daveon Harri,"Charlotte, NC",New Caledonia
Jaquavious Lattimore,"Georgia, USA",United States
Jophan S. Letterman,"Montana City, Montana",America
Brandon Ellsworth,"Alberta, Canada",Canada
Jiovanni Franklin,"Anchorage, AK ",America
Alejandro ©…©…©…©…©…©…©…©…,"Memphis, TN",Tunisia
Jaedin,"Denver, CO",Colombia
Rick Sanchez,"Texas, USA",United States
Marjorie Kidd,"Anaheim, CA",Canada
Likobud,"Alaska, USA",United States
Josh Gutierrez,"Troutdale, OR",America
nauchy,"Georgia, USA",United States
Alejandrina,"Santa Ana, CA",Canada
Andrew Gonzales,"Houston, TX",America
Torin Alexander,"Maryland, USA",United States
oatmeal,"Maryland, USA",United States
kd™a™ti,"Dixon, IL",Israel
Sam voege,"Greenlawn, NY",America
IA ©…©…©…©…,Australia,Australia
Davon Bruce,"Missouri, USA",United States
jay dubb,"New Jersey, USA",United States
Juliet A. Rodriguez,"Manchester, CT",America
Blaze Hendrix,"Hanford, CA",Canada
Goat Moves ©…©…©…©…©…©…©…©…,"Lackawanna, NY",America
kimberlyann,"Kentucky, USA",United States
Raiders/Lakers Fan,"Santa Rosa, CA",Canada
Polly,"California, USA",United States
Mendez114,Dominican Republic,Dominican Republic
Ashton Owen,"North Carolina, USA",United States
Shadon Shannon,"Lincoln, NE",Niger
Sam McKenney,"Dover, NH",America
Zaki Bhatti,"Elkridge, MD",Moldova
YRN-$impo$on,United States,United States
jon gionis,"Buffalo, NY",America
Karter Smith,"Brookhaven, MS",Montserrat
Uriah,United States,United States
Jay Estupinan,"Bossier City, LA",Lao People's Democratic Republic
Eric Taylor,"Buffalo, NY",America
daniel sweetland,"Orange, CA",Canada
Liza Anoosh,"Ontario, Canada",Canada
BAPE*',"Rio de Janeiro, Brazil",Brazil
QueenBee©…©…e&™,"Lakeville, MN",Mongolia
Paul Tomlinson,"Lytle, TX",America
Omar Bati,"St Cloud, MN",Mongolia
Daniel Guzman,"Manhattan, NY",America
aria Rosa,"Ohio, USA",United States
Caleb,"Lander, WY",America
Ryan Harrison Sr.,"Sacramento, CA",Canada
Tiffany Esmailian,"Los Angeles, CA",Canada
Victoria Locklear,"Kinston, NC",New Caledonia
Aaron Troe,"Minneapolis, MN",Mongolia
calmo,"Fairbanks, AK",America
Jacob Lewis,"Georgia, USA",United States
Reid Pearsall,"West Islip, NY",America
Kevin,"Cleveland, OH",America
Caleb T,"Minnesota, USA",United States
El Jefe,United States,United States
Chris Polino,"Virginia, USA",United States
Sam Finkel,"Yardley, PA",Panama
Rioo,"Stuttgart, Germany",Germany
Ryan Deak,"Alexandria, VA",Holy See
D Clark,"Gallipolis, OH",America
Skarpanto,"Rodos, Greece",Greece
Magic Charm©…©…,"Baton Rouge, LA",Lao People's Democratic Republic
Moheezy,"Louisville, KY",Cayman Islands (the)
Fish (Breezy Wipes),"GD,CN",China
Desiree Price,"Columbus, OH",America
HOOPSIDIA,"Paris, France",France
Weikiat_washere,Singapore,Singapore
Vincent nundah,"Nairobi, Kenya",Kenya
Shark,Toronto,Canada
blank,"Medicine Lake, MN",Mongolia
Justin Matibag,Philippines,Philippines
Michael Broadhead,"San Antonio, Texas",America
lusam,China,Hong Kong
josh shua,Indiana,America
GOD,"Colorado Springs, CO",Colombia
...,"San Diego, CA",Canada
Dot,"Cleveland, TX",America
Luke Bell,"Manhattan Beach, CA",Canada
Max,Paris,France
NBAddict,Belgium,Belgium
Erwil Capinpin,"Hawaii, USA",United States
TMac ©…©…©…©…酽™,"Chicago, IL",Israel
Asan Armani,"Apple Valley, CA",Canada
Greg Mailhot,"Manchester, NH",America
A Sunday Fire,"Mobile, AL",Albania
J Gold,"Queens, NY",America
iSnag TMT,"Galloway, NJ",America
Nerd Guys and Gals,United States,United States
Edwin Aristilde,"Brooklyn, NY",America
aqlui,"Ohio, USA",United States
Smoochi,"Illinois, USA",United States
Ulysses Barron,"Compton, CA",Canada
Miss Malcolm,"Atlanta, GA",Gabon
Eri,USA,United States
Michael E. Kinster,"Columbus, Ohio",America
..mjf..,"Brooklyn, NY",America
Nacho Muzio,"Santa Fe, Argentina",Argentina
Anttheknee,"Bethel, CT",America
Logan Turner,"Atlanta, GA",Gabon
Antwan,"Belleville, IL",Israel
Paul Sublette,"Redding, CA",Canada
Grant Foes,"Illinois, USA",United States
Executive Billiards,"White Plains, NY",America
Jaileen Lopez,"New Bedford, MA",Morocco
Miguel Martins,"Lisbon, Portugal",Portugal
Jason Greenawald,"Newport, OR",America
hTff,"Fuchu-shi, Tokyo",Japan
Chris Juarbe,"Dacula,Georgia",Georgia
Cheikh Anta Fall,Dakar,Senegal
Caprice Griffin,"Champaign, IL",Israel
andre appiah,"Pocatello, ID",Indonesia
Bobby Bowen ll,"Clarksville, TN",Tunisia
Iso Cam©…©…&™©…©…,"Georgia, USA",United States
Josh Stellflug,"Coeur d'Alene, ID",Indonesia
Jacob Vega,"California, USA",United States
Leo Salinas,"Lake Jackson, TX",America
Isaac Atwood,"Palm Coast, FL",America
Thomas,"Arlington, WA",America
Lucas Wysocki,"Illinois, USA",United States
Devonte,Georgia,Georgia
Grant McKisick,"Hot Springs, AR",Argentina
king miletich,"Miletichville, Croatia",Croatia
Adam Troll,"Compton, NY",America
Reyes,"Orland Hills, IL",Israel
Bartek Wernerowicz,"Torun, Poland",Poland
Ja Dones,"Paris, France",France
Giovanni ortega,"Chicago, IL",Israel
Arion Kirven,"Virginia, USA",United States
Felipe Castilho,"Rio de Janeiro, Brazil",Brazil
Tanner Dupre,"Rhode Island, USA",United States
Balsa,Montenegro,Montenegro
Aaron Gray ©…©…,"Providence, RI",America
albin,"Copenhagen, Denmark",Denmark
Rogul Vikas,India,India
Carlos Figueroa,"Pasadena, CA",Canada
B$RG,"Yucca Valley, CA",Canada
Anthony Arculeo,"Florida, USA",United States
Enrique Lerma,United States,United States
Shiven Sompura,India,India
Knox,"DeLand, FL",America
Jordan Myrick,"Brooklyn, NY",America
rocky,"Riverside, CA",Canada
Chase Kinzinger,"Cedar Springs, MI",America
Andrew Hensley,"Gate City, VA",Holy See
RL_5,"Monrovia, CA",Canada
Jt Hewitt,"Lansing,MI",America
Ra_we06,Cambodia,Cambodia
Kristen Cady,"Cincinnati,OH",America
"kyle ""","Michigan, USA",United States
Davon Pearson,"Eastpointe,Michigan",America
Pingu43,"Auckland, New Zealand",New Zealand
dducee©…©…!,"New Orleans, LA",Lao People's Democratic Republic
chris hunt,"Columbus, OH",America
Austin Vazquez,"Pleasant Prairie, WI",America
Dylan Smith,"Santa Rosa, CA",Canada
funky dialed,"Mount Washington, KY",Cayman Islands (the)
Juanˇ™,"Houston, TX",America
Jose Antonio Rivera,"Worcester, MA",Morocco
Carlos,"Santa Ana, CA",Canada
Isaiah McMillian,"Arizona, USA",United States
ANGELA,"York, SC",Seychelles
Sn0w_St0rm,"North Carolina, USA",United States
Zach Tarazi,"Vermont, USA",United States
JUNE 21st,"Hope Mills, NC",New Caledonia
Kyle Smith,"New Jersey, USA",United States
jake.,"Columbus, OH",America
Quan,"New Jersey, USA",United States
Fabian Marrero,"Levittown, PR",Puerto Rico
Kyle LaFemina,"Boulder, CO",Colombia
Hamedelnino,Iran ,Iran
Manny De La Rosa,"Houston, TX",America
Matt V,"New York, NY",America
Kristy Garrett Cowley,"Louisville, KY",Cayman Islands (the)
basketball head.,"Los Angeles, CA",Canada
d coglan,"Indiana, USA",United States
Coochie Crook,"Tempe, AZ",Azerbaijan
Hsujsl,United States,United States
Antonio Gonzalez,"Moreno Valley, CA",Canada
Grant Porter,"Howell, MI",America
Antonia,"Edmonton, Canada",Canada
Eng. Opiti Calvin,"Johannesburg, South Africa",South Africa
Manrup Singh Virk,"Shawnee, KS",America
Go,"Grove City, OH",America
Bryce Barnett,"Iowa City, IA",America
Will O'Brien,Massachusetts ,America
LOADING.......,"Greenville, SC",Seychelles
Bryan Ramirez,"Malibu, CA",Canada
B-Money,"Round Lake, IL",Israel
Broccoli,"Idaho, USA",United States
Rose Ceremony,"Berkeley, CA",Canada
SOCHI BOSS,"Enugu, Nigeria",Nigeria
Dest,United States,United States
drexell john duque,"Quezon City,  Philippines",Philippines
Avion Gibson,"Milwaukee, WI",America
Devin Padelford,"Maplewood, MN",Mongolia
Yuisa Rivera,"Houston, TX",America
Nana Nketiah,"Sunyani, Ghana",Ghana
Wilbur Speights jr.,"St. Pete, FL ",America
BandMan Black,"Akron, OH",America
Thomas Walter,"Littoral, Cameroon",Cameroon
Ruzhel Josh,Philippines,Philippines
Lamont Docker,Australia,Australia
Coby Hoger,"Queensland, Australia",Australia
~0M0S0u,"Gahanna, OH",America
Frank,New Zealand ,New Zealand
Rafael Nuguid,"Los Angeles, CA",Canada
Justin Schuster,"Maryland, USA",United States
Timmieeee,"California, USA",United States
Clay,"California, USA",United States
Granddaddy O.G Wayne,United States,United States
Justine Reed,"Auckland, New Zealand",New Zealand
Koality XV.,"Mallorca,Spain ",Spain
Morata Club deFtbol,"Barcelona, Spain",Spain
Isaac Low,Malaysia ,Malaysia
xdjxlox815x,"New Jersey, USA",United States
Ethan Jefferson,"Westerville, OH",America
Pull Up ©…©…©…©…©…©…©…©…,"Lafayette, LA",Lao People's Democratic Republic
Lilam,"Florida, USA",United States
Ameer Adel,"Weatherford, TX",America
Darnell,"White Plains, NY",America
Carrie Summitt,"Shelbyville, KY",Cayman Islands (the)
Alex Alvarado,"Cerritos, CA",Canada
Landon Petry,"Washington, USA",United States
KingKeny,"San Jos, Costa Rica",Costa Rica
HoLd mY oWn,Iraq,Iraq
Caleb Byrd,"Fleming Island, FL",America
Rimonda,"Stockholm,Sweden",Sweden
Malik Kaba-Diakite,"Ann Arbor, MI",America
Max Withers,"Huntington, WV",America
Tyson,"Alberta, Canada",Canada
Houseables,"Huntington Beach, CA",Canada
Eric,"Riverside, CA",Canada
jackshoukre,"Ohio, USA",United States
24kontaigous,"Aurora, CO",Colombia
Raphael Gonalves,"Rio de Janeiro, Brazil",Brazil
Mike Schlictman,"Chicago, IL",Israel
ReoThabetse,"Bloemfontein, South Africa",South Africa
Sam Woodruff,"Omaha, NE",Niger
Raneya Mathix,"California, USA",United States
Anthony Mastro,"Old Bridge, NJ",America
Ahmed Amir Hossain,"Dhaka, Bangladesh",Bangladesh
Blake Bailey,United States,United States
Melonie White,"Oregon, USA",United States
Maquesha Leilani Kelley (MLK),"Arizona, USA",United States
Flomatic Justice,"Providence, RI",America
Jake Cooper,"Goodrich, MI",America
Kentucky Fan,"Kentucky, USA",United States
Pablo Sanz, Madrid,Spain
Daub Supply,Mexico,Mexico
Zac,"Portland, OR",America
Cristian Gabuardi,"Miami, FL",America
NBAWORLDTIPS,Greece,Greece
Joachim kjems,"Capital Region, Denmark",Denmark
Daryl John M.,Philippines,Philippines
uncle mando ©…©…©…©…,"Northeast Park Hill, Denver",America
Deontre Johnlouis Jr,"Norwalk, CA",Canada
ICYJ ©…©…,"Albuquerque, NM",America
Crazy_Zans,"Fairburn, GA",Gabon
Morell Jones,"Long Beach, CA",Canada
TheRealLuisToFr3sh,"Allentown, PA",Panama
Dare Two,"New Jersey, USA",United States
Big chukey,"Milwaukee, WI",America
Gustavo,Brazil,Brazil
bryce kirsch,"Saskatchewan, Canada",Canada
Alberto Estrada Jr,"San Antonio, TX",America
PaCh!n,"Taipei City, Taiwan",Taiwan
Ameesh Ahluwalia,"San Jose, CA",Canada
Mitch Holder,"Marshall, MO",Macao
Gabe McDonnell,"Pennington, NJ",America
Paulo Csar RN Raiz ©…©…©…©…©…©…©…©…©…©…©…©…©…©…©…©…,"Rio de Janeiro, Brazil",Brazil
Tiff'Ani,Atlanta,America
Young Visionz,"Chula Vista, CA",Canada
Lx,"Canton, GA",Gabon
Ty,"Arizona, USA",United States
Edward Nuu,"Bakersfield, CA",Canada
GuapAttack,"Scotland, United Kingdom",Jersey
Sasha liu,"Arcadia, CA",Canada
Nancy Seger,"Broadway, Ohio",America
Philippe Banks,Italy,Italy
Reyes (jr) Ponce,"Moreno Valley, CA",Canada
David,"Adrian, MI",America
atinom,"Columbus, OH",America
Carter,"Arizona, USA",United States
Logan Alexander,"Texas, USA",United States
Sa'Von Newsome,Indiana ,America
Adrian,"Nevada, USA",United States
K     ©…©…©…©…,"Houston, TX",America
Angel©…©… Estevan©…©…,"Fort Worth, TX",America
lil bullshit,"Chapel Hill, NC",New Caledonia
Samuel,"New Jersey, USA",United States
Ada ©…©…,Hong Kong,Hong Kong
Brenda,"Florida, USA",United States
Street wear ©…©…©…©…©…©…,"New York, USA",United States
The 2016-2016 Historic Warriors Blew a 3-1 lead,"Cleveland, OH",America
David Mahoney47,"Luray, VA",Holy See
Ryan Hockenbrock,"Delaware, USA",United States
Do Your Job,"Nevada, USA",United States
BeenJamminButton,United States,United States
Salvador Alvarez,"California, USA",United States
Teandra Burns,VA,Holy See
braa kwaku,"Middlesex, NJ",America
HSL,"粮 办 祭1临 / Great Neck, NY",America
M.T.E Marketing Group,"Columbus, OH",America
Quincy Yard,"Monroe, NC",New Caledonia
Isaac,"Dover, NH",America
Ibrahima LeBron Sano,Guinea,Guinea
Radhwan Al Jabbari,"California, USA",United States
Simaf Shveg,United States,United States
JG©…©…,"Niles, IL",Israel
Raphael,"Bronx, NY",America
luis daniel deang,"Manila, Philippines",Philippines
JJ,"Chandler, AZ",Azerbaijan
I Stay Cookin',"San Francisco, CA",Canada
Chelsea Camara,"Las Vegas, Nevada",America
morgan spurlock,West Virginia,America
J0D00,Tokyo,Japan
Jake,"South Carolina, USA",United States
K E Y©…©…,"Houston, TX",America
Elise McGinnis,"Texas, USA",United States
Youtube @ IAm Jalen,LA,Lao People's Democratic Republic
KeeToYourTeam©…©…,"Mesquite, TX",America
Jezza,Sydney,Australia
MadHatter,"Chicago, IL",Israel
Boobie Miles,"Syracuse, NY",America
Danny,"Portland, OR",America
Juan,"Florianpolis, Brazil",Brazil
Sunny,"California, USA",United States
ooooo,Japan,Japan
Jtrim21,"Waco, TX",America
5'&/ 'D-EJ1,"California, USA",United States
Pedro Folque,Portugal,Portugal
J.BAY671,"P.H.I.L.A.D.E.L.P.H.I.A, PA",Panama
emelie,"Compton, CA",Canada
Abstract Tube,United States,United States
Will May,Australia,Australia
Burton Brown Sr.,"Pittsburgh, PA",Panama
Alyssa Tavares,"California, USA",United States
Rafal Stepniak,"England, United Kingdom",Jersey
Tony,Texas,America
Howard,"Louisiana, USA",United States
Zach Foley,"Crab Orchard, WV",America
H3ctorr_11,Germany,Germany
Ron Harrell,"Arlington, VA",Holy See
Jack Donovan,"Manhattan, NY",America
Cole Stover,"Quicksburg, VA",Holy See
Jay Piva,Boston,America
FakeGleyber Torres,NYC,America
marcos,"Alafaya, FL",America
Matheus Duarte,"Belo Horizonte, Brazil",Brazil
ImTheMan205,"Alabama, USA",United States
Lucas DELESCAUT,"Ille-sur-Tt, France",France
Ramsses Regzs G. Suico,Philippines,Philippines
Mr. Ong,"Ridgewood, NJ",America
Luiz Ferreira,BH,Bahrain
Steve R. Granados,"Los Angeles, CA",Canada
Fernando,"Atlantic City, NJ",America
BELIEVER JOHN 17,"Ohio, USA",United States
XXXDEPRESSO (16-2),"Sao Paulo, Brazil",Brazil
ric Kennedy,"Minas Gerais, Brazil",Brazil
Johnathan,"Newberg, OR",America
DEV &™,"Oklahoma City, OK",America
Dominick Ellis,"Bettendorf, IA",America
Tyler Harp,"Baton Rouge, LA",Lao People's Democratic Republic
Hunter Travis,"Biloxi, MS",Montserrat
JJ,"Georgia, USA",United States
Luo,Spain,Spain
Huanggg,Amman,Jordan
Diego,"Paramount, CA",Canada
C=8A0;8 (0=015:,Kazakhstan,Kazakhstan
Quinn Sloane,"Montgomery, AL",Albania
Josh Thomas,"Inglewood, CA",Canada
Johan Gomez,"Medelln, Colombia",Colombia
DK,"Los Angeles, CA",Canada
Marcelle Cass,"Vista, CA",Canada
Ishmam,"New York, NY",America
nathan.luyten,"Oregon, USA",United States
Sthefany Figueredo,"Sarasota, FL",America
Jeff Bachmann,"Philadelphia, PA",Panama
JR,"New Jersey, USA",United States
chief r0,"Pixburgh, PA~ Athens, OH",America
E-NBA News,Dominican Republic,Dominican Republic
John DePirri,"Branchburg, NJ",America
EVERYTHING,"Anywhere, USA",United States
kenny the one with neon guts ©…©…,"Knoxville, TN",Tunisia
Trash 酽™,"Delaware, USA",United States
Mareo ©…©…,"Angel Grove, CA",Canada
lumpiaman,"Portland, OR",America
Flynnji,"Bangkok, Thailand",Thailand
Wolf Warner,"BROOKLYN, NY",America
Dj Khaled s Left Titty,"Washington, USA",United States
jakemahl,"Scottsdale, AZ",Azerbaijan
R&™LAND©…©…©…©…,"Denver, CO",Colombia
I....loading,"Sulphur Springs, TX",America
Jeff W,Oregon,America
OG,"Maryland, USA",United States
Erika,"San Jose, CA",Canada
Jorge Oyola Jr,"Harrison, NJ",America
Zack Dahlia,"PK, NY",America
Branson Ray,United States,United States
©…©…,"Anchorage, AK",America
Julian Marin,"Las Vegas, NV",America
williamfahey12,"Wellesley, MA",Morocco
Conal O'Connor,"Lancaster, PA",Panama
YBNMEER,"Shell Point, SC",Seychelles
Young Brown Boy ©…©…©…©…,"Brooklyn, NY",America
Fok Chun Nam,Hong Kong,Hong Kong
KUFA,"Buenos Aires, Argentina",Argentina
Danjo,"Austin, TX",America
Joshua A. Benjamin,"Philadelphia, PA",Panama
Fruit Punch,Canada,Canada
