V1,V2,V3
Maliachi Broadwater,"Los Angeles, CA",Canada
Fabs,"Long Beach, CA",Canada
Evgeniy Aleks,Ukraine,Ukraine
Kyle Stephen Rini,"Boulder, CO",Colombia
JT Holmes,"Tempe, AZ",Azerbaijan
B PACK,"Parker, CO",Colombia
gerdy,"Colorado, USA",United States
Teron Arrington,"Houston, TX",America
Denver Nuggets France,France,France
amelio,NC,New Caledonia
Oliver Maroney,"Portland, Oregon",America
Quezy Quez,"Henderson, NV, USA",United States
Jaedin,"Denver, CO",Colombia
Luke Zimmerman,"Parker, CO",Colombia
Nana Nketiah,"Sunyani, Ghana",Ghana
George Jia,"Madison Wisconsin, USA",United States
Carlos David Perez,"North Carolina, USA",United States
Elliott Wall,"England, United Kingdom",Jersey
Stu,"Fort Collins, CO",Colombia
DJ,"New Orleans, LA",Lao People's Democratic Republic
Finesser ©…©…,"Colorado, USA",United States
Steve Nelson,"Boulder, CO",Colombia
Bazooka Joey ^S^,"Las Vegas, NV From Pueblo, CO",Colombia
joe,"Beaverton, OR",America
Chum.,"Jakarta, Indonesia",Indonesia
Amy Dash,United States,United States
"Ta,mya Williams","Los Angeles, CA",Canada
Sabrina Barlow,"Tucson, AZ",Azerbaijan
,"Toledo, OH",America
Kylie,"California, USA",United States
Gabriel T Trujillo,"Colorado, USA",United States
Chase Cameron,"Boulder, CO",Colombia
Matty Havlik,United States,United States
_Kev0©…©…,"Kankakee, IL",Israel
Amare Smith,"Huntington, WV",America
Christian Guajardo,"Los Angeles, CA",Canada
NSC G League ©…©…,"Fremont, CA",Canada
Ryan Johnson,"Rohnert Park, CA",Canada
Grandpa,"Atlanta, GA",Gabon
jb.brown ©…©…©…©…©…©…,"Newport, AR",Argentina
CW1™ 9™ ,"Lakeland, FL",America
Dennis Chambers,"Philadelphia, PA",Panama
Mr.1992 ©…©…,"Louisville, KY",Cayman Islands (the)
Devin,"Tulsa, OK",America
Fabian Garcia,"Pomona, CA",Canada
©…©…,"Colorado, USA",United States
Alex Buck,"Denver, CO",Colombia
Malik Alduch,Khartoum,Sudan 
Kendal Parham,"Jeffersonville, IN",India
Jeremiah Curtis,"Kent, WA",America
Gray LeDuke,Canada,Canada
Bilal stanford,"Missouri, USA",United States
RogueJRogue,"Zompton, IL",Israel
Hex Trujillo ©…©…,"Denver, CO",Colombia
Josh cole,"Neptune, NJ",America
Kelsey Jo,"Breckenridge, CO",Colombia
Dom Watts,"Scotland, United Kingdom",Jersey
Thatguy,"Colorado, USA",United States
Avyonce Carter,"Atlanta,Georgia ",Georgia
Tae carruthers.,"Amarillo, TX",America
Dominique Hall,"New York, USA",United States
--BARZZ--,United States,United States
ZXman05,"New York, NY",America
V.,MD,Moldova
Triggahappy,Burkina Faso,Burkina Faso
Dayne Prim,"Denver, CO",Colombia
CO-Sports Network,"Colorado, USA",United States
Sir Rant-A-Lot,"California, USA",United States
NuggetsBlog,Australia,Australia
James Williamson,Colorado,America
Ali,Guernsey,Guernsey
Sam,"Melbourne, Australia",Australia
Hannah Nayowith,"Los Angeles, CA",Canada
Dr Hill,"Buffalo, NY",America
Jon Cummings ©…©…,"Laramie, WY",America
Ryan Prue,"Commerce City, Colorado",America
Beth©…©…,"Cheyenne, WY",America
Madison Durr,"Atlanta, GA",Gabon
Donna Coonfare,"Tallahassee, FL",America
Raul,"Greeley, CO",Colombia
5 D Athletics,"Pennsylvania, USA",United States
callmeO©…©…©…©…©…©…©…©…,"Miami, FL",America
Trillonaut,"Kingsport, TN",Tunisia
Braylon Scott,"Texas, USA",United States
Bucks©…©…2017 Champs©…©…,"Colorado, USA",United States
The Hardwood Podcast,"New York, USA",United States
MADE BY PAVLO,"New York, NY",America
Emory©…©…©…©…,"Denver, CO",Colombia
Shahil Malik,India,India
All Star Shop,"Valence, France",France
Joshuwa Roomsburg,"Michigan, USA",United States
Terance Mann,"Tallahassee, FL",America
BeLikeJeff,"Tallahassee, FL",America
Zack DiGiulio,"Denver, CO",Colombia
Sean McEwan,"Denver, CO",Colombia
Rico G.,"Denver, Colorado",America
MarkMarteLopez,Dominican Republic,Dominican Republic
Waqasraja@7272gmail.,"Punjab, Pakistan",Pakistan
boogie buckets ©…©…,Brazil,Brazil
CRUNK NATION SPORTS,United States,United States
Based Native ©…©…,"Queens, NY",America
Linton Dowling,Melbourne,Australia
Konner Price,"Dallas, TX",America
Balls Up,New Zealand,New Zealand
Behemoth,"Brownwood, TX",America
Nole GIFs,United States,United States
Phillip Reese,United States,United States
Ballgame James II,"Elsmere, DE",Germany
Famouslos32,"Los Angeles, CA",Canada
Quan,"Griffin, GA",Gabon
Jay ©…©…©…©…©…©…©…©…16 straight Ws ©…©…,"Boston, MA",Morocco
Baseball Researched,"Colorado, USA",United States
Jalen Willis ©…©…,"Stafford, VA",Holy See
Jokic,"Gteborg, Sweden",Sweden
Dante Henderson,"Sacramento, CA",Canada
tunes ©…©…,"Greenwood Village, Colorado",America
SchroderIsGOAT,"Galesburg, IL",Israel
Brian Pfeifer,"Sacramento, CA",Canada
Kobe Crick,United States,United States
Jimbo Brumley,"North Carolina, USA",United States
You main Man,"Weed, CA",Canada
WU Newsroom,"Denver, Colorado",America
Western Union,"Denver, Colorado",America
Francisco Arias,Ecuador,Ecuador
Nuggets Fans Follow!,"Denver, CO",Colombia
&©…©…,"Fort Yates, ND",America
Logan Caldwell,Colorado,America
Brad Blais,"Bristol, CT",America
Rafael Torres,"New Jersey, USA",United States
Derrick Harden,"Georgia, USA",United States
Dave©…©…©…©…&©…©…,"Bronx, NY",America
Joe Hamilton,"Colorado, USA",United States
Roy,"Atlanta, GA",Gabon
Tj McCoy Jr,"Georgia, USA",United States
Andrew Swauger,"Alpharetta, GA",Gabon
Brandon Chappell,"Beaumont, TX",America
Danielle Fork,"South Carolina, USA",United States
Mike Helberg,"Kansas City, MO",Macao
Hunter,"Michigan, USA",United States
Kate Palko,"Laramie, WY",America
Khalil Watson,"Cincinnati, OH",America
Daniel Hughley,"Winter Park, FL",America
chatty.,"Cambridge, MA",Morocco
Julian Edmonds,"Thornton, CO",Colombia
Jacob Farnham,"Maine, USA",United States
D3M_SQU/\D,"San Francisco, CA",Canada
Matthew Gallegos,"Denver, CO",Colombia
"Denver Kids, Inc.","Denver, Colorado",America
Ryan Miller,"Parker, CO",Colombia
Pittsburgh Phinchez,"Pittsburgh, PA",Panama
James,"Chicago, IL",Israel
Stormy Waters,CO,Colombia
Thom S. Esque,"from Riverland, Michigan",America
©…©…,"Paris, France",France
MikeWontMakeIt,"Florida, USA",United States
Marcus Reyes,"Ontario, OR",America
Jasmine Lilly,"Jeffersonville, IN",India
Name cannot be blank,"California, USA",United States
"Forever NBA! ©…©…©…©…""",Canada,Canada
Tyler Ferderer,"Denver, CO",Colombia
Tyler Cornect,"Stephenville, NL",Netherlands
"©…©…Bruh Mane !""","Seattle,WA'™Austin, TX",America
Gwin Carlo Colacion,Qatar,Qatar
Jahsan Upshaw,"Millbrook, AL",Albania
Digital marketer,United States,United States
Young'fly Tunchi,United States,United States
Paris Raines,"Warner Robins, GA",Gabon
Steven Hardesty,"Omaha, NE",Niger
addi schramm,"Omaha, Nebraska ",America
Ariel Brasby,"Perry, FL",America
Travis Roth,"Greeley, CO",Colombia
"2!N""","Atlanta, GA",Gabon
A. Myles,"Atlanta, GA",Gabon
Tavian Percy,"Pasadena, CA",Canada
Benzouz©…©…,France,France
Latrell Dupree L',"South Carolina, USA",United States
"Cornelius Wright !=0™""","Montgomery, AL",Albania
Joshua Loflin,"North Carolina, USA",United States
Shonewall Jaxon,"Colorado, USA",United States
Tyler,"Effingham, Georgia",Georgia
Salty Mel Mel©…©…©…©…,"Orlando, FL",America
mr.4th quarter,"New York, NY",America
Ntjie,"Polokwane, South Africa",South Africa
Nova,"Capitol Heights, MD",Moldova
rod,"Tupelo, MS",Montserrat
Coach Jay,"Harvest, AL",Albania
Malik Subhan ghallu,Pakistan,Pakistan
Djo Antunes©…©…,Angola,Angola
Paul Lopez,"Houston, TX",America
Bryan Arroyo,"Manchester, CT",America
Kathleen Raizer,"Nairobi,Kenya",Kenya
Rye Gadd,United States,United States
mariadelosangeles,"Santa Fe, NM",America
L©…©…   &,"AYDEN(GVILLY), NC ",New Caledonia
Video Hunter,Qatar,Qatar
Imanuel Jones,"Brooklyn, NY",America
Chaad-Valentin Rhod,"Hackensack, NJ",America
Kenny Joseph,"Georgia, USA",United States
Zimife Nwokeji,"Florida, USA",United States
Poopz Channel,"Brownsville, TX",America
©…©…gang,"Baton Rouge, LA",Lao People's Democratic Republic
#2™ 9™ ,"Indianapolis, IN",India
"Num©…©…™©…©…©…©…
 B&™","Chattanooga, TN",Tunisia
TheKid.J,"Raymond, MS",Montserrat
Christopher ©…©…,Canada,Canada
T.J.,"Virginia, USA",United States
tapatio $auce,United States,United States
SF Lady Knights 溅™,"Milton, GA",Gabon
"Boogie Mack©…©…!""","Davenport, IA",America
R.O.N.,Canada,Canada
Mario,Colorado ,America
Jrmy,"Pau,France",France
Ahmed Hassan,"Ascot Vale, Melbourne",Australia
Ryan Henkelman,"Denver, CO",Colombia
Trent,"Sydney, Australia",Australia
Jason Barney,"Atlantic City, NJ",America
Matthew,"Michigan, USA",United States
Nasir Jr.©…©…+,"Charlotte, NC",New Caledonia
Mason Love ©…©…,"Desoto, TX",America
Jeremiah Beck,"Lethbridge, Alberta, Canada",Canada
Josh Reedy,"Orlando, FL",America
Kevin Burton,"North Vernon, IN",India
Chris Hawkins,"Denver, CO",Colombia
©…©…,"Hialeah, FL",America
Omaha Sports Academy,"Omaha, NE",Niger
Jakori Pouncey,"Marion, SC",Seychelles
Lamont L. Belton,"New York, NY",America
Julia Cicchinelli,"Denver, CO",Colombia
The ManCave,"Indianapolis, IN",India
Jake Hilder,"Maroubra, Sydney",Australia
Liz,"Johns Creek, GA",Gabon
Oscar ©…©…©…©…,"San Antonio, TX",America
XD,"Chicago, IL",Israel
Cloud,"New York, USA",United States
2ERA©…©…©…©…©…©…,"Lakeland, GA",Gabon
'™Julian Gonzales'™,"Westminster, CO",Colombia
Jordan Mitchell,"Snellville, GA",Gabon
Kenzi,"Florida, USA",United States
Leland Loper,Panama City ,Panama
Nathan Engle,"Denver, CO",Colombia
(Head)Bandz,"Sweetwater, TN",Tunisia
Haldane Harris ©…©…©…©…,"Virginia Beach, VA",Holy See
Champion Downs,"Ontario, Canada",Canada
Steven,"Port Orange, FL",America
Izaiah Irlbeck,"Colorado, USA",United States
TheGoldMine,"Ken Caryl, CO",Colombia
Kadeem Greig,Trinidad and Tobago,Trinidad and Tobago
POOKIE,NJ,America
Nick Carmean,"Mattoon, Illinois",America
©…©…,"Denver, CO",Colombia
Mark Feigenbaum,"Thornhill, Ontario, Canada",Canada
Megan Weinberg,"Denver, CO",Colombia
Brian Dyet,"Denver, Colorado",America
Dylan Brown©…©…©…©…©…©…,"Jackson, MS",Montserrat
@A.M.,Australia,Australia
Adrain W. Loomis IV,"Fountain, CO",Colombia
Is It Thanksgiving Yet?,"Montbello, Colorado",America
Jake Biltoft,"Spartanburg, SC",Seychelles
AB©…©…©…©…,"St John, IN",India
Toussaint Miles,"California, USA",United States
Justin Van Kooten,"Sioux Falls, SD",Sudan 
Basswood Clothing,United Kingdom,Jersey
Nuggets Love,Denver,America
Ashton latta,"Rock Hill, SC",Seychelles
Mykael McMahan,"Creswell, OR",America
5280 Fanatics,"Denver, CO",Colombia
Saint Francis ©…©…,"Alpharetta, GA",Gabon
Altrevyusdodd,United States,United States
Moreno,"Los Angeles, CA",Canada
Average Celtics Fan,United States,United States
Taran.,"Colorado, USA",United States
Nick Lawrence,"Denver, CO",Colombia
Jacob Polight,"Leesburg, VA",Holy See
Jamal Sorrell©…©…,"Georgia, USA",United States
G,"Westminster, CO",Colombia
Saint Cristofer,United States,United States
Dwayne Gonga,"Dublin City, Ireland",Ireland
Coach James Morris,"Orlando, FL",America
joseph casias,USA,United States
The Morning Blitz,"Denver, CO",Colombia
Jackson Britt,"Boulder, CO",Colombia
Jennifer Crandell,Denver,America
Kevin Keane,"Tallahassee, FL",America
Walsh and McBride,"Denver, CO",Colombia
Emir Nahuel Popler,"Chaco, Argentina",Argentina
A-Eazy,"Van Alstyne, TX",America
Craig M. Wattles,"Lakewood, CO",Colombia
Jarquez Hood,"Mississippi, USA",United States
Awendell Gordon,"Memphis, TN",Tunisia
MYKE-HYLTON,"Dallas, TX",America
Jeremy Darlow,"Portland, OR",America
Spidly,"Colorado, USA",United States
Chad,"Marietta, GA",Gabon
Isaac Peterson,United States,United States
JustPlainOldMike,United States,United States
Matt Powell,"Arkansas, USA",United States
Ty,"New York, USA",United States
Peter P Hetzler,Atlanta,America
The Bucket Bros,"Wichita, KS",America
Ben's Take,"Scottsdale, Arizona",America
Garrett Ellwood,"Denver, CO",Colombia
Maryz Smoke Shop,United States,United States
Tracy High,"Alpharetta, GA",Gabon
Official.KAL'™,"Augusta, GA",Gabon
Ricardo Wright,United States,United States
Ashley Rose,"Florida, USA",United States
nahh,"Colorado, USA",United States
Big Diego©…©…,"Portsmouth, VA",Holy See
Erik Schtzler,"Denver, CO",Colombia
Cglo Wavy,"Chicago, IL",Israel
League Ready,"Alabama, USA",United States
Evie,"Florida, USA",United States
von©…©…©…©…,"South Carolina, USA",United States
Greg Underwood,"Huntsville, AL",Albania
Tyler Reece,"Florida, USA",United States
DavidW'™©…©…,"Colorado, USA",United States
fresco,"Denver, CO",Colombia
Derrick Montgomery,"Northport, AL",Albania
Long Chen,"Tallahassee, FL",America
Payam Karbalai,"Los Angeles, CA",Canada
kevin,"Rocky River, OH",America
Chris Boyne,Denver,America
Mike Richardson,"Houston, TX",America
Jeff Hughes,"Newport, ME",Montenegro
Gannon P,"Baltimore, MD",Moldova
Athletes Brand,"Scottsdale, AZ",Azerbaijan
NBA 24/7,"Manhattan, NY",America
Magic NBA,Israel,Israel
Raphael Sobral,Rio de Janeiro,Brazil
"! TJ ©…©…""","Tuscaloosa, AL",Albania
Pres ©…©…,"Florida, USA",United States
Rangeview Hoops,"Aurora, CO",Colombia
1person©…©…©…©…,"Lakeland, FL",America
Wendell DeMyers,"Indianapolis, IN",India
Beas™,"Carterville, Illinois",America
Jacob Urys,"Schenectady, NY",America
Jayon Stevenson©…©…,"Saginaw, MI",America
Michael Beverly Sr.,"Georgia, USA",United States
Young Bull,"Houston, TX",America
©…©…©…©…('Kyran,"Cicero, IL",Israel
Kwon Williams,"South Carolina, USA",United States
Travis Brownlee,"Bremerton, WA",America
Anne Laure azana,Luxembourg,Luxembourg
Vante' ©…©…©…©…,"Oklahoma, USA",United States
Ryan Porcaro,"Tampa, FL",America
Ronald Cottet,"Denver, CO",Colombia
Jeremy Hardnett,"Stone Mountain, GA",Gabon
Ty Washington,"Mobile, AL",Albania
Alexjr0024,"Jacksonville Beach, FL",America
Ali,United Kingdom,Jersey
Ricky Ricardo James,"Queens, NY",America
FrequencyXP,"Tallahassee, FL",America
Brittnei,"Tallahassee, FL",America
Bendji Pierre,"Irvington, NJ",America
Kira©…©…,"Statesboro, GA",Gabon
©…©…Jaylen_Thompson©…©…,"West Monroe, LA",Lao People's Democratic Republic
Harold Gunther,"Oklahoma, USA",United States
Makalah Marie,"Denver, Colorado",America
Embracing Change ©…©…©…©…,Guatemala ,Guatemala
Arron Greene,"Talladega, AL ",Albania
Jose©…©…,"Monterey, CA",Canada
Jaqurius Smith,"Florida, USA",United States
Marley,"Lakleand,Florida",America
zion martin,"Englewood, NJ",America
"!@18X0 4> >:8X0""","Lake Mary, FL",America
"Jenna Moore, RD","Colorado Springs, CO",Colombia
Justin Washington,"Gainesville, FL",America
Denver Sports,"Boulder, CO",Colombia
Sharon,"Tallahassee, FL",America
Megamind08,"Scranton, PA",Panama
Your Biggest Fear,"Union, NJ",America
Aaron Murray,"England, United Kingdom",Jersey
©…©…©…©…Scrappy 2X,"Florida, USA",United States
Ellis Merriweather,"Garden City, KS",America
UNIQUE WINGS &THANGS,United States,United States
GiantsPride'Clippers,"New Haven, CT",America
Jaylen Ingram,"Portsmouth, VA",Holy See
VybeImages,Texas,America
Jesse Freeman,"Greeley, Colorado",America
Mang Gaming,Australia,Australia
Denver Boi,"Denver, CO",Colombia
Ryan Wyckoff,"Denver, CO",Colombia
Chris Grey,"Arvada, Colorado",America
Mike D.,"Huntington Beach, CA",Canada
Malik Nouman Amjad,Pakistan,Pakistan
Corbin Goddard,United States,United States
Mr.13,United States,United States
Derrick Hawley,"American Fork, UT",America
Marcus Posley,"Rockford, IL",Israel
Mr. Tillman,United States,United States
Hubert Herrera,"California,USA",United States
Sara Wolfgang,"Atlanta, GA",Gabon
TJ Carvalho,Denver,America
Tony Perez,"Fort Collins, CO",Colombia
Jason Hudson Jr.,"Colorado, USA",United States
Marcus Mares,"Denver, CO",Colombia
Jack Robson,"Denver, CO",Colombia
Paul Barnes,"Phoenix, AZ",Azerbaijan
Ryan Schlagel,"Colorado, USA",United States
Kooshie Cervantes,"Denver, Colorado ",America
SVG.ONO©…©…d'™,"Florida, USA",United States
Radovan Zekavica,Serbia,Serbia
Shrapnel,"Colorado, USA",United States
Matthew Ungar,"Shenzhen, China",Hong Kong
Doug Bennett,"Colorado, USA",United States
Eric Cowen,"Denver, CO",Colombia
...,"New Jersey, USA",United States
Charles Pressley,"Denver, Colorado",America
Tom Peters,"Denver, CO",Colombia
Lindsey Anne,"Tallahassee, FL",America
AaRon©…©…©…©…,"Florida, USA",United States
Toby William Canada,"Kentucky, USA",United States
Ceddy,"Tallahassee, FL",America
Aaron Toliver jr,"Modesto, CA",Canada
Corey Anderson,"Lewiston, Idaho",America
Scott DeFoe,United States,United States
Maj Be Tweeting,"NAWF, Atlanta",America
Looney©…©…©…©…,"Florida, USA",United States
Matheus Lima,"Bangu, Rio de Janeiro",Brazil
Rich Sadowsky,"Denver, USA",United States
Christian,"Oakland, CA",Canada
Herman Callaway,"Newnan, GA",Gabon
Victoria,"Alpharetta, GA",Gabon
Actor Sir Brodie,"Atlanta, GA",Gabon
Ms. M,"Tallahassee, FL",America
CoachJ,"Georgia, USA",United States
Maddie,"Miami, FL",America
Hitendra Chauhan,"Gwalior, India",India
April,"Denver, CO",Colombia
RalphHayes,"Iowa, USA",United States
Brent Kupfer,"Orange Park, FL",America
Adrian Wojnarowski,"New York, NY",America
Adrian Wojnarowski,"New York, NY",America
Jori Warren,"hopkins, South carolina",America
QuaronH,"Savannah, GA",Gabon
#FOA Ron '™©…©…©…©…©…©…,"Atlanta, GA '™ San Diego, CA",Canada
"Jerome Francis, Jr.","Pickerington, OH",America
Tito Benach,"Miami, FL",America
Doren,USA,United States
Damari k. Monsanto,"Miami, FL",America
Noah Crampton,"Missouri, USA",United States
makdaddy.,"North Carolina, USA",United States
Carter,"Denver, CO",Colombia
El Jefe,Colorado,America
Zach Carey,"Atlanta, GA",Gabon
Leek,"Orlando, FL",America
Greg Totten,"Denver, CO",Colombia
Q,"New York, USA",United States
Sarah Gilbrook,"Georgia, USA",United States
Zach,Florida,America
Jimena Borrayo,"Miami, FL",America
K Mess,"Tennessee, USA",United States
SouthWest Twon,Atlanta,America
james,"Orlando, FL",America
Terry Baskin©…©…©…©…©…©…©…©…,"Charlotte,NC",New Caledonia
imgood_imstaight,"Georgia, USA",United States
Alex Rushton,"England, United Kingdom",Jersey
#StooperNass,USA,United States
Will McDaniel II,"Birmingham, AL",Albania
Bnyjarvis ©…©…,"Jonesboro, AR",Argentina
Jacob Olson,Texas,America
Beauty Queen ©…©…©…©…d'™,"Michigan, USA",United States
D Hahn,Denver,America
Craig 7-3 . 3rd seed,"New Smyrna Beach, FL",America
H-Long,"Tennessee, USA",United States
Jamel,"Queens, NY",America
JAWN,"Melbourne, FL",America
BIlhardeiro,"Funchal, Portugal",Portugal
My Sneaker Head,"New York, NY",America
Zhikhale ©…©…,"Biloxi, MS",Montserrat
Martin Crisp,"Denver, CO",Colombia
LA Bella Chauffeurs,"Los Angeles, CA",Canada
Josh William Taylor,"Birmingham, AL",Albania
Jake Nigro,"Denver, Colorado",America
Logan Hendrickson,"Indianapolis, IN",India
K,"Lincoln, NE",Niger
garrett robertson,"Indianapolis, IN",India
"!YvnGGlok ©…©…D'`&©…©…©…©…""","Tuscaloosa, AL",Albania
Carlton McGriff Jr.,"Florida, USA",United States
lasha,"719, Colorado",America
Lo,"Los Angeles, CA",Canada
Nick Jensen,"MKE ¨™ Denver,CO",Colombia
&™©…©…&™,"Denver, CO",Colombia
Anthony Amey,"Atlanta, GA",Gabon
"Dr. Eric Davis, EdD","Stockbridge, Georgia",Georgia
' HairCutz2u',"Camby, Indiana ",America
Kendrick G Harris Jr,"Tallahassee, FL",America
Kennedyclay,"Nashville, TN",Tunisia
Nick Rodriguez,"Charleston, SC",Seychelles
Ricardo.,"Denver, CO",Colombia
Mi Mi's Dad,"Philadelphia, PA",Panama
Anf r0  ©…©…,"Indianapolis, IN",India
Nieko Solorio,Denver,America
Diego Arrigonni,"Lavalleja, Uruguay",Uruguay
CLT Seminole Club©…©…,"Charlotte, NC",New Caledonia
Juan©…©…,"Chicago, IL",Israel
Sam King III,"Pine Bluff, Arkansas ",America
Mike McCoy,"Sweetwater, TX",America
Warriors UK,UK,United Kingdom
Zach,USA ,United States
Tyyy,"Lake City, SC",Seychelles
Walter Sachs,"Tallahassee, FL",America
GB4™ ©…©…,"Killeen, TX",America
Kimora miller,"Sioux Falls, SD",Sudan 
Michael J. Ivory,"Katy, TX",America
Ryan O'Dea,"Denver, CO",Colombia
JayCpLeo,"Shanghai,China",Hong Kong
Joshua Hill,"North Carolina, USA",United States
Doug Miller,"Greensboro, NC",New Caledonia
13038106852,"Thornton, CO",Colombia
Malik,"Denver, CO",Colombia
Justin McAdow,"Denver, Colorado",America
TheSwishGod,"Dreamville, USA",United States
Sean,"Kentucky, USA",United States
ellen,Atlanta,America
Tamorrion Terry,"Ashburn, GA",Gabon
Javen Culbreath,"Dublin, GA",Gabon
Kemoy Music ©…©…©…©…©…©…©…©…,"Denver, CO",Colombia
First Take ESPN,"Bristol, CT",America
1>38=O,"Barcelona, Spain",Spain
Wojnarowski,"New York, NY",America
DJ Von Frank,"Tampa, FL",America
Tyler Speller,"Colorado, USA",United States
Mr. Teague ©…©…,"Parts Unknown, USA",United States
"
'Noles4Lyf
'","Midland/Quiptown,PA",Panama
Chris Moore,"Dothan, AL",Albania
Ondrej Brown,"Cleveland, OH",America
Jeff Eisele,"Columbus, GA",Gabon
Ghaniixx,"Tourcoing, France",France
Blackboy,"Miami, FL",America
Skeleton Jack,United States,United States
TJ Walker IV©…©…,"Matthews, NC",New Caledonia
hampton tharpe,"Florida, USA",United States
Billy Hughes,Colorado,America
Byron L Graves,"Lakewood, CO",Colombia
Keith,United States,United States
DidIStuttter?!?,"Costa Mesa, CA",Canada
21reloaded,"Ville Platte, LA",Lao People's Democratic Republic
Robert Jepsen,Iowa,America
Cooper Gydesen,"Nebraska, USA",United States
el to James ©…©…,Colombia,Colombia
Gianni Frangella,"Lone Tree, CO",Colombia
Sam Brown,"Savannah, GA",Gabon
Michael Moody,"Chandler, AZ",Azerbaijan
Dai,GA,Gabon
Issacˇ™ˇ™ˇ™,"Westminster,CO",Colombia
Jon Maule,"Louisville, Colorado",America
iCarryForFun,"Massachusetts, USA",United States
Elevation Cycles,"Highlands Ranch, Colorado",America
916kingscourt,"Sacramento, CA",Canada
Zach Ledford,"Warner Robins, GA",Gabon
Eric Vancobb©…©…©…©…,"Youngstown, OH",America
Chris Ehrhardt,"Weston, Florida",America
CSM Jillian,"Illinois, USA",United States
Taylor Milner,"Denver, CO",Colombia
Dave's Joint,"Bronx, NY",America
Romain,"Coss-le-Vivien, France",France
"©…©…©…©…
 B&™©…©…","Louisiana, USA",United States
Krisss ˇ™,"River Oaks, TX",America
long can,"Los Angeles, CA",Canada
"T. Sams!""","Atlanta, GA",Gabon
The Goat,"Denver, CO",Colombia
Damion Cross,United States,United States
Daxon McInnis,"Denver, CO",Colombia
Armchair Nuggets,"Denver, CO",Colombia
Elite Skills Academy,"Atlanta, GA",Gabon
Kayla Brianna Smith,"California, USA",United States
Young Trey,"Maryland, USA",United States
Marala Scott,"Columbus, OH/Los Angeles, CA",Canada
JDubz11,"Wisconsin, USA",United States
Ray_ Shammy©…©…©…©…< ™©…©…,"Barberton, OH",America
Xavi Gispert,"Chicago, Illinois ",America
Jacques,"Boston, MA",Morocco
Jacorion Chaney,"Meridian, MS",Montserrat
Ben Monahan,United States,United States
Brian Williams,"Highlands Ranch, CO",Colombia
Kam Hei Chan,Hong Kong,Hong Kong
Gary Ebert,"Louisiana, USA",United States
Barosky Jay Jr.,"Tamale, Ghana",Ghana
Equame Lindquist,"Orlando, FL",America
2™ 3™ Kid,United States,United States
WeKeepYouMotivated,United States,United States
Chris Adams,"Whitesboro, TX",America
SeBy_ThE_gOaT©…©…,"Freehold, NJ",America
Robert Pool,United States,United States
Jacquie Cook,"Chicago, IL",Israel
Kasey Lawton,"Woodstock, GA",Gabon
Rufino Maldonado,United States,United States
Dejon A. Scott,"Hinesville, GA",Gabon
Andrew Dreyfus,"Milwaukee, WI",America
Lazaro Toledo,"Monroe, LA",Lao People's Democratic Republic
Andrew McConnell III,"Buford, GA",Gabon
"Katie Voris, ATC","Atlanta, GA",Gabon
DallasSports,"North Richland Hills, TX",America
MiscFit,"Atlanta, GA",Gabon
Jeramiah Horton,"Indiana, USA",United States
Nathan Ryno,"El Paso, TX",America
DaJuan S.,"Kansas City, MO",Macao
©…©…™NTHONYTRUJILLO,"Amarillo, TX",America
CalvH&™,"Flora,MS",Montserrat
Jay Jay Roxas,"Tondo,Manila",Philippines
Christopher Allen,"Mount Vernon, NY",America
reggiN,United States,United States
Darrell Hykes,"Atlanta,  GA",Gabon
Ej Buckner,"Cleveland, OH",America
Wendy Corona,"Atlanta, GA",Gabon
Craig Lucie,"Atlanta, Georgia",Georgia
M . Mehmood Rana,"Punjab, Pakistan",Pakistan
Zaire-Heru Holcomb,"Arkansas, USA",United States
gina,United States,United States
L. Shaw,"Tallahassee, FL",America
jcrogers76,"Centennial, CO, USA",United States
""" Zayy- G "" ©…©…
'©…©…","Valdosta, GA",Gabon
Justin Aikin,"Los Angeles, CA",Canada
Michael Sauter,"Denver, Colorado",America
Emin Gharibi,"California, USA",United States
SoulCentral Magazine,London,United Kingdom
Jalen Thomas,"Englewood, CO",Colombia
Sushmitha Janakiram,"Chennai, India",India
nico,"Fort Collins, CO",Colombia
Zack Krupp,"Normal, IL",Israel
Kerry,"New Hampshire, USA",United States
Christine Nol,"Denver, Colorado",America
Jareddeckerhoff,"Tallahassee, FL",America
Drew Demo,"Parker, CO",Colombia
#OnePride ©…©…,"Greenwood Village,  CO",Colombia
#©…©…©…©…©…©…©…©…,"Lakeland, FL",America
Nba2k18= Trash,"Littleton, CO",Colombia
Mic©…©…©…©…©…©…©…©…,"Roanoke, VA",Holy See
Blakley Stevens,"Wabash, IN",India
Billy Sandoval,"Denver, Colorado",America
SeminoleClubRockies,"Denver, CO",Colombia
Alison Mastrangelo,"Denver, CO",Colombia
Lazy Young Person Local Blogger Ronnie K,"Denver, CO",Colombia
Jimmie Brooks,"Chicago, IL",Israel
Max Kirkman,Manchester,United Kingdom
Span,Colorado,America
Nana Oteng,"Queens, NY",America
Daniel Hughley,"Florida, USA",United States
Letitia Horne,"Austell, GA",Gabon
Brooklyn Grace,"Denver, CO",Colombia
Daniel Barrientos,"Lakewood, CO",Colombia
Kam ©…©…,"Rocky Mount, NC",New Caledonia
James,"New York, NY",America
Bonesie,South Africa,South Africa
©…©…Holly Pink's©…©…,"California, USA",United States
Zain Khan,"Quetta, Pakistan",Pakistan
Gennadiy Shevtsov,"Orange Park, FL",America
Faisal Yousaf,"Sialkot,  Pakistan",Pakistan
Tampa Bay Seminole Club,"Tampa, Florida",America
Double Trouble,"Atlanta, GA",Gabon
Daniel Poneman,"Chicago, IL",Israel
Preston,Florida,America
Eard Gomes,Ghana,Ghana
Dorian Ballard,"Snellville, GA",Gabon
e,"Panama City, FL",America
Josh Francis,"Los Angeles, CA",Canada
Seancie Billups,"Greeley, CO",Colombia
That Guy,"Littleton, CO",Colombia
Jevon…,"Nebraska, USA",United States
marketia patterson,United States,United States
Joe Chapman,"Smyrna, GA",Gabon
Alan Lee,"Billings, MT",Malta
Mari Moore,"Atlanta, GA",Gabon
Jeremy Oney,Wisconsin,America
Garrett Weaver,"Helotes, TX",America
Evan Foster,"Florida, USA",United States
blake wright,"Colorado Springs, CO",Colombia
Bobbi Jo Hurdle,"Rockledge, FL",America
PolekatBrown,"Franklin, TN",Tunisia
Reke< ™,"Macon, GA",Gabon
Fachriansyah Rasylin,"Los Angeles, CA",Canada
Lauryn Latimore,"Atlanta, GA",Gabon
Kidz1stFund,Tallahassee,America
Basketball Guyaries,"Cleveland, OH",America
Elle Bowden,"Tallahassee, FL",America
Aj Diggs,"City By The Sea Long Beach, CA",Canada
_SLIM_,United States,United States
Brandon Dean,"Miami, FL",America
©…©…,"Garfield Heights, OH",America
Luis Toro,"Denver, CO",Colombia
bigguccireese_,"Chicago, IL",Israel
bjenk,"Colorado, USA",United States
Stephen Hernandez,"Lakewood, Colorado",America
D M O N E Y $©…©…,"Macon, GA",Gabon
Gideon Owusu,"Lawrenceville, GA",Gabon
Canada's Court,Canada,Canada
Peterson,"New Haven, CT",America
FSU all day,"South Carolina, USA",United States
Kinte Ford,"Tampa, FL",America
Hannah Benally,"Shiprock, NM",America
Ben Chumash,"Boulder, CO",Colombia
Marcstard,"Omaha, NE",Niger
Badge Grinder,"North Carolina, USA",United States
nba.loaded,"St Augustine, FL",America
Patrick Rogers,"Omaha, NE",Niger
Justin Smith Jr.,"Tallahassee, FL",America
Sher'Michael,"Valdosta, GA",Gabon
Greg,"Colorado, USA",United States
Nathan Soucie,"Greeley, CO",Colombia
F A B I A N ©…©…,"Denver, CO",Colombia
Blair Einfeldt,"Lexington, KY",Cayman Islands (the)
Chad Owens III,"North Liberty , IA",America
Adam Rivera,"Colorado, USA",United States
Michael Young Jr. ©…©…,"Texas, USA",United States
Melanin,"Charlotte, NC",New Caledonia
Tommy Hendricks,"Weaverville, NC",New Caledonia
Matthew Tapper,"Denver, Colorado",America
bayden,"Los Angeles, CA",Canada
Gina Im,"Fort Collins, CO",Colombia
©…©…,"Denver, CO",Colombia
Matt McGovern,"Newtown, PA",Panama
Alejandro,"Tampa, Florida",America
Tom Lovell,"Lakewood, CO",Colombia
Larry Wood,"Denver, CO",Colombia
Sean.,"Cali, IE",Ireland
Colby Lee,"Hammond, LA",Lao People's Democratic Republic
Emonmoni,"Bogra, Bangladesh",Bangladesh
Latina Sandy ©…©…©…©…©…©…,"Fountain, CO",Colombia
Rep. Chaz Beasley,"Mecklenburg County, NC ",New Caledonia
Jaydon Boyer,"Indiana, USA",United States
Exigent Circumstance,"DeNvEr, CO",Colombia
KBREEZY©…©…©…©…,"Pearland, TX",America
"it me, KD","Denver, CO",Colombia
Kie Smitty ©…©…,Colorado,America
Brett Murphy,"Bay Area, CA",Canada
Torrian Hampton W'™,"Lakeland, FL",America
Robert Harrison,"Pensacola, FL",America
#BEAMAVERICK,"North Dakota, USA",United States
Willie Powers III,"Burton, MI",America
Isaiah Efojie,"Rome, GA",Gabon
Jason Thomas,"Beech Grove, IN",India
RPM MotorSports,"Colorado, USA",United States
C.J.  Harris,"Salisbury, NC",New Caledonia
Charleston Bowles,"Indianapolis, IN",India
"Cait, Maker of Pies.","New Orleans, LA",Lao People's Democratic Republic
Austin,"Crooks, SD",Sudan 
Tyler Bergh,"Sioux Falls, SD",Sudan 
Laney Prioleau,"Baltimore, MD",Moldova
Chris,"Cocoa West, FL",America
TFTUDS,"Denver, CO",Colombia
Rafael Diaz-Diaz,"Dearborn, Michigan",America
Shane,"Kentucky, USA",United States
Scott DeMarco,"Fort Collins, CO",Colombia
Cameron Cheek,"Virginia, USA",United States
NBA FR,"Ile-de-France, France",France
Tavius Gotti,"Hollywood, FL",America
Braden Montgomery,"Birmingham, AL",Albania
©…©…SpaceGod©…©…,"St Petersburg, FL",America
IntellectKills,"Colorado, USA",United States
Travis Moulder,"Nebraska, USA",United States
Tray,United States,United States
Lance Lozano,"Tallahassee, FL",America
Oscar Valdez,"Colorado, USA",United States
"IJF.11!""","Montgomery, AL",Albania
Joe Tantillo,"Massachusetts, USA",United States
Dave ward,"Fort Worth, TX",America
HOOPMATIC,"Pennsylvania, USA",United States
Morgan Boyatt,"Huntsville, Tennessee ",America
Breaking News,"Dreamville, CO",Colombia
JacobSceles,"Nova Scotia, Canada",Canada
smeek,"Wilson, NC",New Caledonia
#BeatUF,"Tampa, FL",America
Athlete Tweets,United States,United States
©…©…©…©…,"Louisiana, USA",United States
Tommy Anderson,China,Hong Kong
Tshepiso Mkhondo,"Durban, South Africa",South Africa
Official Mari©…©…,Atlanta,America
Kevin Rose Jr,"Atlanta, GA",Gabon
Devon Edwards,"Miami, FL",America
kay e',CO,Colombia
"
'©…©… till 45 is gone!",Atlanta,America
Ernesto Holguin Jr.,"Denver, CO",Colombia
Deepak Kumar,"Bihar, India",India
Benjamin,"Marianna, FL",America
Sky Alexander,United States,United States
Michael Murphy,"Suwanee, GA",Gabon
Mt.Pleasant AAU BB,"Philadelphia, PA",Panama
Ryan Kelly,"New York, NY",America
Elijah Landrum,"Dallas, TX",America
Osama Bin Drinkin'©…©…,"Brooklyn, NY",America
Christopher Rich,"Moore Haven, Florida",America
kelvin farrar,"Milton, GA",Gabon
Lane Mater,"Montpelier, VA",Holy See
Jake Phillips,"Milton, GA",Gabon
Chaddrick brown,"Aberdeen, MS",Montserrat
bubba睛™,"Memphis, TN",Tunisia
(4-6),Mexico,Mexico
Bojangles Tally,"Tallahassee, FL",America
Evan Stills,"Evansville, IN",India
Torre laGuins,"Athens, GA",Gabon
Conner Miller,"Tampa, FL",America
Young Loso,"Indianapolis,Indiana",America
THE TRUTH,"Oakland, CA",Canada
Jordan Romero,"Littleton, CO",Colombia
Tyler Rodriguez,"Plainfield, IL",Israel
cy cole,"San Antonio, TX",America
Darreonte Gainer,United States,United States
Murph,"Montrose, SD",Sudan 
Statrow,United States,United States
^& '   t   p   p ,"Oklahoma City, OK",America
Mr. Raza,"Punjab, Pakistan",Pakistan
Brandon Roker,"Denver, CO",Colombia
Micah Wheeler,"Ringgold, GA ",Gabon
Chris Taylor &©…©…,"Columbia, SC",Seychelles
Joey,"Denver, CO",Colombia
Jordan Gazdik,"Casper, Wyoming",America
Stanley D©…©…©…©…,"Tallahassee, FL",America
Daniel Perez Ortega,"Chicago, IL",Israel
iCity Repair,"Bridgewater, NJ",America
Online Free Movies,"Hyderabad, India",India
Nicholas,"New York, NY",America
Matt the beard riley,"Orangeburg, SC",Seychelles
Leo ©…©…©…©…™,"Pasadena, CA",Canada
Markus LaVigne©…©….,"Augusta, GA",Gabon
Seth Norquist,United States,United States
Kamal Hossain,"Chittagong, Bangladesh",Bangladesh
CSM Alicia,Oklahoma,America
Kristina Wong,"San Francisco, CA",Canada
Chris Lewis,United States,United States
Anthony Porter,"Iowa, USA",United States
Caleb Christensen ©…©…,"Brookings, SD",Sudan 
ELIJAH ©…©…,"Denver, CO",Colombia
Ryan Miller,"Ft. Worth, TX",America
Elite Social Media,"San Diego, CA",Canada
Brandon Wade,"Cartersville, GA",Gabon
Daniel miller,"Denver, CO",Colombia
Cris Sorency,Denver,America
Dawn Motter,"Atlanta, GA",Gabon
Michael Young,"Fort Collins, CO",Colombia
Isaiah #11,"Kaohsiung City, Taiwan",Taiwan
©…©… Dillon  ©…©…,"Thomasville, GA",Gabon
Ryan Leaver,"Mint Hill, NC",New Caledonia
Mar,"Toledo, OH",America
Doran Javaherian,"California, USA",United States
"K Veggies ©…©…©…©…!""","Hawthorne, CA",Canada
Ishmael Johnson,"Lynn, MA",Morocco
Curtis G,"Lowell, MA",Morocco
FSU RTs,"West Palm Beach, FL",America
laityn sheppard,"Little Rock, AR",Argentina
Mitchell Moore,United States,United States
Graeme Ford,London,United Kingdom
Luis-Alfredo Garcia,"Kendall, FL",America
Sports845,"New York, USA",United States
Everything Sports,CT,America
Ng?e噙Eddie Lee,"Taipei City, Taiwan",Taiwan
@Ribzilla,"Fresno, CA",Canada
Sren Chromik,"Varel, Germany",Germany
Jack Seebohm,"Atlanta, GA",Gabon
Bekan Sigurur,"Mosfellsbr, Iceland",Iceland
Cameron Thompson,"New York, NY",America
Gordon,"Highlands Ranch, CO",Colombia
Johnny Tate,"Chicago, IL",Israel
Marvella Perkins,"Memphis, Tennessee",America
Tav,"Florida, USA",United States
Justin,"Atlanta, GA",Gabon
John Michaelos,"Florida, USA",United States
Noah Mindel,"Dothan, AL",Albania
Rachel Sutz Pienta,Florida,America
Tyler Walrath,"Jacksonville, FL",America
Hiram Turner,"Decatur, GA",Gabon
Katie Davis,"Florida, USA",United States
©…©…睛™ArmChairQB's©…©…©…©…,"St Augustine, FL",America
Jarah Dumapit,"Tacoma, WA",America
=0™eir ©…©…©…©…©…©…,"Michigan, USA",United States
Tech Buff,"San Francisco, CA",Canada
Mike Baker,United States,United States
Charlie Bryan,"Houston, TX",America
Kevin Kniss,United States,United States
Human D-League,Madagascar,Madagascar
Aaron Winton,"Denver, CO",Colombia
Mike,"Albuquerque, NM",America
Laura Fayolle,France,France
Flubark,"Rompton, CO",Colombia
Josh Scales,"England, United Kingdom",Jersey
Xavier Soller,"Denver, CO",Colombia
Alex Waters,"Denver, CO",Colombia
Natlia©…©…,Barcelona,Spain
namtup w,Denver ,America
Nick's  world sport,Taiwan,Taiwan
©…©…TEX$IN©…©…,"Laredo, TX",America
Reid Hartman-Teske,"Denver, CO",Colombia
Ryan,"Lincoln, NE",Niger
hope,Hong Kong,Hong Kong
Cynthia Gonzales-Gos,"Fort Lupton, CO",Colombia
Darren Goen2™ 4™ ,"Beanstation, TN ",Tunisia
Mar,"Denver, CO ",Colombia
Sean O'Brien,"Denver, CO",Colombia
Devin Everett,"Edinburg, TX",America
Kiana,"Georgia, USA",United States
Hayden Merryn,"Scottsdale, AZ",Azerbaijan
matt,"Cinco Ranch, TX",America
Jovonni Cortes,"Florida, USA",United States
Eric Ridgeway Fulton,"Denver, CO",Colombia
Makye Richard ©…©…,"Morgan City, LA",Lao People's Democratic Republic
Basketball,Portugal,Portugal
LongLiveCari ©…©…,"Pearl st, FL",America
Tucker Robinson,"Colorado, USA",United States
Vladimir Djokanovic,"Copenhagen, Denmark",Denmark
Davis Stockholm,"Colorado, USA",United States
Nuggets.365,"Killeen, TX",America
Christopher Zipkin,"Troy, NY",America
jorge,"Aurora,CO",Colombia
Samantha Akers,"Cedar Falls, IA",America
DeMarkulus Menyfield,"Viera, Florida ",America
Matt Grajeda,"Denver, CO",Colombia
Armando Perez,"Canton, OH",America
Dave - 3rdOption,"Pueblo, CO",Colombia
Lori Kelley,"Denver, CO",Colombia
Kristian Shkambi,"Detroit, MI",America
Paul Peavy,Tallahassee,America
Sagar Trika,"Corvallis, OR",America
Peter Noonan,"Texas, USA",United States
caveman,"Cave Creek, AZ",Azerbaijan
Brian Quint,"Los Angeles, CA",Canada
Eppie,"Denver, Colorado ",America
Bake Boonwall,"Fort Gay, WV",America
Herman Gutierrez,Colorado,America
BULLY KING Magazine,"Miami, FL",America
Allan F. Banigan,Philippines,Philippines
12/3 P&™,"Atlanta, GA",Gabon
Nadid'™,"Florida, USA",United States
cody,"Chicago, IL",Israel
Dillon Riera,"Tallahassee, FL",America
Luis Carro-something,"Miami, FL",America
K.MACK,"Denver, CO",Colombia
Robert Amaro,"Colorado, USA",United States
JJ McKenney,"Littleton, CO",Colombia
Dario Borai,Croatia ,Croatia
King Jones,"Gainesville, FL",America
Alfie Gregory,United Kingdom,Jersey
Ben,"Denver, CO",Colombia
Juice,"Lakeland, FL",America
Zach Stevens,"Essex, CT",America
Bagy©…©…,"Libourne, France",France
Xavier Morrow,"Tuscaloosa, AL",Albania
gina,"Los Angeles, CA",Canada
SelfMade [&,"Chicago, IL",Israel
jewmoney,Tallahassee,America
Get Bowl Eligible,"South Carolina, USA",United States
team legs body,"Texas, USA",United States
myiab ('c'™,"Florida, USA",United States
David Astramskas,"Houston, TX",America
David Hillstone,United States,United States
FSU Spoon,"Tallahassee, FL",America
Ben Mcpeek,"Kentucky, USA",United States
Ben Samples,"Denver, CO",Colombia
#FSUWBB Fan Page,"Tallahassee, Florida",America
Taber Peif,"Denver, CO",Colombia
Marc Miller,Boston,America
Alex Hughes,"Colorado, USA",United States
I'm IN,"Bangor, ME",Montenegro
DailyOfficePoll,"Kansas City, MO",Macao
JustMendezYT,"Aurora, CO",Colombia
Jaylen Cox,"Milwaukee, WI",America
Keijuan calhoun,United States,United States
Its Litty,"Florida, USA",United States
Hoop Juice,"Pennsylvania, USA",United States
StevenTsui,Taiwan,Taiwan
SmiggD,"California, USA",United States
Lance Higgins,"Portland, Maine",America
Issac Gutierrez,"Colorado, USA",United States
JeremyKeimAvsFan,"Colorado, USA",United States
Logan Lathrop,Iraq,Iraq
Keith Fleming,"Denver, Colorado",America
Dt.chase,United States,United States
Jibbles & Bitz,"Denver, CO",Colombia
Chris Morley,"Denver, CO",Colombia
Corey Blair,United States,United States
Jakevian Gregory,"McDonough, GA",Gabon
Jaypee Bajar,"North-East Region, Singapore",Singapore
Nuggets de Oro,Spain,Spain
Ray Davenport,"Newberry, SC",Seychelles
Ikechukwu Nwamu ©…©…©…©…,"Las Vegas, NV",America
a1ex,"Ventura, CA",Canada
anastasa,"Tucson, AZ",Azerbaijan
Johnny Koessl,"Nashua,MT ¨™ Dickinson,ND",America
Erin,"Indianapolis, IN",India
Hernan,"Denver, CO",Colombia
Rodrigo Marquina ©…©…,"Madrid, Spain",Spain
Blake Marshall,"Lincoln, NE",Niger
DjFlatFace,"Cincinnati, OH",America
GIANTE ©…©…©…©…,"Fulton, MO",Macao
Laurie,"Parker, CO",Colombia
Joel Rhoades,"Denver, Colorado",America
Mickey Peterson,"Denver, CO",Colombia
Zach Balside,"Fort Collins, CO",Colombia
Lets Go Nuggets!,"Denver, CO",Colombia
Josh Thorsen,"Gold Coast, Australia",Australia
Infamous Rise,"Denver, CO",Colombia
UltimateJayhawker,"Overland Park, KS",America
FSU Volleyball,"Tallahassee, FL",America
Michael Cavendish,"Jacksonville, FL",America
Josh Pelis,"Colorado, USA",United States
Keyshayla Johnson,"Downtown, Austin",America
Trevor,"Colorado, USA",United States
Kevin D,"Denver, CO",Colombia
Matthew Jobe,"Tampa, FL",America
Michael Salame,"Denver, CO",Colombia
Brittany Dickerson,"Durham, NC",New Caledonia
Kaan Bayram,"Bursa, Turkey",Turkey
Chris Casnave,"Town 'n' Country, FL",America
Nghg,"New Jersey, USA",United States
Anthony Bridges ,"Pleasant Hill, LA ",Lao People's Democratic Republic
Matt Wood,London,United Kingdom
Alymohammed Ali,"Little Rock, AR",Argentina
Steven stoll,"Jacksonville Beach, FL",America
Dr. Log-on ©…©…,"Colorado, USA",United States
Jeremy Harris,Dominican Republic,Dominican Republic
©…©…©…©…VetAgainstTrump,"Colorado Springs, CO",Colombia
Chandler McOmber,"Riverton, UT",America
Nik Tansey,"Colorado Springs, CO",Colombia
Portland 75-7 ©…©…©…©…,"Palmerston North, New Zealand",New Zealand
Zay #11,United States,United States
Cort Roberson,"Arlington, WA",America
ana,CO,Colombia
amy cesario,Denver,America
Marcus McLeod,"Jacksonville,Florida",America
Blake K. ©…©…,United States,United States
MileHighTy,"Denver, CO",Colombia
lizzy becker,"Tallahassee, FL",America
Shahadat,Bangladesh,Bangladesh
Xavier McKnight,"Spartanburg, SC",Seychelles
Juicy J,"Maryville, TN",Tunisia
Real Ball Insiders,United States,United States
Adrian McRae,"Wadesboro, NC",New Caledonia
Max Brown,"Oklahoma, USA",United States
a1WeirdSavageˇ©…©…,"Mississippi, USA",United States
Colby Heaton,"Hot Springs, AR",Argentina
Jane & Finch Classic,"Jane and Finch, Toronto",Canada
AllZay&™,"Atlanta, GA",Gabon
JC Black,"Tallahassee, FL",America
jmon ©…©…,"California, USA",United States
Tanner Muchmore,"Cheyenne, WY",America
Mauro Vakanjac,"Compton, CA",Canada
Michael,"Los Angeles, CA",Canada
Martin Dyan,United Kingdom,Jersey
Brayden Stewart,"Belleview, FL",America
Sascha Shmairian,"California, USA",United States
Jeremy Blackburn,"New Orleans, LA",Lao People's Democratic Republic
Michelle Kazmer,"Tallahassee, FL",America
Demetri Moore ©…©…,"Tyler, TX",America
Darryl Buckets,"Baltimore, MD",Moldova
BALLGAME FRANKLIN,"Ohio, USA",United States
The Senator,"Denver, CO",Colombia
Laaitie van dieDelft,"Cape Town, South Africa",South Africa
Alex Sobin,"Kherson, Ukraine",Ukraine
Katelynne Newman,"Denver, CO",Colombia
emily,London,United Kingdom
We Gon See ( 10 - 8 ),"Indianapolis, IN",India
harpojim,"Dublin City, Ireland",Ireland
Catherine Steenkeste,Paris,France
Christian Dudley,Indiana,America
Joseph Ciancimino,"Staten Island, NY",America
Sanford Pentagon,"Sioux Falls, SD",Sudan 
Lil ©…©…,"Colorado, USA",United States
Arbit,"Baltimore, MD",Moldova
Austin Murphy,NYC,America
Alex,United States,United States
#1,"Denver, CO",Colombia
Zack Rewis,"Central, FL",America
Chris Soult,London,United Kingdom
Lauren,"Birmingham, UK",United Kingdom
Jayvon Newsome,"Fresno, CA",Canada
mohammed almadhlouh,"Denver,Colorado ",America
Derrick Creeks,"Texas, USA",United States
NBA UK,"London, UK",United Kingdom
F2G,"Miami Beach, FL",America
Lane the Catch Kirk,"Monroe, MI",America
Dan,"Philadelphia, PA",Panama
William Brooks,"Roanoke, VA",Holy See
Erick Falk,Argentina,Argentina
95Baby931Daily©…©…,"Fayetteville, TN",Tunisia
NgNS*,USA,United States
zack ©…©…,"Tallahassee, FL",America
Tyoneer,"Seattle, WA",America
Andrew Morris,"Greeley, CO",Colombia
Tech Exposed,"Hyderabad, India",India
jesus moya sos,"Melilla, Spain",Spain
NolimitDub,"Chester, PA",Panama
brandon suarezU&,United States,United States
LongLiveSolo©…©…©…©…,"Bay Minette, AL",Albania
The Panda's Barn,"Highland Park, NJ",America
Christian Ronald,United Kingdom,Jersey
Cameron Mullins,"Johnson City, TN",Tunisia
Young Gallo,"Mayagez, Puerto Rico",Puerto Rico
Jacob Pelio,"Columbus, OH",America
Scott Baer,Atlanta,America
LTMusiq,Louisiana,America
Clay,United States,United States
dache,"Jackson, MS",Montserrat
zues,Canada,Canada
Alijiah Robinson,"Seattle, WA",America
Kyrie Irving Freak,"Boston, MA",Morocco
Aja (ah-juh©…©…),"Athens, GA",Gabon
Green Gold Buckets©…©…,"St Augustine Beach, FL",America
Carlos Conyers Jr,"Florida, USA",United States
ERICK FALK,Argentina,Argentina
kiddhooper97,"Hammond, IN",India
1™ CHUNN,"Highland City,FL",America
Artavis Payne,"Birmingham, AL",Albania
too tall t,"Charlotte, NC",New Caledonia
Qasim Sirkecioglu,"Maryville, TN",Tunisia
Ricky Tuck,"Greenville, SC",Seychelles
Younging,"California, USA",United States
Iz Kelly,"Colorado, USA",United States
Sir Champ,"Denver, CO",Colombia
Peter D. Minetos,"Atlanta, GA",Gabon
Kenny Chandler,"Tuscaloosa, AL",Albania
h&™&™,"Atlanta, GA",Gabon
D1Premier,"Texas, USA",United States
Ryan Goudschaal,"Crystal Lake, IL",Israel
Dig In Denver,"Denver, CO",Colombia
Ryan Nicholas,Tallahassee,America
Renisa,"Bridgeport, CT",America
Monks,CA,Canada
Harper Hempel,"Lexington, KY",Cayman Islands (the)
Jacqueline LaBayne,"Boca Raton, FL",America
Rodney Divine,"Derby, England, UK",United Kingdom
Matthew Bonilla,"Windsor, CO",Colombia
Jesse Garcia,"Colorado, USA",United States
FullPK.com,Pakistan,Pakistan
Mark D©…©…,"Rocky Mount, NC",New Caledonia
Ke'Andre Cross,"Greenwood, MS",Montserrat
Provision Sports ,"Hamden, CT",America
YounG MoT,"Arlington, Texas ",America
SOCCER HOUSE,"Santiago de Surco, Peru",Peru
Jaylen Stewart,"Johns Creek, GA",Gabon
Manny Marm ©…©…©…©…,"Tampa, Florida",America
Taliyah Clark,"Washington, USA",United States
LONGLIVE_ZAY,"Connersville, IN",India
Anthony Noto,"Walworth, NY",America
'Jy GL©…©…r0,"Orangeburg, SC",Seychelles
SoopahStar!!,"Colorado Springs, CO",Colombia
Derek,"Denver, CO",Colombia
Alexis Freman (Lex),"Portland, OR",America
Kiel Baptiste,"Plantation, FL",America
dylansharkey,"Los Angeles, CA",Canada
©…©… NBA,"Springfield, MA",Morocco
Nick C,"Charlotte, NC",New Caledonia
dboston productions,"Texas, USA",United States
Micd'™©…©…,"Florida, USA",United States
Crawford Trask,"Tampa, FL",America
Alicia,"Denver, CO",Colombia
GUMBE YT,Georgia,Georgia
Jordan Drummond,"Oakleaf Plantation, FL",America
Bruce Field,"Atlanta, GA",Gabon
Massii,"Caseros, Argentina",Argentina
taylor cahoon,"Tampa, FL",America
NoiXx,Puerto Rico,Puerto Rico
FUCKNER,"Denver, CO",Colombia
Jc Santiago,"Dracut, MA",Morocco
2Chhayzz,"Houston, TX",America
Tyler Mapleback,"Golden, CO",Colombia
Reid Plimpton,"Union, Maine",America
MarQuis Trill,"Atlanta, GA",Gabon
Ben,"New Jersey, USA",United States
Malik 7,"Chicago, IL",Israel
k.juiced,"Chicago, IL",Israel
Bre Jones,"Warner Robins, GA",Gabon
Erik Momotyuk,"Colorado Springs, CO ",Colombia
Ashanti Hilton,"Wisconsin, USA",United States
Sharon Martinez,"Denver, CO",Colombia
Wade Ridley,"Pueblo, Colorado",America
UrbanUniverse,"Orlando, FL",America
Young Escobar,"Sioux City, IA",America
Last.kings,"Atlanta, GA",Gabon
BMinor,"Houston, TX",America
Joe Kornegay,"Syracuse, NY",America
_HairForceToo,Singapore,Singapore
Eddie Murphy,"Lake Butler, FL",America
KingSkittz,"Morrow, GA",Gabon
hunter crews,"Bonifay, FL",America
Teespring,"New York, USA",United States
Philip Kiemel,Colorado,America
Dr. Troy Willis,"Louisville, KY ",Cayman Islands (the)
Bryce Harris,"Brentwood, NY",America
Ethan lyons,United States,United States
Charlie Bach,"Rayne, LA",Lao People's Democratic Republic
T15v ©…©…,"New York, USA",United States
JJ Lord,"Longmont, CO",Colombia
Nijon Kirkman,United States,United States
Chris_22,"Florence, SC",Seychelles
Black In Maryland,Maryland,America
Michael Wright 2020,"Decatur, GA",Gabon
Panagiotis Mpakos,"Los Angeles, CA",Canada
Josh Saavedra,"Phoenix, AZ",Azerbaijan
jordan dixon,"Palm Beach Gardens, FL",America
Connor Boots,Colorado ,America
JANHQM,"Girona, Spain",Spain
Mitch Carter,"Boulder, CO",Colombia
Christina,"Delta, CO",Colombia
Julia Goldsmith,"Hayward, CA",Canada
Sean Walsh,"Denver, CO",Colombia
Brady Plunkett,Jersey ,Jersey
ˇ™,"Texas, USA",United States
Chaise,"Colorado Springs, CO",Colombia
Mike Petersen,"Reunion, CO, United States",United States
Emanuel Soto,"Puerto Rico, USA",United States
Eagle Sgypdnt,United States,United States
Boombastics,"Minneapolis, MN",Mongolia
Brian Franklin,"Johns Creek, GA",Gabon
Logan Chase Burgess,"Florida, USA",United States
AhkemT©…©…©…©…©…©…,"Hattiesburg, MS",Montserrat
©…©…©…©…boricua303©…©…©…©…,"Denver, CO",Colombia
3 Guys Pies - Denver,"Denver, CO",Colombia
aaron slaughter,Denver,America
Rodney Hoefs-Hutter,"Fort Collins, CO",Colombia
Riley Freeman,"Salt Creek, CO",Colombia
Nick,CO,Colombia
johnny,California,America
Rok Kopp,Denver,America
Omar Sekou,"Grand Junction, CO",Colombia
Jonathan Webb,"Alcoa, TN",Tunisia
K.©…©…©…©…,"Illinois, USA",United States
Scott Rosenberg,Colorado,America
Kimmy!,"Centennial, CO",Colombia
Dennis Poole,"Gainesville, GA",Gabon
Jer,"Greeley, CO",Colombia
Jesse Ranney,"Salt Lake City, UT",America
Robson Friend,"Chicago, IL",Israel
Sterling Anderson,"Lakewood,Colorado",America
Jake Chavez,"Denver, CO",Colombia
Kendall Dillard,"Virginia Beach, VA",Holy See
Tyrek McNeil,"Winston-Salem, NC",New Caledonia
Brady Billings,"Marion, VA",Holy See
Klowee ©…©…,"Franklin, KY",Cayman Islands (the)
Melissa LaRose,"Sarasota, FL",America
Manuel Muoz,United States,United States
Special Olympics CO,"Englewood, CO",Colombia
Sharif D. King Info,"New York, USA",United States
Jaylen Turner,"Indianapolis, IN",India
Brooke Shepherd,"Colorado Springs, CO",Colombia
leland_redfield,"Colorado, USA",United States
Brendell Bermingham,"New York, NY",America
NugSesh,"Brisbane, Australia",Australia
GAITorade,"San Diego, CA",Canada
Brody Csikos,"Littleton, Colorado",America
gus oswald,"Miles City, MT",Malta
Jeff Harmeyer,"Cincinnati, OH",America
CubanBenny,Colorado,America
Andy Lindahl,Denver,America
Nick Yuska,"Berthoud, CO",Colombia
lin duran,Colorado,America
Dakta LrsMn,ND,America
adriana,"Denver, CO",Colombia
foz,Denver,America
Colorado Sports Talk,"Colorado, USA",United States
Nathan Ducey,"Denver, CO",Colombia
On the Rocks Sports,"Denver, CO",Colombia
Shovanistpigs,"Chicago, IL",Israel
yk_.bigbee,"Shreveport, LA",Lao People's Democratic Republic
Brotherhood Studios,"Melbourne, Australia",Australia
NinjaBuzz,"Denver, CO",Colombia
Georgia peach ©…©…©…©…©…©…,"Cumming, GA",Gabon
Perfect Feet,"New York, USA",United States
Natasha Brophy,"Denver, CO",Colombia
Chris Shelton,Denver,America
L'Nickolas CorryL',"Shelby, NC",New Caledonia
Brandon Beardsley,"Los Angeles, CA",Canada
Chaz78,Colorado,America
AK Basketball,"Charlotte, NC  ",New Caledonia
Sam,"New Orleans, LA",Lao People's Democratic Republic
kdjxjxnxj,"Illinois, USA",United States
Ryan Roman,"Colorado Springs, CO",Colombia
Malcolm B,"Dreamville, USA ",United States
Diyorjon Khakimov,"Brooklyn, NY, USA",United States
Connor Howe,"Golden, CO",Colombia
Kovu,France,France
TEAM SAMMYY02K©…©…,"Oregon, USA",United States
"Chazten!""","Arlington, TX",America
SportsbyCaleb,"Denver, CO",Colombia
Noah Worrell,"Walkertown, NC",New Caledonia
Tone Henderson,"New Jersey, USA",United States
Tyler Baron,"Seattle, WA",America
Kortez Toles,"Michigan, USA",United States
Zy'Shonne Burch,"Pennsylvania, USA",United States
Shoe Lover,"California, USA",United States
Bryceton©…©…©…©…,"Dublin, GA",Gabon
Vick Johnson,United States,United States
拱伟0职榘冒0,Argentina,Argentina
pity alvarez,"Buenos Aires, Argentina",Argentina
Matthew Matlack,"Tulsa, OK",America
bobby brannon,"Mercer, PA",Panama
Jcobie Henderson,"Florida, USA",United States
dnice 23,"North Carolina, USA",United States
La TrapBoy,"Winter Haven, FL",America
Thiarles.,"Pelotas, Rio Grande do Sul, BR",Brazil
.travis.yml,"Denver, CO",Colombia
Jaulon Kelly Peoples,"Detroit, MI",America
CoachMike,"Atlanta, GA",Gabon
Dondada©…©…©…©…,"Atlanta, GA",Gabon
JeLLyfam_5,"St Augustine, FL",America
NinaMuzic,"Detroit, MI",America
AthletiQA.com,"California, USA",United States
Jamad Willis,"Moultrie, GA",Gabon
CBA Academy,"Greensboro, NC ",New Caledonia
Kelli Schaneville,"Viera, FL",America
Jalen Rose,"Detroit, MI",America
Zander_SaveTheCrew,"West Virginia, USA",United States
brent,United States,United States
Blake Armstrong,"Denver, CO",Colombia
Manuel Muoz,United States,United States
BOOGiE©…©…©…©…©…©…,"Croydon, London",United Kingdom
Phil'son,Morocco,Morocco
Myles Andriopoulos,CT,America
™colton,"Cleburne, TX",America
Garrett Howitt,"Lincoln, NE",Niger
Stefano Fox,"Bolzano, Italy",Italy
Shawn,"Denver, CO",Colombia
Tyrell,"Rogers , AR",Argentina
#EL-HEATOW',"Wichita, KS",America
NBATheShow,"Boynton Beach, FL",America
AdrianLeong,Malaysia,Malaysia
PostManDeuce©…©…,"Louisiana, USA",United States
Ethan Kelly,"Dublin City, Ireland",Ireland
Clayton Bernard,"Denver, CO",Colombia
Michael Redman,"Denver, CO Cheyenne, WY",America
Cody The Baller ©…©…,Idaho,America
Susan Ortiz,"Warren, MI",America
NOLA Noles,"New Orleans, LA",Lao People's Democratic Republic
Dustin,"Seattle, WA",America
DJ Tucker ©…©…,"Boynton Beach, FL",America
Cesar Escobedo,"Denver, CO",Colombia
Tj©…©…©…©…,"Florida, USA",United States
Logan Spence,"Cleveland, TN",Tunisia
Besmircher,"Dallas, TX",America
mach5potato,"Nebraska, USA",United States
BeardedGamer919,"Durham, NC",New Caledonia
Alumni Hall FSU,"Tallahassee, FL",America
Marquis©…©…©…©…,"Marianna, FL",America
John Tsuei,"New York, NY",America
Derek George,"Aurora, CO",Colombia
zyyyyy(',"Georgia, USA",United States
Dave McIntire,Denver,America
Graeme Dowie,London,United Kingdom
Kyle Eisenhart,"Florida, USA",United States
Scott,"Allentown, PA",Panama
Michael 8-74,"Daytona Beach, FL",America
Abner Ortega,"Puerto Rico, USA",United States
Hassan,United Kingdom,Jersey
Zay,"Tulsa, OK",America
Mehmet Melik,"Alt1nda, Ankara",Turkey
Mariash,"Sydney,Australia",Australia
Kenzos_customs ©…©…©…©…,Colorado,America
Omaha Talons Academy,"Omaha, NE",Niger
Baillee Jones,"Geelong, Australia",Australia
Jesse McMahon,"Denver, CO",Colombia
©…©…Nykolee ©…©…,"Palmdale, CA",Canada
Isiah Curry,"Georgia, USA",United States
Austin Brown,"Westminster, CO",Colombia
RayHawk&©…©…,"Oakland, CA",Canada
Peter Huguenin,"Boise, ID",Indonesia
Josh Pranckun,"Colorado, USA",United States
gabri, Rio de Janeiro,Brazil
revolijh,"Oakland, CA",Canada
"Jalen Lamar!""","Macon, GA",Gabon
K,CO,Colombia
CashyArtz,"Carrollton, GA",Gabon
Nick Fleming,"Alpharetta, GA",Gabon
deleted ©…©…,"Pennsylvania, USA",United States
AJ Jackson,"Romulus, MI",America
Kayvon Harris©…©….,"Donaldsonville, LA",Lao People's Democratic Republic
derek kurnitsky,"Orange Park, FL",America
Evelyn,"Puyallup, WA",America
Mick,FL,America
Dollarsign1,"Ravenswood, WV",America
shellew,"Los Angeles, CA",Canada
©…©…©…©…©…©…睛™,"Atlanta, GA",Gabon
Adrain Liles,"Wadesboro, NC",New Caledonia
Chlo,"Nantes, France",France
Mike Joseph 1™ 5™ ©…©…,"Hollywood, FL",America
Altitude Radio Net,"Denver, CO",Colombia
Gilberto Paulo,"Fortaleza, Brazil",Brazil
Terrill Rose,"Los Angeles, CA",Canada
Alex Sims,"Oakwood, GA",Gabon
Rashawn anderson,"Chicago, IL",Israel
Jess Teesdale,"Denver, CO",Colombia
Fade Reyes,Massachusetts,America
nedyo k.©…©…,Bulgaria,Bulgaria
Andrew,"Aurora, CO",Colombia
Samaki Walker,"Los Angeles, CA",Canada
Willy Hernangmez,Madrid,Spain
js,United States,United States
Jacob Scott Britt,"Jayess, MS",Montserrat
Xavier J,"North Miami Beach, FL",America
K2P4,"Farmers Branch, TX",America
Jordan Rees,"Las Vegas, NV",America
Lenny Newkers,"Long Beach, CA",Canada
Denver Nuggets FR,"Denver, Colorado",America
El Duderino ©…©…©…©…,"Choctaw, OK",America
Danielle Battle,Indianapolis ,America
#LavyBabe vs Vegeto,"Ohio, USA",United States
Shohelrana,Bangladesh,Bangladesh
Wade Schamberger,"Denver, CO",Colombia
Samado_makhlouf,Algeria,Algeria
k r e a t u r e ESQ.,"Newport Beach, California ",America
Fanduel Bomb Lineups,"Miami, FL",America
Mitchell Carroll,"Denver, Colorado",America
Colin Gerstner,"Billings, MT",Malta
Tevin Booker,"Lakeland, FL",America
Andrew Dozer,"Charlotte, NC",New Caledonia
wally,"San Marcos, CA",Canada
Izhar Miles Manzano,"Florida, NY",America
A.J.,"Surprise, AZ",Azerbaijan
Dev©…©…©…©…,"Cedar Park, TX",America
A.wek,"Alexandria, Egypt",Egypt
AVNAH ,"Los Angeles, CA",Canada
jack,"San Diego, CA",Canada
ABE THE GREAT,"Denver, CO",Colombia
3-7 &&©…©…,"Denver, Colorado",America
Kyle K,Denver,America
Justin David Kish,"Tempe, Arizona",America
Kyle Peters,"Philadelphia, PA",Panama
Gabe,"New York, USA",United States
Kolby N,"Iowa, USA",United States
Stiffer Bala,"Chennai, India",India
Kingclown,"Tallahassee, FL",America
Vitor Silva ©…©…©…©…,"Lisbon, Portugal",Portugal
Brandon Balogh,Toronto,Canada
Josephine ©…©…,"Denver, CO",Colombia
Billy,"Colorado, USA",United States
Steven Ayuso ©…©…,"Puerto Rico, USA",United States
Richard Eugene Ruiz,"Denver, CO",Colombia
Callan,"Denver, CO",Colombia
Jake Morris.,"Melbourne, AUS",Australia
Luis23,Madrid,Spain
The FFEJ,Iowa,America
[&,"San Jose, CA",Canada
Nicolas Busquet,"Denver, CO",Colombia
Henry Chisholm,"Missoula, MT",Malta
Moises Jr,Canada,Canada
L Boi 2,"Westminster, Colorado",America
Rodolfo,"Texas, USA",United States
$hunn Buchanan,"Durant, MS-Las Cruces,NM",America
CMAC,"East Lyme, CT",America
©…©…RLD THE SQUAD ©…©…,"New Jersey, USA",United States
Deontae Sims,"Milwaukee, WI",America
Jusuf Nurki,Bosnia and Herzegovina,Bosnia and Herzegovina
"Mr. Versatile !""","Omaha, NE",Niger
Brandon Hunter,"Kentucky, USA",United States
Hasten Beamer,"Phoenix, AZ",Azerbaijan
Ariana,United States,United States
Novembers Very Own,"Clarksville,TN",Tunisia
NBA Portugal,Portugal,Portugal
Lon Hendrickson,"Colorado Springs, Colorado",America
Michele M.,Italy ,Italy
David Wilson,"Chicago, IL",Israel
Nick Quirk,"Lindenhurst, NY",America
Ronald Fletcher,"Omaha, NE",Niger
Adam Barnes,"Lincoln, NE",Niger
Justin Kimbrell,"Atlanta, GA ",Gabon
Kyler Hallmark,"Denver, CO",Colombia
Scott Sundermann,"Ft Collins, Colorado",America
Melanin Moments,United States,United States
Brandon Russell,"Lawton, OK",America
Trading Card Co-Op,"Raleigh, NC",New Caledonia
Dean DeLisle,"San Francisco, CA",Canada
Preston,"Clinton, SC",Seychelles
Rujan10,United States,United States
Hamish Fasan,"Brooklyn, NY",America
Will Purkerson,"Clemson, SC",Seychelles
Tammy Burton,"Atlanta, GA",Gabon
Adam V.,Denver,America
Leslie,Florida,America
Enrique Shockwave,"Tallahassee, FL",America
BrentLowry …,"Birmingham, AL",Albania
The Starting Five,"New York, USA",United States
Mathew Huff,"Great Falls, MT",Malta
Dominic Simpson,"Denver, CO",Colombia
Jakeevian Ford,"Levelland, TX",America
Maj,GA,Gabon
alexvuckovic30,"San Francisco, CA",Canada
The Crevice,"Manhattan, NY",America
Hendrix &™,"Statesboro, GA",Gabon
Bryce Meeks,"Tallahassee, USA",United States
Frank Wu,"San Francisco, CA",Canada
Alex O'Connell ©…©…©…©…,"Roswell, Georgia",Georgia
Carlos Matsumoto,"Long Beach, CA",Canada
Kenneth Faried,"Denver, CO ",Colombia
Lamar,United States,United States
danilo gallinari,"Los Angeles, CA",Canada
TheDeal-TimothyJones,"Flint Township, MI",America
Kolden,"Wisconsin, USA",United States
(850) 391-9827,"Tallahassee, FL",America
A DanJoerous 1,"Littleton, CO",Colombia
Sarah Song,Colorado,America
Christian Clark,Denver,America
Zach Saunders,"Richmond, VA",Holy See
Spence Heintz,"Denver, CO",Colombia
Panini America,"Irving, TX",America
Seth Curry++,"Boston, MA",Morocco
Bandon Powers,"Memphis, TN",Tunisia
TRI}yAY,"Flora/Ridgeland, MS",Montserrat
Brandon Boston Sr,"Atlanta, GA",Gabon
ger993,"Canelones, Uruguay",Uruguay
easymoneysniper,"Sarasota, FL",America
Dee Richardson,"Horse Cave, KY",Cayman Islands (the)
Buzztap,"Los Angeles, CA",Canada
mason,"Denver, CO",Colombia
Tautvydas Krvelis,Lithuania,Lithuania
Missundaztood,"Charlotte, NC ",New Caledonia
Logan Burns,"Warren, OH",America
day 1 badgers fan,"Jupiter, FL",America
Labron_3,"Cville,GA'™ El Dorado,KS",America
MET Sports Show,"Denver, CO",Colombia
Evan Rogerson,"Chicago, IL",Israel
Pat Tevenan,"Denver, CO",Colombia
Neil Pfeifer,"Broomfield, CO",Colombia
Angelo Cardell,"Oklahoma, USA",United States
Rob Bucher,"Cincinnati, OH/Tallahassee, FL",America
Kyle Killebrew,"Bowling Green, Kentucky",America
e,"Colorado, USA",United States
Michael Zhang,"Tallahassee, FL",America
Izzy … ©…©… ©…©…,"Los Angeles, CA",Canada
Ryleah Lomax,United States,United States
"y all, dont take my tweets seriously  (also 66-44)","Mississippi, USA",United States
MAR.Zoo2,"Chicago, IL",Israel
donovan mcnabb,"Alpharetta, Georgia",Georgia
Me,United States,United States
kids always,"Macomb, MI",America
gregory, Denver,America
Dalton Handy,Denver,America
Kierra Desiree,"South Bend, IN",India
"T   JONES""","East Hill-Meridian, WA",America
Rocversace,"Chicago, IL",Israel
iCame iSaw iSlayed,"Tallahassee, FL",America
Trevor Hammers,"Denver, CO",Colombia
taetaeman,"Milwaukee, WI",America
BSN Nuggets,"Denver, CO",Colombia
Cri©…©…le ©…©…,"Dallas, TX",America
Rahul Thadhani,"Punta Gorda, Belize",Belize
Evan Richardson,"Summerville, GA - Trion, GA",Gabon
Austin Usery,"Edmond, OK",America
NOLIMITSHAMZ,"Brooklyn, NY",America
Joc1™ ,"Homerville, GA",Gabon
Bende,"Budapest, Hungary",Hungary
" K V N G M A R C"" ""","Charlotte, NC",New Caledonia
D money 92,"Florida, USA",United States
Christopher Reive,"Taranaki Region, New Zealand",New Zealand
Aaron Hansen,"Mankato, MN",Mongolia
Logan Clancy,"Charlotte, NC",New Caledonia
©…©…,"St Paul, MN",Mongolia
.,"Queens, NY",America
(Justin),"Bronx, NY",America
David Housewright,"Westminster, CO",Colombia
Mike Spear,Georgia,Georgia
Gunnar Sorensen,"Moorhead, MN",Mongolia
Joey Baker,"Hampton Township, PA",Panama
War McKevitt,"Denver, CO",Colombia
Padon Eckhardt,"Fort Collins, CO",Colombia
Q,"Fairview Park, OH",America
Kory Rautter,United States,United States
Glen Cotton,"Tuscaloosa, AL",Albania
Peter Barker,UK,United Kingdom
Hornets7-9 saints8-2,"Winston-Salem, NC",New Caledonia
JackIsBack,Ljubljana,Slovenia
Stephn Philyaw,"Las Vegas, NV",America
Christian K Rojas,"Provo, UT",America
Wilder Hanley,"Boulder, CO",Colombia
Noah Canup ©…©…©…©…,"Winder, GA",Gabon
Abdiel,"Tampere, Finland",Finland
Zane Lee,USA,United States
Christopher Moon,"Louisville, CO   ",Colombia
maxb,"New York, NY",America
Mean Muggin Duncan,United States,United States
©…©…,"Minneapolis, MN",Mongolia
Delon Hive,Toronto,Canada
Kyle Brnovich,"Forsyth, GA",Gabon
Matt Marvin,"Bloomsburg, PA",Panama
Beau B,"Colorado, USA",United States
Keith Miller,"Deerfield, KS",America
Pito,"East Chicago, IN",India
Josh Frehse,"Middletown, PA",Panama
storm,"San Antonio, TX",America
Mark Bertagnolli,Denver,America
Lyndon Baty,"Knox City, TX",America
Lil Troy, VA,Holy See
Hezekiah Scott,United States,United States
William,"Greece, NY",America
Lil Rondoe,United States,United States
KingRick88 2K17,"Minneapolis, MN",Mongolia
Jalil Whitaker,"Brooklyn, NY",America
jai,"Connecticut, USA",United States
Shopey,"Tennessee, USA",United States
Alfrdo,"Victoria, Australia",Australia
Rosco G. Coldchain,"Jerusalem Corners, NY",America
Mike Stauffer,Ohio,America
SnowGamingTV,"Chicago, IL",Israel
HTOWN/LONZO,"Houston, TX",America
Ronnie 2K 2K18,"Novato, CA",Canada
JC,Colorado ,America
Michael Jaycox,"Denver, CO",Colombia
Philip T. Brown,United States,United States
Nugg Love,"Denver, CO",Colombia
©…©…Dos Zachys Da Beat God©…©…,"Tallahassee, FL",America
Adam Boggess,"Arlington, VA",Holy See
Mark Godsey,"Denver, CO",Colombia
Andrew Longaker,"California, USA",United States
Heidi Munholland,Colorado,America
A Precious Child,Colorado,America
Cascio,Denver,America
Cody,"Denver, Colorado",America
Tavarious Waller ©…©…,"Cleveland, TX",America
Jeffrey Miller,"Denver, Colorado",America
Chris,Australia,Australia
Jayden Gonzales,"Pueblo, CO",Colombia
Jack Brown &™,"Shreveport, LA / Denver, CO",Colombia
mxmBae,"Missouri, USA",United States
Nov.24©…©…©…©…,"Monroe, LA",Lao People's Democratic Republic
Kyle James ©…©…,"El Campo, TX",America
Patryk Chodowski,Malta,Malta
Roc Johnson,"Compton, CA",Canada
=0AR冥浃2,"Leesburg, FL",America
JORDAN UWCB MK,United Kingdom,Jersey
Nicole Furuiye,"Denver, CO",Colombia
