V1,V2,V3
Nicholaz,Denver ,America
Reese Hudson,"Humble, TX",America
Pickled Nippples,"Old Fort, Ohio",America
Jacob Huston,"Fort Worth, TX",America
Denver Nuggets France,France,France
Zach,"Alexandria, VA",Holy See
Trapper Whitney,"Kentucky, USA",United States
Brian Branscum,"Sacramento, CA",Canada
Becca Ziska,"Brook Park/Springfield, OH",America
Estevan Vargas,"Denton, TX",America
Jay,Jersey ,Jersey
Mike Grande,"Collierville, TN",Tunisia
Pete Kennedy,"New York, NY",America
Michael Johnson,Columbus,America
Eddie a Estrada,"Colorado, USA",United States
HOMAGE,"Columbus, OH, USA",United States
iAmKENTUCKY75,"Kentucky, USA",United States
Ethan Toal,"Buffalo, NY",America
Beverly holbrook,United States,United States
Greg Funfsinn,"Lexington, KY",Cayman Islands (the)
Josh Stellflug,"Coeur d'Alene, ID",Indonesia
Kyle Stephen Rini,"Boulder, CO",Colombia
Jonathan Stonecipher,"Colorado, USA",United States
Ryan McIntyre,Canada,Canada
kris Jackson,"Indianola, MS",Montserrat
Abdi shakur,Somalia,Somalia
Mondesir Eddy,Haiti,Haiti
JT Holmes,"Tempe, AZ",Azerbaijan
Brianna Rudisell,"Kentucky, USA",United States
It's A Gray Arya,"Colorado, USA",United States
Ryan Frazier,"Louisville, KY",Cayman Islands (the)
William Jones,"Kentucky, USA",United States
ˇ™,Spain,Spain
hedir ©…©…,"New Jersey, USA",United States
Robert Russell,"Lexington,KY",Cayman Islands (the)
Chad Duran,Colorado,America
Shari Wind,"Boulder, CO",Colombia
cglode,"Denver, Colorado",America
JKDS,United States,United States
Chris Brennan,"San Diego, CA",Canada
Noe Silva,"Denver, CO",Colombia
Stephen Dareau,"Littleton, Colorado",America
Derrick Johnson,"Indianapolis, IN",India
Kenny Lowenberg,Colorado,America
thedreaded_tg,United States,United States
Jake Stephens,"Fort Collins, CO",Colombia
xTayDigital5x©…©…©…©…,United States,United States
Donovan Bemiss,"Bowling Green, KY",Cayman Islands (the)
Lori Peppers,"Braden, TN",Tunisia
Michael Ogle,"Lexington, KY",Cayman Islands (the)
Bridgeporthoops©…©…©…©…™,"Bridgeport, MI",America
Joshua Mitchell,"Northglenn, CO",Colombia
M-Dog,"Ken Caryl, CO",Colombia
Jonah Penaflor,"Colorado, USA",United States
William Parker,"Kentucky, USA",United States
Kujjjj,"Oil City, PA",Panama
Benjamin James Waite,"Denver, CO",Colombia
Jake VanderMeer,"Fort Collins, CO",Colombia
Kevin Herrera,"Denver, CO",Colombia
Kirk Patrick Miller,"Colorado, USA",United States
Alec Jenkins,"Colorado, USA",United States
Garrett Byrd,"Denver, CO",Colombia
Aaron Johnson,Kentucky,America
brian steuber,"Fort Collins, CO",Colombia
Briley Napier,"Kentucky, USA",United States
Levi S.,"Denver, CO",Colombia
Noah,"Ohio, USA",United States
Carly,"Kentucky, USA",United States
Nathan Kramchynski,"Calgary, Alberta, Canada",Canada
Foxy Sports Gal,"The Deep South, USA",United States
Ben Taft,"Cold Spring, MN",Mongolia
LUB,"Denver, CO",Colombia
Erik Brooks,"Montgomery, TX",America
Finesse_83,"Denver, Colorado",America
givemesumnugs,"Colorado, USA",United States
Michael Oosterhouse,"Denver, CO",Colombia
Raven,United States,United States
Rob Korbel,"Denver, CO",Colombia
Brandon Jordan Brown,"Portland, OR",America
Jake Stone,"Highlands Ranch, CO",Colombia
Santito,"Denver, CO",Colombia
Tim Burch,"Springfield, IL",Israel
Teron Arrington,"Houston, TX",America
Chris Hensley,"Richmond, KY",Cayman Islands (the)
Jake Biltoft,"Spartanburg, SC",Seychelles
"$zn 18, p. 195 ©…©…","Mountlake Terrace, WA",America
CatherineSchwinn,"Indiana, USA",United States
The prodigy,"Los Angeles, CA",Canada
Felipe Castilho,"Rio de Janeiro, Brazil",Brazil
Jarvis Family Medical Services PLLC,"Louisville, KY",Cayman Islands (the)
Andrew Roberts,"Joplin, Missouri",America
Martina Martin,USA,United States
Balachandram,"Auburn Hills, Michigan",America
Kaylyn,AR,Argentina
5_Uf,"Tokyo-to, Japan",Japan
Nana Nketiah,"Sunyani, Ghana",Ghana
George Jia,"Madison Wisconsin, USA",United States
Kenneth C. Dunn Sr.,KY,Cayman Islands (the)
Hui Li,"Kentucky, USA",United States
Rogul Vikas,India,India
Tavis Smith,"Detroit, MI",America
Matt Burger,"Louisville, KY",Cayman Islands (the)
Jared Wethington,"Nashville, TN",Tunisia
funky dialed,"Mount Washington, KY",Cayman Islands (the)
Landon Kiser,"Kentucky, USA",United States
Sarah Clements,"St Matthews, KY",Cayman Islands (the)
IDontFuckWitUNiggahs,"Kenosha, WI",America
Carla Griesch,"Lexington, KY",Cayman Islands (the)
Scott Roberts,"Kentucky, USA",United States
jamalimni62@gmail.com,"Agadir, Morocco",Morocco
Capri_Sun,"Louisville, KY",Cayman Islands (the)
Elliott Wall,"England, United Kingdom",Jersey
Elder Donald French,"Clearwater, FL",America
MyHeartAtHome,"Louisville, KY",Cayman Islands (the)
jeremiah,"Spring, TX",America
The Backcourt Podcast,"Louisville, KY",Cayman Islands (the)
Dian chaney,"Louisville, KY",Cayman Islands (the)
JadenDashea,"Kentucky, USA",United States
Chris Rebac,"Louisville, KY",Cayman Islands (the)
James hornback,"Indiana, USA",United States
Lisa Dieudonne,"Kentucky, USA",United States
Djay©…©…,"Georgia, USA",United States
Jerry Whitney,"Franklin, KY",Cayman Islands (the)
3 - 13 lol,"Colorado, USA",United States
Jen Menary,"Denver, CO",Colombia
joseph,"Jeffersontown, KY",Cayman Islands (the)
Casper,"Los Angeles, CA",Canada
Karen Abrams,"Kentucky, USA",United States
WakaFlakadopolous,"Denver, CO",Colombia
Brian Brisnehan,"Denver, CO",Colombia
Peter Rossi,Denver,America
Jacob Cantrell,"Parma Heights, Ohio",America
Aaron Ward,"Kentucky, USA",United States
ShooterLike30©…©…,"Florida, USA",United States
Donovan Lopez,"Colorado, USA",United States
Bree Valdez,"Denver, Colorado",America
Aaron Rivera,"Denver, CO",Colombia
Oscar Proud,"Fort Mitchell, KY",Cayman Islands (the)
Kevin,"Lakewood, CO",Colombia
Kurt Brockman,"Kentucky, USA",United States
Rachel Stratton,"Lexington, KY",Cayman Islands (the)
Kiaorie Stewart,"Denver, CO",Colombia
Kaysee Eckles,United States,United States
©…©…,"Colorado, USA",United States
Mac McIntyre,"Salem, IN",India
H,New Zealand,New Zealand
Lizzeth Lopez,"Colorado, USA",United States
Marc Bellefeuille,Toronto,Canada
Kalipso Mede,Haiti,Haiti
The Band Wagon,United States,United States
corrion hazelwood,"Frankfort, KY",Cayman Islands (the)
Koolaid,"Hopkinsville, KY",Cayman Islands (the)
Brandon Singleton,United States,United States
Norman Xavier,"Maryland, USA",United States
Cheryl Ledbetter,"Kentucky, USA",United States
Evan Summers,"Willow Park, TX",America
Diego martinez,"Thornton, CO",Colombia
Gman,United States,United States
,"Toledo, OH",America
Jesse Santana,"Colorado, USA",United States
G's,"Morganfield, KY",Cayman Islands (the)
Matty Havlik,United States,United States
Illuminated Vampire,"Saint Louis, Missouri",America
James Shafer,"Charleston, WV",America
SosaBaby787,"Rome, NY",America
Mary Galus - Realtor,"Nicholasville, KY",Cayman Islands (the)
Chxddyboi,"Laramie, WY",America
Lafayette Girls Lacrosse,"Kentucky, USA",United States
Olena Ramsey,"Middlesborough, KY",Cayman Islands (the)
@US01LV@NASA.GOV,"Jeffersontown, KY",Cayman Islands (the)
Steven Acosta,"New York, USA",United States
Amare Smith,"Huntington, WV",America
Andrew©…©…,"Louisville, KY",Cayman Islands (the)
Russell Fiori,"Chicago, IL",Israel
Abdul Sodhi,India ,India
Taylor Doty,"Weiser, ID",Indonesia
Capital Day,"Frankfort, KY",Cayman Islands (the)
Abbey Smiley,"Louisville, KY",Cayman Islands (the)
Kuntry (KBMG),"Kentucky, USA",United States
Jordan Cunningham,"St. Petersburg, FL",America
Leon Li,China,Hong Kong
Ryan Taylor,"Louisville, KY",Cayman Islands (the)
Acme,"Clemson, SC",Seychelles
DevonMoBuckets©…©…©…©…©…©…,Illinois,America
Ellen Bohannon,"Kentucky, USA",United States
Tina Easley,Kentucky,America
YoitsDomo©…©…,"Louisville, KY",Cayman Islands (the)
___TreyJordan___,"Ohio, USA",United States
Chris,"Lexington, KY ",Cayman Islands (the)
Clay Rehmel,"Versailles, KY",Cayman Islands (the)
erika valeriano,"Greeley, CO",Colombia
Robert Sacco,"Easton, MA",Morocco
kaite,"Ontario, Canada",Canada
Dpr[sin,United States,United States
Dezyre,"Denver, CO",Colombia
B.Smither,"Winchester, KY",Cayman Islands (the)
Denise Wells,United States,United States
Wellington Burns,"Pensacola, FL",America
Shirley Brown,"Warsaw, KY",Cayman Islands (the)
Todd,"Lexington, KY",Cayman Islands (the)
MarvinDubose,"Ohio, USA",United States
Madison,"Monument, CO",Colombia
Stephen Vandiver,"Fern Creek, KY",Cayman Islands (the)
gregori gonzalez,Colorado ,America
Sarah Herberger,"Louisville, KY",Cayman Islands (the)
RP,"Greeley, CO",Colombia
Pjverb,"Kentucky, USA",United States
Local Blogger Ronnie K,"Denver, CO",Colombia
Mel Cui,Riyadh,Saudi Arabia
Katie Romans,"Kentucky, USA",United States
Orion Kangas,"Hopkinsville, KY",Cayman Islands (the)
Naomi,"Kentucky, USA",United States
Tyranda Lynn Stuart,"Owensboro, KY",Cayman Islands (the)
Gary Cockriel,"Kentucky, USA",United States
Marissa Hope Rice,United States,United States
Serafinaannrobison,"Radcliff, KY",Cayman Islands (the)
Kaitlyn,"Kentucky, USA",United States
will martin,"Kentucky, USA",United States
Malia kelly,"Florence, KY",Cayman Islands (the)
Brandon Thomas,"Atlanta, GA",Gabon
Sarah James,"Indiana, USA",United States
Nhan Vu,"San Diego, CA",Canada
Van Wortmann,"Evanston, IL",Israel
Dwayne McClendon,"California, USA",United States
Abdulaziz,"New York, USA",United States
Ryan Johnson,"Rohnert Park, CA",Canada
WelchGawd,"Mile High City, Colorado",America
ManiCart,"Kentucky, USA",United States
Bryan Pierce,"Somerset, KY",Cayman Islands (the)
Chris Johnson,"Owensboro, KY",Cayman Islands (the)
Chase Aiden & Dad,"Colorado, USA",United States
Bobby,United States,United States
David Williams,"Kentucky, USA",United States
Tarek Youssef,"Boulder, CO",Colombia
Samantha Decker,"Louisville, KY",Cayman Islands (the)
Aaron RaShawn,"Hartford, CT",America
Dr. Aidan Colmore,"Jeffersonville, IN",India
Kimi Jarrett,"Louisville, KY",Cayman Islands (the)
Kyle Trotter,"Florence, KY",Cayman Islands (the)
Keith C. Wyatt,"Henderson, CO",Colombia
Jake Wheat,"Louisville, KY",Cayman Islands (the)
Amanda Hunt,"Kentucky, USA",United States
Gum,United States,United States
Juan Jaramillo,"Florence, KY",Cayman Islands (the)
Tina Tackett,"Berry, KY",Cayman Islands (the)
joe,"Beaverton, OR",America
Trinity,"Kentucky, USA",United States
Brandon Tyler Mccoy,"Smithville, TN",Tunisia
Joe Chapman,"Mount Horeb, WI",America
Philippe Gustavo©…©…©…©…,France,France
Cory Dillmann,"Louisville, KY",Cayman Islands (the)
Devin,"Tulsa, OK",America
Chelsea Swagner,"Colorado, USA",United States
Cazzie lynn,Colorado,America
Fabian Garcia,"Pomona, CA",Canada
John Elias,"Kentucky, USA",United States
Ratio Willis,"Louisville, KY",Cayman Islands (the)
Dylan Glickstern,"New York, NY",America
Kevin GOAT Durant,"Portland, OR",America
Tony Casnellie,"Taylor Mill, Kentucky",America
Ellis Sims,"Louisville, KY",Cayman Islands (the)
Tony,"Jeffersontown, KY",Cayman Islands (the)
Matt McClintock,"Pennsylvania, USA",United States
Jordan©…©…,"Akron, OH",America
Juan,"Kentucky, USA",United States
Heather E©…©…,"Kentucky, USA",United States
Clarence Davis,United States,United States
Kresta Wilson,"Lexington, KY",Cayman Islands (the)
Ramiro Garcia Benito,"Shelbyville, KY",Cayman Islands (the)
Gavin Fleitz,USA,United States
Harold Fitzgerald,United States,United States
Titouan T.,"Bordeaux, France",France
Drew Fishman,"Oxford, OH",America
Jasmine J. Lairsmith,"Denver, CO",Colombia
Gainster,"Mount Washington, KY",Cayman Islands (the)
Dalton Wright,"West Virginia, USA",United States
SCOUT,"Louisville, KY",Cayman Islands (the)
Cheryl Shuman,"Beverly Hills, California",America
Donna Wilson,"St. Clair Shores, Michigan",America
Jay D. McCallum©…©…©…©…,"Edinburg, TX",America
Jesse Westover,"Rapid City, SD",Sudan 
MOTHER FUCKER,"Albuquerque, NM",America
Bilal stanford,"Missouri, USA",United States
Nebojsa Nash Popovic,"Rochester Hills, MI",America
Tammy Brown,"Louisville, KY",Cayman Islands (the)
Jerson Sapida 2K,"Novato, CA",Canada
Jeremy Sebastian,"Erlanger, KY",Cayman Islands (the)
Kevin Kade Bauer,"Louisville, KY",Cayman Islands (the)
BaconBoi,"Kentucky, USA",United States
Patron Papi ©…©…,"Denver, CO",Colombia
niyaboo d'™,"Louisville, KY",Cayman Islands (the)
E.Cole,"Bethel, CT",America
Franklin,"Kentucky, USA",United States
Erin Spaulding,"Kentucky, USA",United States
Shea Morgan©…©…,"Pine Grove, PA",Panama
RogueJRogue,"Zompton, IL",Israel
Ryan Swisher,United States,United States
SFC FoodPantry INC.,"Arkansas, USA",United States
Mitchell,"Shepherdsville, KY",Cayman Islands (the)
Toni dugle,"Shelbyville, KY",Cayman Islands (the)
William Wesley,"Newark, NJ",America
Tahj,"Newark, NJ",America
Terrie,"Lakeview Heights, KY",Cayman Islands (the)
Tre Dwayne Kent,"Arvada, CO",Colombia
LDeCruz,"Kentucky, USA",United States
Rodney,"Oakland, CA",Canada
Andrew Carter,"Kentucky, USA",United States
dualgamer,"Somerset, KY",Cayman Islands (the)
Zachary Janes,United States,United States
Ford Fotography,"Bowling Green, KY",Cayman Islands (the)
Jason Levy,"Colorado, USA",United States
"Amos ""Nick"" Judd","Mount Washington, KY",Cayman Islands (the)
luke,"Kentucky, USA",United States
Chum.,"Jakarta, Indonesia",Indonesia
Abood Alhomse,"Louisville, KY",Cayman Islands (the)
Mike Ju,"Kentucky, USA",United States
The Hidden Homestead,"Kentucky, USA",United States
Paije Hodge,"Louisville, KY",Cayman Islands (the)
Hailo (',"Houston, TX",America
Jeff Hancock,"Frankfort, KY",Cayman Islands (the)
Brother Kwan,"Brooklyn, NY",America
Genesyn,"Lexington, USA",United States
Cruz ©…©…,"Colorado, USA",United States
Paul Poor lll,"Leicester, NC",New Caledonia
Tracey Nobel,"Morrison, CO",Colombia
Robb Ashby,"Denver, Colorado",America
Alfredo,"Louisville, KY",Cayman Islands (the)
charlie tell,"Granville, OH",America
Dom Watts,"Scotland, United Kingdom",Jersey
Kelsey Jo,"Breckenridge, CO",Colombia
Jordan Harm,"Fort Hood, TX",America
onlygetoneshot,"Syracuse, NY",America
Doris Gary Lawson,Kentucky,America
Richkingz,"Victoria, TX",America
Namek,"Kentucky, USA",United States
©…©…,"Denver, CO",Colombia
Aggelos K.,"Los Angeles, CA",Canada
Zoey Thompson,"Elizabethtown, KY",Cayman Islands (the)
Carter Delloro,"Waterbury, CT",America
Kellen Dossett,United States,United States
Dalton Miller,"Kentucky, USA",United States
HaveVolsScored_A_TD?,"Knoxville, TN",Tunisia
Den,"Queens, NY",America
Austin Carpenter,"London, KY",Cayman Islands (the)
DFSAmatuer,"Denver, CO",Colombia
Marji Schieve,"Indiana, USA",United States
Exclusive,"Mississippi, USA",United States
Austin Bonacci,"Statesboro, GA",Gabon
Tamara Walters,"Lexington, KY",Cayman Islands (the)
Dustin Lewis,"Georgetown, KY",Cayman Islands (the)
Hope Blevins,"Kentucky, USA",United States
Logan,"Pennsylvania, USA",United States
Sergio,"Catalonia, Spain",Spain
Justin Tetreault,"Newport, VT",America
Jakob Peterson,"Colorado, USA",United States
Kimberley Bowlin,"Frankfort, KY",Cayman Islands (the)
No Comparison,"Rockford, IL",Israel
Benjamin Seo Pita,"Lakewood, CO",Colombia
BabyDraco,"Louisville, KY",Cayman Islands (the)
Cocktails N Convos,"Nashville, TN",Tunisia
Mike J,"Fort Belvoir, VA",Holy See
Bax McClure,Kentucky,America
XanLord Gotti,"Bardstown, KY",Cayman Islands (the)
Jerry McCoy Jr.,"Louisville, KY",Cayman Islands (the)
Michael Grimes,"Darien, IL",Israel
Britton Lynn,"Denver, CO",Colombia
Savanna Bates,"Lawrenceburg, KY",Cayman Islands (the)
Davey Smores,"Kentucky, USA",United States
Dave,"Kentucky, USA",United States
Abdul lee,"Mombasa, Kenya",Kenya
Dounut Face27,"Independence, KY",Cayman Islands (the)
Sebastian Bach,Denmark,Denmark
©…©…,United States,United States
Jack Phillips,"Oshkosh, WI",America
Mrs. T Burns,KY,Cayman Islands (the)
Hunter Hammons,"Ohio, USA",United States
Aiden Streicher,"Wisconsin, USA",United States
FitFoods4U,"Denver, CO",Colombia
Dewember,United States,United States
Brad,"Franklin, WI",America
Michelle Franklin,"Frankfort, KY",Cayman Islands (the)
Triggahappy,Burkina Faso,Burkina Faso
bvqlnct,"Maryland, USA",United States
Mrs. Frankenstein,"Tennessee, USA",United States
CoachBrock80,"Cincinnati, OH",America
Kelli Laws,"Houston, TX",America
EF*51 E57AJ 'D4FBJ7J,USA,United States
Nicholas Grover ©…©…©…©…,"Colorado Springs, CO",Colombia
Bailey Thompson,"Kentucky, USA",United States
Grandpa,"Atlanta, GA",Gabon
Rails Warner,"Claremont, California ",America
sky maxwell,"Kentucky, USA",United States
Chill Palace Sports,"Minneapolis, MN",Mongolia
Lonzo Getting Owned,"Haterville, USA",United States
Colton David Bonin,"Iowa, USA",United States
Drew Weber ©…©…,"Bowie, TX",America
Blue ©…©…,"Kentucky, USA",United States
Brian Watson,"Honolulu, HI",America
Tasha,"Elizabethtown, KY",Cayman Islands (the)
ALEX,"Melbourne, Australia",Australia
Justin Bowen,"Owensboro, KY",Cayman Islands (the)
©…©…Yesica©…©…,"Colorado, USA",United States
Michael Twiss,"Westminster, CO",Colombia
Donnie Hart ©…©…,"Tampa, FL and Denver, CO",Colombia
CO-Sports Network,"Colorado, USA",United States
Tavian,"Chicago, IL",Israel
Tucker Ball,United States,United States
Daiky   ,Dominican Republic,Dominican Republic
Kerrwood Boo,"Durham,NC",New Caledonia
Jeremy Kareken,"Borden, Indiana",America
Ballislife187187,"Beloit, WI",America
Ashlea Alexander,"Dallas, TX",America
NuggetsBlog,Australia,Australia
Jayden Roylance,"Logan, UT",America
Dewey. Snow,"Frankfort, KY",Cayman Islands (the)
Kevin Root,"Denver, CO",Colombia
James Williamson,Colorado,America
Tracy Highley-Jones,KY,Cayman Islands (the)
Phoenix Suns &™,"Phoenix, AZ",Azerbaijan
Bobbijo Kingery,"Louisville, KY",Cayman Islands (the)
Zehren Hilton,"Charlotte, NC",New Caledonia
James D Jenkins,"Louisville, Kentucky",America
Donovan K Byrd," Long Beach, CA",Canada
Josh William Taylor,"Birmingham, AL",Albania
Cameron Rice,"Whitmire, SC",Seychelles
Ali,Guernsey,Guernsey
Deborah Hammonds,"New Jersey, USA",United States
Limbs,United States,United States
Tituz,Indonesia,Indonesia
Miguel Angel,"Puerto Rico, USA",United States
Gabe Ojeda,"Denver, CO",Colombia
Dashawn Palmore,"Florida, USA",United States
Basketball_Boy_909,United States,United States
Dcline,"Denver, CO",Colombia
Denver Chess Club,"2400 s Ash St. Denver, CO",Colombia
Kristen Sharkey,"Buffalo, NY",America
Kyle Flora,"Louisville, KY",Cayman Islands (the)
Kevin Rose Jr,"Atlanta, GA",Gabon
TabHunchoSuns,"Centreville, VA",Holy See
Sam,"Melbourne, Australia",Australia
Logan Lathrop,Iraq,Iraq
Ryan O'Connor,Denver,America
mmanueB,"Atlanta, GA",Gabon
Robert Hernandez,"Alaska, USA",United States
gugucharles,"Louisville, KY",Cayman Islands (the)
John Gross,"Portland, OR",America
Jon Cummings ©…©…,"Laramie, WY",America
Holly Dickerson,"Jeffersonville, IN",India
Nicole Werner Vail,"Littleton, CO",Colombia
Travis Henry,"Monticello, KY",Cayman Islands (the)
Alfred Peralta ©…©…©…©…,Philippines,Philippines
Gabe Sins, NYC,America
Paul Barnes,"Phoenix, AZ",Azerbaijan
Gavin Chan,United Kingdom,Jersey
Caleb Curcio,"Oak Ridge, TN",Tunisia
Tae carruthers.,"Amarillo, TX",America
Ashton,"Jackson, TN",Tunisia
Barbasol Championship KY,"Kentucky, USA",United States
Ben Simmons Ubales,"Laguna, Mexico",Mexico
Robin Harris,KY,Cayman Islands (the)
Mark McFadden,"Corbin, KY",Cayman Islands (the)
Jim B,"Huntington, WV",America
"Cody Long!""","Tahlequah, OK",America
Fubu 12s,"Kentucky, USA",United States
Tyler12,"Middlesborough, KY",Cayman Islands (the)
Jayden Chan,New Zealand,New Zealand
Highland Roofing Co.,"Louisville, KY",Cayman Islands (the)
Josh Pierce,"Sacramento, CA",Canada
pintsize,"Winchester, KY",Cayman Islands (the)
Ludde,"Gothenburg, Sweden",Sweden
Cappin For Cap©…©…©…©…©…©…,"Hattiesburg, MS",Montserrat
Trevor McClung,"Centennial, CO",Colombia
DJ Short Flo,"Boulder, CO",Colombia
Christa Woodside,"Frankfort, KY",Cayman Islands (the)
Melinda Wenstrup,"Union, KY",Cayman Islands (the)
Hunter Davis,"Bainbridge, OH",America
Tristan Todd Darland,"Kentucky, USA",United States
Anthony,"springfield,MO",Macao
AJ Matousek,United States,United States
Oscar Combs,"Lexington, Kentucky",America
H3rnand3z,United States,United States
Pricelessv ©…©…,United States,United States
Stu,"Fort Collins, CO",Colombia
Angel,"South Gate, CA",Canada
Austin Brooks,United States,United States
Raul,"Greeley, CO",Colombia
Eduardo Surens,"Burlington,NC",New Caledonia
Jackson jones,"Corbin, KY",Cayman Islands (the)
Eaglecrest Lacrosse,"Aurora, CO",Colombia
Kevin Heimerdinger,United States,United States
edward kim !!,"Walnut Creek, CA",Canada
CoachJones,"Greeley, CO",Colombia
Justin,"Westminster, CO",Colombia
Sav Lewis,"Newport, KY",Cayman Islands (the)
SCG,"Pennsylvania, USA",United States
Caesar Montoya,Colorado,America
Peter T,"Lakewood, CO",Colombia
Black In Maryland,Maryland,America
"Mike Carr!""","Pueblo, CO",Colombia
Jeffrey T Brady,"Kentucky, USA",United States
Travis Northrope,"Broomfield, CO",Colombia
cinnamon,"New Jersey, USA",United States
Thomas Harris,"Vine Grove, KY",Cayman Islands (the)
Eric Hoff,Colorado,America
Ryan Forret,"Kansas City, MO",Macao
Brandon Williams,"Toledo, OH",America
Ryan Day,United States,United States
Alex Rasnick,"Big Stone Gap, VA",Holy See
Adi,AZ,Azerbaijan
NBA Reality Check,"Salt Lake City, UT",America
Eli Rogers,"Athens, GA",Gabon
Braden Bair,"Hawaii, USA",United States
Bucks©…©…2017 Champs©…©…,"Colorado, USA",United States
 ,Israel,Israel
Tom G,"Paris, France",France
Cade Palmer,"Colorado, USA",United States
Ajyoungbull5,"Beverly Hills, CA",Canada
Aw&©…©…©…©…,Philippines,Philippines
Angel Delgado,"Catao, Puerto Rico",Puerto Rico
Brian Crick,"Kentucky, USA",United States
Name cannot be blank..............................,"Portland, OR",America
Zhengyang Wei,"West Lafayette, IN",India
Jackson,"Chandler, AZ",Azerbaijan
David Koroczynsky,"Ohio, USA",United States
Billy,New Zealand,New Zealand
E.I.,"California, USA",United States
Tommy K,"Highlands Ranch, CO",Colombia
Sebastian Colsman,"Cherry Creek, CO",Colombia
Brandon TOS,"Hudson Valley, NY",America
Bill Redden,Colorado,America
Nia ©…©…©…©…,"Casa Grande, AZ",Azerbaijan
Jer,"Greeley, CO",Colombia
James Michael Krause,"Ohio, USA",United States
Emory©…©…©…©…,"Denver, CO",Colombia
Juan araujo,"East Side Denver, CO ",Colombia
Antnio Guedes ©…©…©…©…,Portugal,Portugal
izzi demon ©…©…,"Minnesota, USA",United States
Daniel de Blaquiere,Australia,Australia
PattiePoff,"Corbin, KY",Cayman Islands (the)
D0V00Q0D0Y0Q0,"Oklahoma, USA",United States
"Austin Crane!""","Colorado, USA",United States
jamey,"Grand Junction, CO",Colombia
Nolan,"Wisconsin, USA",United States
M.c Royalty,"Los Angeles, California ",America
Julien Jannaud,"Oklahoma City, OK",America
Connor Van Keuren,"Dallas, TX",America
Benson Lam,Canada,Canada
YS GFX,Jersey,Jersey
Chase Hollis,"Morrison, CO",Colombia
Jers Teichert,"Winnemucca, NV",America
Jake Hart/Gamerwolf,"Louisville, KY",Cayman Islands (the)
Ayden Jackson,Nigeria,Nigeria
Kelli,"Atlanta, GA",Gabon
dom rojas,Denver,America
35000,"Boston, MA",Morocco
Mario,Colorado ,America
Joel Fast,Antarctica,Antarctica
Kaneilyas Hamilton,"Fort Collins, CO",Colombia
Colby Curry,AR,Argentina
Meir Green,Israel,Israel
Bambi©…©…©…©…,"San Antonio, TX",America
Brandan,USA,United States
Louis Crellin,"Newcastle, NSW, Australia",Australia
Dallas Altmire,"Carthage, NY",America
NBA Benihana Alerts,"Japan, USA",United States
Joshuwa Roomsburg,"Michigan, USA",United States
Iain Macalpine,Toronto,Canada
lasha,"719, Colorado",America
Danny Bakst,"Ann Arbor, MI",America
Prophet 7,"Louisville, KY",Cayman Islands (the)
Amy,"Minneapolis, MN",Mongolia
Mikeal©…©…©…©…,"St Cloud, MN",Mongolia
Marwa Mahgoub,"Kentucky, USA",United States
Anthony Towns III,"Los Angeles, CA",Canada
Durham ,"Lexington, KY",Cayman Islands (the)
Dwight Surat,"New York, USA",United States
Garry fu,CHN,China
Robin Morgan,Kentucky,America
Dalton Caudill,United States,United States
LostBoy Beats,Canada,Canada
Grandmaster Flash,United States,United States
Daniel Gonzales,"Washington, USA",United States
Will Hall,"Versailles, KY",Cayman Islands (the)
Cotty,"Seaford, Australia",Australia
Garrick Styles,"Louisville, KY",Cayman Islands (the)
Ian,"Sayre, PA",Panama
Jesse Winterringer,"Westmister, CO",Colombia
Mallory 4.0,"Wilson, NC",New Caledonia
Sherry OBryan,"Kentucky, USA",United States
1 502-804-7245,"La Grange, KY",Cayman Islands (the)
Riley_13_oman,"Clarksville, TN",Tunisia
Deagan Ashton Haack,"Iowa, USA",United States
Gustave,"Paragould, AR",Argentina
Stanley B,"SYDNEY a.k.a SizzLe CiTY, AU",Australia
Perfect Fit wellness,"Virginia Beach, VA",Holy See
Rod B.,"Jacksonville , FL",America
Stephanie Deskins,"West Virginia, USA",United States
RoyIs4UK,"Kentucky, USA",United States
SHAYTON46,"Taoyuan County, Taiwan",Taiwan
Mason Howard,"Kentucky, USA",United States
Brian Sumner,"Kentucky, USA",United States
Kentucky Woman,"Kentucky, USA",United States
Leroya  Burriell,"Louisville, KY",Cayman Islands (the)
arlenyxo,"Colorado, USA",United States
Dan Meylor,"Denver, CO",Colombia
Onlydlow00,"Powder Springs, GA",Gabon
David Garcia,"Fort Collins, CO",Colombia
Zora Stephenson,"Denver, CO",Colombia
Nuggets Love,Denver,America
Pavlo G,London,United Kingdom
edreese,"Bay Area, CA",Canada
David Choi,"Los Angeles, CA",Canada
Ricardo Belmarez,"Denver,CO",Colombia
Tim,"Denver, CO",Colombia
Brian Gelfo,"Louisville, KY",Cayman Islands (the)
Dillon Pelham,"New York, NY",America
Jim James,"Tennessee, USA",United States
Bad,Haiti,Haiti
CRUNK NATION SPORTS,United States,United States
Jose Meraz,"Sterling, CO",Colombia
Tre,"Lochearn, MD",Moldova
Deep Feelings©…©…©…©…,"Castro Valley, CA",Canada
Christopher Carrubba,"Denver, CO",Colombia
mustangs12u,"Kentucky, USA",United States
James Drizzle,"Munich, Germany",Germany
Jazzercise Edgewood,"Edgewood, KY",Cayman Islands (the)
DogStar,"Louisville, KY",Cayman Islands (the)
Kentucky Getting It,"Kentucky, USA",United States
linda and josh,"Indiana, USA",United States
SHS,Canada,Canada
Hex Trujillo ©…©…,"Denver, CO",Colombia
Byron Farmer,"Louisville, KY",Cayman Islands (the)
Alex Armani-Munn,"Colorado Springs, CO",Colombia
Claire ©…©…,"Greeley, CO",Colombia
/	A	5	>	 8	K		,"Roseville, CA",Canada
Logan Barnes,"Kentucky, USA",United States
Zion Evans,"Jackson, MS",Montserrat
chelsea crawford,"Beaver Dam, KY",Cayman Islands (the)
Kendrick Fulton,"Denver, CO",Colombia
Bradford,"Louisville, Kentucky",America
Colter Cravens,United States,United States
Talha Basit_Shah,Islamabad,Pakistan
Jake,"Kentucky, USA",United States
"Harold Brinley, Sr.","Buechel, KY",Cayman Islands (the)
Josh Strasburger,"Leitchfield, KY",Cayman Islands (the)
Mark Haburne,"Louisville, KY",Cayman Islands (the)
Kyndera Hudson,"Evansville, IN",India
Anderson,"Louisville, KY",Cayman Islands (the)
points poll,United States,United States
Sam Schulten,"Kentucky, USA",United States
Adam Krupp,"Zionsville, IN",India
Dustin Shiralian,Toronto,Canada
Crabbysandy,"Morehead, KY",Cayman Islands (the)
sarah joerendt,"Georgetown, KY",Cayman Islands (the)
Rafael Torres,"New Jersey, USA",United States
David Williams,"Morristown, TN",Tunisia
Based Native ©…©…,"Queens, NY",America
Bre Jones,"Warner Robins, GA",Gabon
Dale Smith,"Louisville, KY",Cayman Islands (the)
Gucci Gang Louis,"Fresno, CA",Canada
Really-J,"New York, NY",America
ok ok ok ok ok,"Portland, OR",America
Angela Marie Hunter,United States,United States
Jordin,United States,United States
Paulo moise,"Louisville, KY",Cayman Islands (the)
Steve Huffer,"Indiana, USA",United States
©…©…slayyy_kaydence©…©…,"Los Angeles, CA",Canada
Bankroll.iya,"Louisville, KY",Cayman Islands (the)
Jeremy Thomas Janes,"Kentucky, USA",United States
Jamie,"Kentucky, USA",United States
Coolt,"New York, NY",America
Clark Co. Family Y,"Jeffersonville, IN",India
