V1,V2,V3
Taylor Heitmann,"Pennsylvania, USA",United States
Leslie Coffield,"Olive Branch, MS",Montserrat
JT Holmes,"Tempe, AZ",Azerbaijan
Scott Alexander,"Nolensville, TN",Tunisia
Connor Owens,United States,United States
Nathan Brown,"Southaven, MS",Montserrat
Mercedes ©…©…©…©…,Canada,Canada
Aaron Jaffe,"Memphis, TN",Tunisia
Alysa Torino,"Nashville, TN",Tunisia
IDontFuckWitUNiggahs,"Kenosha, WI",America
Lee Lifasi,"Copperbelt, Zambia",Zambia
Alex Adkins,"Nashville, TN",Tunisia
Dave©…©…©…©…&©…©…,"Bronx, NY",America
Jeff Smith,"Belle Meade, TN",Tunisia
EasyClickStore,"New York, USA",United States
Jena Broyles,"Lubbock, TX",America
Brandon Thomas,"Atlanta, GA",Gabon
NSC G League ©…©…,"Fremont, CA",Canada
Ryan Johnson,"Rohnert Park, CA",Canada
Trah (lalala),"Bellingham, WA",America
Tracy McGrady,"New Taipei City, Taiwan",Taiwan
Amelia,"Keizer, OR",America
Jackson Caruso,"Lawrence, NJ",America
Jay,"Alabama, USA",United States
Isaak Schwartz,"Pennsylvania, USA",United States
Ezekiel Pea,"Marion, IN",India
Nada Metwally,"New York, USA",United States
Tyler Avolio,"Nashville, TN",Tunisia
R_C_N,United States,United States
Brady Wagner,United States,United States
Ashley,"Memphis, TN",Tunisia
Jose Cruz Rivera,"Greenville, SC",Seychelles
Samiya,United States,United States
Kelsey Wright,"Lubbock, TX",America
Chris Matthews,"Glenside, PA",Panama
Angel Matamoros,"Memphis, TN",Tunisia
Ronnie King,"Nicholasville, KY",Cayman Islands (the)
@Derlys,"Clayton, GA",Gabon
NbaFansFrance©…©…,"Picardie, France",France
Trick Shots,"Kentucky, USA",United States
Joseph Bertolino,"Bourg-en-Bresse, France",France
@Venussocials,Vancouver,Canada
Kristen Jones,"Memphis,TN",Tunisia
Celestine Angel,"Houston, TX",America
Ilan Narod,"Northborough, MA",Morocco
Sir Rant-A-Lot,"California, USA",United States
Chelsea Adams,Tennessee,America
Trail Blazers Buzz,"Porland, OR",America
Jamie,"Houston, TX",America
Spandex By Yard,"Commerce, CA",Canada
Killer,"Memphis, TN",Tunisia
©…©… NBA,"Springfield, MA",Morocco
Grant,"Jackson, TN",Tunisia
Lashae©…©…,"Gulfport, MS",Montserrat
Andy Frank Trammell,Oregon,America
"Eric Reid, Sr.",Nashville,America
Doing something PDX,"Portland, OR",America
Drew McAuliffe,"Portland, Oregon",America
Colon Hydrotherapy,"West Linn, OR",America
Eli,"Craig, CO",Colombia
Glass,"Seattle, WA",America
Abdulrahim,"Johannesburg, South Africa",South Africa
Matthew Hilton,"Portland, OR ",America
Hanna,"New York, NY",America
Michelle Perry,"Tualatin, OR",America
Marco Albanese,"Portland, Oregon",America
anatidaephobia,United States,United States
blazer4life,"Portland, OR",America
Don Countryman,"Salmon Creek, WA",America
chasity,"Capitola, CA",Canada
Dave W,"Sheridan, OR",America
Ryan Anacki,"Newcastle, NSW, Australia",Australia
"""Filzazzle Dazzle""","Portland, OR",America
Steven O'toole,"Vancouver, WA",America
Chelsea Stone,"Portland, OR",America
Cat Thompson,"Portland, OR",America
Mandie Schie,"Pdx/Eug, OR",America
Mark Hamilton-Jones,"Perth, Australia",Australia
Massimo,Italy,Italy
Bjorn Zetterberg,"Portland, Oregon",America
Dylan,"Perth, Australia",Australia
Olavo Chiandotti,"Sao Paulo, Brazil",Brazil
Cherokee_Jack,"HookEm - Portland, Oregon",America
Kyle,United States,United States
David,"Portland, OR",America
AChar,"Portland, OR",America
Brian P. Halvorsen,"Rockaway Beach, OR",America
Ippei Kadota,"Fukuoka-ken, Japan",Japan
jj,"Corvallis, OR",America
Kendyl Bennett,"Ithaca, NY",America
Joy Dickover,"Portland, Oregon",America
Juli Brown,"Portland, OR",America
Bill Schiager,"Portland, OR",America
Andrew Parker,"Oregon, USA",United States
"Kenny Aka SuperMex  洧,""
Zach Mulford""",Oregon ,America
John,Oregon ,America
Matt Brawley,"Vancouver, WA",America
Russell Mayhew,"Portland, OR",America
Sarah Muehe,"Vancouver, WA",America
SUPAFLY,"Portland, OR",America
Lambo Marcy ©…©…,"Bend, OR",America
Doug Fairman,"Sherwood, OR",America
Meg,USA,United States
Trent,"West Linn, Oregon",America
Oliver Maroney,"Portland, Oregon",America
Donna Blair,"Portland, OR",America
David Howe,"Portland, OR",America
Ryan MacArthur,"Portland, OR",America
Alex Grandjean,"Clackamas
, OR",America
Ken,Washington,United States
Pattric Smith,"McMinnville, OR",America
"Logan J Sullivan, PT","Oregon, USA",United States
Alex,"Bellingham, WA",America
Andrew Eddy,Australia,Australia
Dan Kolb,"Salem, OR",America
mommy 0206,Oregon,America
DJ,"Lake Oswego, OR",America
Olan Fulfer,"Joseph, Oregon",America
Mitch Winn,"Portland, OR",America
Greg Wilson,"Vancouver, WA",America
Michael Fisher,"Rip City, Oregon ",America
Tachanky Danky,Sweden,Sweden
curtis wusstig,"Albany, OR",America
Satchel Hunt,"Oregon, USA",United States
Garrett,"Beaverton, OR",America
Rip City 6-5,"Oregon, USA",United States
Brandon Driver,"Tigard, OR",America
Nisha,Oregon,America
Cameron Jorgensen,"Dallas/Salem , OR",America
Jeff Workman,"Vancouver, Washington",United States
PDX Photog,"Portland, Oregon",America
McG,"Portland, OR",America
Emitt Burris,"Albany, OR",America
Matthew Spencer,"Richland, WA",America
Scott Ostlund,"madison, NJ-portland, OR",America
AJ McCord,"Oregon, USA",United States
Morgan Maleta,"Portland,Oregon",America
Oracle [1Peter 4:11],"Portland, OR",America
Julie Fleischmann,"Rip City, Oregon ",America
Reed Newcomer,"Vancouver, WA",America
evan turners +/- epicly silencing the haters ©…©…©…©…,"Portland, OR",America
Podstalgic Peter ©…©…,"Portland, OR",America
Ladley Keith,"Portland, OR/Guayaquil, EC",Ecuador
Matt Mak,"Portland, OR",America
Pinwheel Empire,"Portland, OR",America
skywaker9,"Portland, OR",America
Bo Urban,"Salem, OR",America
r r,"Portland, OR",America
Ben D. Cotterill,"Beaverton, OR",America
Jason Hassler,"Vancouver, WA",America
Alex Lazo,"Portland, OR",America
Luke Gingerich,"Oregon, USA",United States
Samuel Hernando,"Binondo,Manila",Philippines
Steven Lewis,"Livermore, CA",Canada
Rich Gonzales,Singapore,Singapore
NBA Benihana Alerts,"Japan, USA",United States
J Fine,Texas,America
rach,"Memphis, TN",Tunisia
David Tankersley,"Portland, TN",Tunisia
Joshuwa Roomsburg,"Michigan, USA",United States
Colton Dobson,"Nashville, TN",Tunisia
PRETTYBOYLAKER,"New York, NY",America
Cri V.,"Joliet, IL",Israel
Albert Smith,Texas,America
Ray,"Dallas, TX",America
Keaton | OKC Thunder,"Canterbury Region, New Zealand",New Zealand
Southern Roofing,"Memphis, TN",Tunisia
Billy Derrick,"Nashville, TN",Tunisia
Micheal,Maryland,America
tor,"Nashville, TN",Tunisia
Ellie,"Memphis, TN",Tunisia
Dwane©…©…,"Greater Accra, Ghana",Ghana
D,"Dayton, OH",America
Samuel Medina Campos,"Memphis, TN",Tunisia
meh,"Savigny-le-Temple, France",France
Kyle,"Chicago,IL",Israel
CravenCool1,"Charlotte, NC",New Caledonia
Kameshia Jackson,"Mobile, AL",Albania
CRUNK NATION SPORTS,United States,United States
U©…©…C M©…©…Ke B.©…©…,"Wyoming, MI",America
Tim Fitzgerald,"Collierville, TN",Tunisia
PrimeBird,United States,United States
KayCee,"Southaven, MS",Montserrat
Based Native ©…©…,"Queens, NY",America
Bruntavious,"Memphis, TN",Tunisia
Balls Up,New Zealand,New Zealand
Shawn Doherty,"Natchez, MS",Montserrat
Marc Anglade,"California, USA",United States
KoBaeless Bryant,Texas,America
GSL Lower School,"Memphis, TN",Tunisia
Kobe Crick,United States,United States
Gwin Carlo Colacion,Qatar,Qatar
Brad Blais,"Bristol, CT",America
"Ta,mya Williams","Los Angeles, CA",Canada
Phillip Cain,"Kansas, USA",United States
tracy uler,"Sayreville, NJ",America
willie grizz,"Memphis, TN",Tunisia
Chase Daniel Ellis,"San Angelo, TX",America
Dave's Joint,"Bronx, NY",America
Dom Morelli,"Monroe Twp, NJ",America
Max Chadwick,"Monroe, NJ",America
Francisco Arias,Ecuador,Ecuador
ZazuBallin,"Carteret, NJ",America
Timothy Kenney,"Iselin, NJ",America
Dreko Popout!'©…©…,"Chicago, IL",Israel
Mark Krebs,"Memphis,Tennessee",America
Ashlynn'©…©…(',"Hernando, MS",Montserrat
Jesse Johnson,"Woodbury, TN",Tunisia
1keithflightbarron,"Memphis, TN",Tunisia
Controversial Prick.,"Undertale, CA",Canada
Nuur abdi,DK,Denmark
Alcaeus of Mytilene,"Memphis, TN",Tunisia
TJ from TWlTTER,"Memphis, TN",Tunisia
James,"Chicago, IL",Israel
Pittsburgh Phinchez,"Pittsburgh, PA",Panama
Jani Swish,"New Orleans, LA",Lao People's Democratic Republic
Awesomesauceryness,United States,United States
liz khalifa,"Memphis, TN",Tunisia
Denise,"Memphis, TN",Tunisia
14,"Alpharetta, GA",Gabon
Young'fly Tunchi,United States,United States
lackofworries©…©…©…©…,United States,United States
Cem_Levi_Guzel,"England, United Kingdom",Jersey
Kaison Randolph,"Philadelphia, PA",Panama
Evan,"Indiana, USA",United States
U&!.VU©…©…,"Memphis, TN",Tunisia
Debbie Mitchell,"Memphis, TN",Tunisia
Breaunna Burks,"Memphis, TN",Tunisia
JORDAN 23,"Ohio, USA",United States
tori,"Tennessee, USA",United States
Deedee,"Atlanta, GA",Gabon
Nate Harvey,United States,United States
Alana Davis,"Augusta, Georgia ",Georgia
honey. ©…©…,"Las Vegas, NV",America
Mrqe[e J. GYime[,"Dolton, IL",Israel
Djo Antunes©…©…,Angola,Angola
Greg Cassoli,"Cambridge, MA",Morocco
Carson Doss,United States,United States
Michael Ross,"Michigan, USA",United States
"©…©…wendy,","Millington, TN",Tunisia
D1 Point Guard ©…©…P+™,"West Helena, AR",Argentina
Caleb,"Indianapolis, IN",India
Scott Anthony,"Medon, TN",Tunisia
Becky B,Tennessee,America
GOODVIBES ONLY©…©…©…©…+,"Memphis, TN",Tunisia
©…©…LEGENDARY Danelvin,"Bronx, NY",America
©…©…Bloody©…©…Mary©…©…,"Massachusetts, USA",United States
Video Hunter,Qatar,Qatar
AJ Barringer,"7 0 4 , NC",New Caledonia
Blake Scott Townsend,"Indiana, USA",United States
Macauley housley,"Memphis, TN",Tunisia
DMCollections,"Arkansas, USA",United States
Grayson Palmer,"Raleigh, NC",New Caledonia
GodlyCustoms,United States,United States
Axel Eduardo Vilchis,"Memphis, TN",Tunisia
Konner Price,"Dallas, TX",America
ThePinkMonkeyBTQ,"Pigeon Forge, TN",Tunisia
Jake,"Beecher, IL",Israel
Catrachito504,"Tennessee, USA",United States
SweatySouth,"Memphis, TN",Tunisia
©…©…,"Hialeah, FL",America
FedExForum,"Memphis, TN",Tunisia
Lauren McCraw,"Memphis, Tennessee",America
AlexFox,"Newport, TN",Tunisia
Aliyah Johnson,"Athens, GA",Gabon
Cameron Pleasant,"Memphis, TN",Tunisia
Poopz Channel,"Brownsville, TX",America
The ManCave,"Indianapolis, IN",India
K,"Lincoln, NE",Niger
Elena Everett,"Collierville, TN",Tunisia
Oscar ©…©…©…©…,"San Antonio, TX",America
Cassy Athena ©…©…,"Los Angeles, CA",Canada
Kj Fletcher,"Alabama, USA",United States
official_issue_23,"Texas, USA",United States
Caleb McArthur,Tennessee ,America
Billy Mccawley,Madison,America
Eddie Mleko,"Arlington Heights, IL",Israel
ken jensen,"Redding, CA",Canada
Kyle Lowe q$,"C-Town, TN",Tunisia
Jimmy Gearhart,"Indian Trail, NC",New Caledonia
Domenic Cappalli,"North Providence,RI",America
Magic NBA,Israel,Israel
18th banner,"Massachusetts, USA",United States
cj ballout cleaton,"Virginia, USA",United States
Money Gang,United States,United States
Vanessa Castillo,US,United States
Zeke Goodin,"Conway, AR",Argentina
James Collins,"East St Louis, IL",Israel
Daniel Davenport,"Las Vegas, NV",America
Rob S. Porter,"Houston, TX",America
Kassy,"Muskegon Heights, MI",America
Josh Cooperwood Sr.,"Itta Bena, MS",Montserrat
Mark Feigenbaum,"Thornhill, Ontario, Canada",Canada
Jakira Griggs,"Tennessee, USA",United States
Basswood Clothing,United Kingdom,Jersey
FanSided,"New York, NY",America
Kelan Helaire,United States,United States
Jah'lil Burnett,"Indiana, USA",United States
Rockin' 4 Rescue,"Murfreesboro, TN",Tunisia
mohammed almadhlouh,"Denver,Colorado ",America
Justin Beasley,"Nashville, TN",Tunisia
Your Sports Fans,"San Mateo, CA",Canada
Farzana(',"Brooklyn, NY",America
Moreno,"Los Angeles, CA",Canada
Dan,"Southaven, MS",Montserrat
Aditya,"New Delhi, India",India
Momeantum,"Memphis, TN",Tunisia
Justin Anderson,"Philadelphia, PA",Panama
ToddyToHotty,"Memphis, TN",Tunisia
Prez edwards,"Memphis, TN",Tunisia
MiKEPosts VIP,"Connecticut, USA",United States
Top Cam Sites,"Sacramento, CA",Canada
Justin McWade,"Centralia, Missouri",America
MYKE-HYLTON,"Dallas, TX",America
Isaac Peterson,United States,United States
Gianluca Giusti,"Richmond, VA",Holy See
JustPlainOldMike,United States,United States
Doreheel,"Charlotte, NC",New Caledonia
No,Missouri,America
USAR Foundation,"Memphis, TN",Tunisia
hannah,"Memphis, TN",Tunisia
The Bucket Bros,"Wichita, KS",America
Jason,"Memphis, TN",Tunisia
Christal,"Memphis, TN",Tunisia
Mouhamed,Senegal,Senegal
Tyler Berryman,"McKenzie, TN",Tunisia
Justin Pack,"Nashville, TN",Tunisia
Roman©…©…,"South =0emphis, TN",Tunisia
Carly Gordon,USA,United States
kostasboubouk,"Thessaloniki, Greece",Greece
William McDaniel,"Memphis, TN",Tunisia
Tyler Cummins,"Nashville, TN",Tunisia
tim wells,"Summerville, SC",Seychelles
Camil Meguedad,"Paris, France",France
Branden Van Allen,"Linden, NJ",America
Jacob McCormick,"Berkeley, CA",Canada
Paran,"Braslia, Brazil",Brazil
max feldman,"Chicago, IL",Israel
Jayden,"Minneapolis, MN",Mongolia
Alex Richmond,"Medina, TN",Tunisia
Will Guess,"Tennessee, USA",United States
Seth Finch,"Spring Hill, TN",Tunisia
Britney Dompe,"Illinois, USA",United States
Mr.13,United States,United States
Sports Illustrated,"New York, NY",America
pablo,"Memphis, TN",Tunisia
T©…©…,"Tennessee, USA",United States
Brian Scroggins Jr.,"Kentucky, USA",United States
Nina Hagen,"Salt Lake City, UT",America
hotboy.dizzle©…©…©…©…,"Holly Springs, MS",Montserrat
Anne Laure azana,Luxembourg,Luxembourg
陇™,"McKinney, TX",America
Snyder's Standpoint,"Lawrence, KS",America
Blake Thornton,"Memphis, TN",Tunisia
TJ Walker IV©…©…,"Matthews, NC",New Caledonia
Justin McCuin,"Gillette, WY",America
Frank Frimpong,"Kumasi, Ghana",Ghana
Jordan Evans,"Starkville, MS",Montserrat
Everything Sports,CT,America
Micahjohnson,"West Memphis, AR",Argentina
teka,"Boston, MA",Morocco
Grizzlies,"Memphis, TN",Tunisia
Big K,"Memphis, TN",Tunisia
TeeTapsell,"Tauranga City, New Zealand",New Zealand
Mang Gaming,Australia,Australia
Daikwan Tamper,"Birmingham, AL",Albania
Stacy Tolliver,"Sardis, MS",Montserrat
NOAH FITZPATRICK,"Birmingham, Alabama",America
Willie Blue,"Walls, MS",Montserrat
NBA Summer League,"Las Vegas, Nevada",America
Tim Soucy Music,United States,United States
Terrick,"Memphis, TN",Tunisia
James. Harris,United States,United States
Aaliyah Brown,"Memphis, TN",Tunisia
Sepriia C.Bradford,"New Orleans, LA",Lao People's Democratic Republic
jason fitz,"Nashville, TN",Tunisia
LA Bella Chauffeurs,"Los Angeles, CA",Canada
WANG©…©…,"Dickson, TN",Tunisia
Miguel,"Nashville, TN",Tunisia
T.A.B.,"Fort Bragg, NC",New Caledonia
Carlton McGriff Jr.,"Florida, USA",United States
Southland Park G & R,"West Memphis, Arkansas",America
Alibaydoun,"Lebanon, IL",Israel
Big Daddy Ryan,United States,United States
Jaylen Clark,"Baton Rouge, LA",Lao People's Democratic Republic
Street wear ©…©…©…©…©…©…,"New York, USA",United States
Alan Presley,"Memphis, TN",Tunisia
Matt Larson,"Illinois, USA",United States
Adam Johnston Bowers,"Tennessee, USA",United States
Everything TN,"Tennessee, USA",United States
Joseph Brown,"Cookeville, TN",Tunisia
Jared Price,"Knoxville,Tennessee",America
Mimo,"Alexandria, Egypt",Egypt
Zenkai,"Clarksville, TN",Tunisia
LeviPinecrest,"Memphis, TN",Tunisia
Summer League Champs,"Memphis, TN",Tunisia
Carlyle Nusbaum,"Nashville, TN",Tunisia
Clever Hoops,United States,United States
MemphisX,"Memphis, TN",Tunisia
Nicholas,"New York, NY",America
SikSigmaNBA,United States,United States
©…©…©…©…©…©…©…©…©…©…,"West Bend, WI",America
Tommie,"Cincinnati, OH",America
el to James ©…©…,Colombia,Colombia
Jason Morgan,"Starkville, MS ",Montserrat
It's Will '™,"San Antonio, TX",America
Michela Wood,Wisconsin,America
Anthony D'Angelo,"Buffalo Grove, IL",Israel
Skylan Douglas,"Illinois, USA",United States
Dave Steuben,"Illinois, USA",United States
"琴橙症,""
Grind City Media""","Memphis, TN",Tunisia
Tyrone Willis,"Houston, Texas",America
Darrell Hykes,"Atlanta,  GA",Gabon
Game Trainer,"New Jersey, USA",United States
Jacques,"Boston, MA",Morocco
MoSai Mopeli,"2Qs, South Africa",South Africa
Ben Monahan,United States,United States
PNCGermantown,"Germantown, TN",Tunisia
Clay Bay Bay,"Nashville, TN",Tunisia
Luke Welte,"Tennessee, USA",United States
Greg Graber,"Memphis, TN ",Tunisia
Lady WarEagles,"Memphis, TN",Tunisia
VFLbrother,"Memphis, TN",Tunisia
Chels Solis©…©…©…©…©…©…©…©…,"San Diego, CA",Canada
Jeremiah Smith,"New Jersey, USA",United States
Rufino Maldonado,United States,United States
TruBluTiger,"Houston, TX",America
Rotoden Grizzlies(7-8),"Memphis, TN",Tunisia
Christopher Allen,"Mount Vernon, NY",America
Tanner Daniel,"Covington, KY",Cayman Islands (the)
Grace Lewis,United States,United States
Just Vette,"Memphis, TN",Tunisia
THE ROYAL BARBER,"California, USA",United States
NBAgearfans,"California, USA",United States
Its Litty,"Florida, USA",United States
Derrick,"Memphis, TN",Tunisia
Dezz Wright,"Spartanburg, SC",Seychelles
Ryan Poe,"Memphis, TN",Tunisia
Andrew Dafferner,Texas,America
King_Cola,"New Orleans, LA",Lao People's Democratic Republic
Krista Odom,Tennessee,America
©…©…Holly Pink's©…©…,"California, USA",United States
Gracey,"Arizona, USA",United States
Deli,"Queens, NY",America
GSP BASKETBALL,Ghana,Ghana
Chantein Wasion,"Memphis, TN",Tunisia
Julian Vogle,"Tulsa, OK",America
DJones,USA,United States
Bryce Jeans,United States,United States
Shadelle,Trinidad and Tobago,Trinidad and Tobago
Omarcito,"Cliffside Park, NJ ",America
Chris Porter,"Memphis, TN",Tunisia
Fachriansyah Rasylin,"Los Angeles, CA",Canada
Blue Delta Jean Co.,"209 South 11th Oxford, MS",Montserrat
Gilly Ray Cyrus,"Southaven, MS",Montserrat
Melvin L Steward Jr.,Georgia,Georgia
Madison Butler,Tennessee,America
Ian Bartos,"Pittsburgh, PA",Panama
Reese Ragland,"Mississippi, USA",United States
Daniel Brown,"Oxford, MS",Montserrat
Scott Madds,Toronto,Canada
iZZy,"South Australia, Australia",Australia
Ross Madison,"Irvine, California",America
©…©…Velli Sipp©…©…,"Mississippi, USA ",United States
Amy Speropoulos,"Memphis, TN",Tunisia
©…©…BrodieTouchMoney©…©…,"Las Vegas, NV",America
Brandon Dean,"Miami, FL",America
Trent,"Bridge City, TX",America
robin danielle e&,"Memphis, TN",Tunisia
Ashleigh,"Boston, MA",Morocco
Lindsey shaw,"Portland, OR",America
Adam Parks,"Germantown, TN",Tunisia
Maura Pirani Parks,"Germantown, TN",Tunisia
ChainNet Hoops,United States,United States
Baller Shirts,"Los Angeles, CA",Canada
Jacob Clark,"Memphis, TN",Tunisia
Katy King,Arkansas,America
Gretchen Uber Driver,"Memphis, TN",Tunisia
Spot Monkey Cody,"Tennessee, USA",United States
©…©…AbrianaShantelle©…©…,"Lexington, KY",Cayman Islands (the)
John David Carter,United States,United States
Reynol Marquez,"Tampa, Florida",America
Brandon Echols,"Oakland, TN",Tunisia
Aaron J Pollard,"Memphis, TN",Tunisia
Makalie,"Memphis, TN",Tunisia
Real Talk NBA,"Memphis, TN",Tunisia
L'SECRETL',"Christchurch City, New Zealand",New Zealand
Johennis Sanchez,"Puerto Ordz, Venezuela",Venezuela
Adam Rivera,"Colorado, USA",United States
@Queen,Haiti,Haiti
Melanin,"Charlotte, NC",New Caledonia
Victor Tavares,"Iraj, Rio de Janeiro",Brazil
Jemar Jordan,"Carteret, NJ",America
Lynne,"Bucharest, Romania",Romania
TiagoM Makaveli6NNS,"Braga, Portugal",Portugal
Jaydon Boyer,"Indiana, USA",United States
Jordy Ochoa,"Blair, NE",Niger
Jim Fryman,"Cordova, TN",Tunisia
Erykah Jai c'™,"Bartlett, TN",Tunisia
Thanh Thao Hoang,"21 Sacramento, CA",Canada
Colton Bartley,United States,United States
Cesar,"Caracas, Venezuela",Venezuela
Terrence Lewis Jr.,"Atlanta, GA",Gabon
DontBaeMe,"Memphis, TN",Tunisia
Alisha Jordan,"Memphis, TN",Tunisia
L R Memphis,"Memphis, TN",Tunisia
Skip Burke,"Tennessee, USA",United States
Kaelee,"Tampa, FL - Memphis, TN",Tunisia
David Ford,"Memphis, TN",Tunisia
Donald,"Tennessee, USA",United States
Alexa Wood,Madison,America
unkonwn billy bob,"Virginia, USA",United States
Connor Litka,"South Bend, IN",India
Brian Aronoff,NJ,America
Trail,"East Lansing, MI",America
©…©…Kris10,"Memphis, TN",Tunisia
Graham Buck,"Arkansas, USA",United States
Allison Bosse,"Memphis, TN",Tunisia
domonique wright,"Memphis, TN",Tunisia
King Rickey,LA,Lao People's Democratic Republic
Grizz Growler,"Memphis, TN",Tunisia
Dylan Hunter,"Bartlett, TN ",Tunisia
Brett Murphy,"Bay Area, CA",Canada
Jayla,"Memphis, TN",Tunisia
"Dwayne Johnson!""","Oskaloosa, Iowa",America
Tristan Todd Darland,"Kentucky, USA",United States
AshleyMarie©…©…©…©…,"Miami, FL",America
GeneralSmokey,"Knoxville, TN",Tunisia
DG,"Royal Oak, MI",America
Cole Tucker,"Lawrenceburg, TN",Tunisia
dan desrosier,"Tremonton, UT",America
Rodrigo Escudero,Mexico,Mexico
Coop Knight,Illinois ,America
Big Al,"South Bend, IN",India
Jeffrey Martin,"Soddy Daisy, TN",Tunisia
Gavin Wilkinson,"Chicago, IL",Israel
Marion Keller,"Houston, TX",America
galute,Australia,Australia
Ben Turner,"Franklin, TN",Tunisia
Braden Montgomery,"Birmingham, AL",Albania
William Burton,"Valparaiso, IN",India
Logan Glosser,"San Diego, CA",Canada
Brandon Bobo,"Smyrna, TN",Tunisia
HOOPMATIC,"Pennsylvania, USA",United States
her_name_here,"Memphis, TN",Tunisia
Jeremy Ledbetter,"Charles City, IA",America
JacobSceles,"Nova Scotia, Canada",Canada
Derrick Byars,"Miami, FL",America
©…©…©…©…,"Louisiana, USA",United States
Official Mari©…©…,Atlanta,America
Heather Sappenfield,"Memphis, TN",Tunisia
Memorial Magic Alums,"Nashville, TN",Tunisia
0I '™,"Boston, MA",Morocco
Mekiyal,United States,United States
Troy Daniels,"Roanoke, Virginia",America
Iowa Force WBB,"Des Moines, IA",America
jerdie,"Tennessee, USA",United States
Dinesh Solanki,"Jodhpur, India",India
Steven Whitaker,Tennessee,America
Willie Hollowell,"Memphis, TN",Tunisia
Shelby Short,"Smyrna, TN",Tunisia
Justin Poston,"Kansas, USA",United States
Aj asad,"Memphis, TN",Tunisia
Shawn Cooper,"Atlanta, GA",Gabon
Shauna Jones,"Dublin, CA",Canada
Connor Owens,"Nashville, TN",Tunisia
Chris Poe,"Memphis, TN",Tunisia
Randy,"Tennessee, USA",United States
Monique Moore,"PALMDALE,CA",Canada
big perm,"Memphis, TN",Tunisia
ballerthegoat,"Oregon, USA",United States
BULLY KING Magazine,"Miami, FL",America
Eliza Jaymee Almazar,"Lake Elsinore, CA",Canada
Brandon Shoaf,"Nevada, USA",United States
JINGJINGZHANG,"Georgia, USA",United States
Seth Norquist,United States,United States
Lana,Georgia,Georgia
Koffee Global,United States,United States
©…©…Chrissy Taylor©…©…,"Memphis, TN",Tunisia
Miles Moate,"Memphis, TN",Tunisia
Kamal Hossain,"Chittagong, Bangladesh",Bangladesh
Noah Worrell,"Walkertown, NC",New Caledonia
Benjamin White,"Memphis, TN",Tunisia
Wakeel Safiyan,Turkey,Turkey
Live 4 Sport Network,"Pennsylvania, USA",United States
©…©…A.Craig Jr©…©…,United States,United States
Roan Viancourt,United States,United States
Alex (Grizz Nation),"Nashville, TN",Tunisia
Owen Wilson,"South Carolina, USA",United States
boo©…©…boy,"Kenner, LA",Lao People's Democratic Republic
Alyssa Capone,"South Plainfield, NJ",America
Samuel Faea Jones,"New South Wales, Australia",Australia
Bucketsqaud,"Methuen Town, MA",Morocco
Tom,France,France
Bradley Risner,"Mammoth Spring, AR",Argentina
Gabs,"Des Moines, IA",America
Dee Nash,"San Francisco, CA",Canada
Thomas Ray Middleton,"Michigan, USA",United States
Will,"Tennessee, USA",United States
charity  ©…©…,"Nashville, TN",Tunisia
Ryder johnson,"Anderson, CA",Canada
Taylor Jackson,"Memphis, TN",Tunisia
Saint Joe's Baseball,"Metuchen, NJ ",America
Elite Social Media,"San Diego, CA",Canada
Ryan Herald,"Jackson, KY",Cayman Islands (the)
Beat Missouri,"Nashville, TN",Tunisia
phillip j.brown,NJ,America
Isaiah #11,"Kaohsiung City, Taiwan",Taiwan
MarkMarteLopez,Dominican Republic,Dominican Republic
Doran Javaherian,"California, USA",United States
Matt the beard riley,"Orangeburg, SC",Seychelles
Luis-Alfredo Garcia,"Kendall, FL",America
Sren Chromik,"Varel, Germany",Germany
Christian Loizzi,"Los Angeles, CA",Canada
Covenant Knights,"Nashville, TN",Tunisia
Jarah Dumapit,"Tacoma, WA",America
Valentin Br,France,France
marcusmatematico,"Lansing, MI",America
Laura Fayolle,France,France
Josh Scales,"England, United Kingdom",Jersey
SoopahStar!!,"Colorado Springs, CO",Colombia
Blake Moore,"McMinnville, TN",Tunisia
Ederadrian,Mexico ,Mexico
c'™,"Oakland, CA",Canada
Stefano Fox,"Bolzano, Italy",Italy
Anissa Dort,"Moorhead, MN",Mongolia
da skreet timo,"Wisconsin, USA",United States
Snoop Johnson Report,"Desoto, TX",America
David Hillstone,United States,United States
Bill Horne,Alabama,America
Stephen Prentiss,"Tennessee, USA",United States
realist guy you know,"West Mifflin, PA",Panama
Chase Hession,"Mount Juliet, TN",Tunisia
Blake Meyer,"Washington, USA",United States
DailyOfficePoll,"Kansas City, MO",Macao
DaRon Arrington,"Fairfield, Alabama",America
A.D. Jones,"Chicago, IL",Israel
F0R3GCW4x,"Roanoke, VA",Holy See
Carter Lawyer,"Oakland, CA",Canada
Mj12,United States,United States
unak,Spain,Spain
Rob Coleman,"Memphis, TN",Tunisia
Mayor Jim Strickland,"Memphis, TN",Tunisia
ShutTheFrontDoor,"Memphis, TN",Tunisia
champagnemami,"Rutherford, NJ",America
Kay a&,NYC,America
Jason Moore,"West Virginia, USA",United States
J0p0,"Tennessee, USA",United States
Kenny,"New Jersey, USA",United States
Ty Constein,"Lancaster, PA",Panama
_HairForceToo,Singapore,Singapore
Dan,"Philadelphia, PA",Panama
Paul Carter,"Knoxville, TN",Tunisia
Khadeija ©…©…,"Coto de Caza, CA",Canada
Hunter Brooks #kuba,Poland,Poland
Chris Casnave,"Town 'n' Country, FL",America
K A Y L A©…©…©…©…,"Memphis, TN",Tunisia
Adrin Dalton,"Houston, TX",America
Jeff Townsend,"Memphis, TN",Tunisia
Jason Spencer,"La Vista, NE",Niger
Dylan Burns,"Wayne, NJ",America
Yoh,"Quimper, France",France
23forlife,"Spartanburg, SC",Seychelles
GamefaceInc,"Chula Vista, CA",Canada
Ryne Joiner,"Hernando, MS",Montserrat
Rick Fink,"Olive Branch , MS",Montserrat
Kenny Winn,"Olivehurst, CA",Canada
Shahadat,Bangladesh,Bangladesh
Carol Marie Wiley,United States,United States
Jeff Byars,"Memphis, TN",Tunisia
Jane & Finch Classic,"Jane and Finch, Toronto",Canada
Mauro Vakanjac,"Compton, CA",Canada
Debo,"Tennessee, USA",United States
harpojim,"Dublin City, Ireland",Ireland
Austin Murphy,NYC,America
Arbit,"Baltimore, MD",Moldova
ND Soul Food King,"Fargo, ND",America
Conner Norton,"Memphis, TN",Tunisia
Elaine Lee,"Seattle, WA",America
Drew Davidson,"Dallas, Texas",America
Jamal Johnson,"Memphis, TN",Tunisia
EquilibriumUP,"Charlotte, USA",United States
Jae XO,"Middleton, WI",America
Bettie Bee,United States,United States
Ann Claire,United States,United States
dansuite,"Memphis, Tennessee",America
Stephen Wieck,"Abbeville, LA",Lao People's Democratic Republic
JC Salinda,"San Diego, CA",Canada
Caleb Casey,"Memphis, TN",Tunisia
Ben Sivils,"Memphis, TN",Tunisia
Kristina Edrington,"West Memphis, AR",Argentina
Sascha Shmairian,"California, USA",United States
AnthonyFullilove,"Memphis, TN",Tunisia
Grizz G. Grizz,"Memphis, TN",Tunisia
Logged In,United Kingdom,Jersey
MS Baseball Academy,"Jackson, MS",Montserrat
Erick Falk,Argentina,Argentina
NgNS*,USA,United States
Kenny Chandler,"Tuscaloosa, AL",Albania
Ashley Wagner,"Wasilla, AK",America
SAYEEDA SHAPLA  (1),"Dhaka, Bangladesh",Bangladesh
Michael Dunn,"Nashville, TN",Tunisia
Joe Kornegay,"Syracuse, NY",America
Tiffany Adams,"Memphis, TN",Tunisia
Sammy Feuerman,United States,United States
Christian Ronald,United Kingdom,Jersey
Mikayla Dotson,"Mississippi, USA",United States
Cameron Mullins,"Johnson City, TN",Tunisia
manutegarrett,"Rocky Mount,NC",New Caledonia
Cardinal Basketball,"Plainfield, NJ",America
Rikayla J. Seatts ©…©…,"Warren, MI",America
MEMPHIS MOSBY @RELLY,"Memphis, TN",Tunisia
Destry Tillman,"Arkansas, USA",United States
Ryan Leaver,"Mint Hill, NC",New Caledonia
Mitch Riebow,"St Paul, MN",Mongolia
Clay,United States,United States
Logan Thomas Soland,"Akron, OH",America
CeeNami (',"Ocean City, NJ",America
jlegacy30,TN,Tunisia
jesus moya sos,"Melilla, Spain",Spain
Aja (ah-juh©…©…),"Athens, GA",Gabon
Ryan Stephens,"Memphis, TN",Tunisia
ERICK FALK,Argentina,Argentina
Seth Turner,"Memphis, TN",Tunisia
Prince Of Hell,"Boston, MA",Morocco
Seth,"Indiana, USA",United States
Joshua Midgett,"Memphis, TN",Tunisia
Alex Inman,"Memphis, TN",Tunisia
Mo    O&,"Memphis, TN",Tunisia
Mike Sorenson,"Fredericksburg, IA",America
Josh,"Nashville, TN",Tunisia
Memphis Tigers(10-4),"Bartlett, TN",Tunisia
Jonathan D. Travis,"Skrollersville, USA",United States
Younging,"California, USA",United States
Kyrie Irving Freak,"Boston, MA",Morocco
kyle anderson,"New Jersey, USA",United States
Alfrdo,"Victoria, Australia",Australia
Austin Joyce,"Lowell, MA",Morocco
And to the Drew,"Washington, USA",United States
Eric Partee Jr,"Memphis,TN ",Tunisia
innanet matus,"Drexel Heights, AZ",Azerbaijan
HDS,United States,United States
Rodney Divine,"Derby, England, UK",United Kingdom
'Wam_Jul,"Villiers-sur-Marne, France",France
Lance Higgins,"Portland, Maine",America
Dylan Heuer,"Des Moines, IA",America
Matt N,"Brooklyn, NY",America
Charlie McBride Jr,"Memphis,TN",Tunisia
alexis marshall©…©…,"Darlington, SC",Seychelles
William Brooks,"Roanoke, VA",Holy See
Provision Sports ,"Hamden, CT",America
Grizz4Life*JAWS*,"Memphis, TN",Tunisia
Davidson White,"Manhattan, NY",America
lil dari,"Cincinnati, OH",America
©…©…,"Bordeaux, France",France
 ,Israel,Israel
Ian Gibson,"Jacksonville Beach, FL",America
The MemphisShakedown,"Memphis, Tennessee",America
Sw the G,"Dallas, PA via Lorton, VA",Holy See
Bailey Caldwell,"Athens, GA",Gabon
T,"Nashville, TN",Tunisia
Matt Harrington,"Norwood, MA",Morocco
Kiel Baptiste,"Plantation, FL",America
Eli Zamora,"Brooklyn, NY",America
dboze,"Memphis, TN",Tunisia
. (',"Memphis, TN",Tunisia
Taylor Hendershot©…©…,"Florida, USA",United States
hank Russell,"Memphis, TN",Tunisia
Danyon Saville,"Tasmania, Australia",Australia
Kellianne Marie,"Memphis, TN",Tunisia
Jack Cooper,"Memphis, TN",Tunisia
Blair Townsend,"Tennessee, USA",United States
Garrett McElroy,"Medina, TN",Tunisia
Pam McCarthy,"Memphis, TN",Tunisia
NoiXx,Puerto Rico,Puerto Rico
Kaitlyn,"Memphis, TN",Tunisia
Mark Johnson,"New York, USA",United States
Jpn115,USA,United States
Adrianne Sumrall,"West Allis, WI",America
Paul Long III,"Olive Branch, MS",Montserrat
Willie J Hollowell,"Memphis, TN",Tunisia
Jeremy Johnson,"Olive Branch, MS",Montserrat
David Wells,"Memphis, TN",Tunisia
lee thompson,"Bartlett, TN",Tunisia
Bruno Pennacchio,"Sant'Antimo, Naples, Italy",Italy
Eddie Buck,"Memphis,TN",Tunisia
G W,TN,Tunisia
s,Taiwan,Taiwan
Kendall Richards,"Hendersonville, TN",Tunisia
Tracey Brown,Kentucky,America
Erick Falk,"Chubut, Argentina",Argentina
Alex Wilkerson,"Austin, TX",America
Erik Cooper,"Marion, AR/Memphis, TN",Tunisia
Jennifer Helfenbein,"Oakland, TN",Tunisia
Melinda Reeder d'&,Tennessee,America
BricksTheStore,"Indiana, USA",United States
"Nick, Go Grizz!!!","Muleshoe, TX",America
Mick,"Nashville, TN",Tunisia
Randy,"Memphis, TN",Tunisia
Alicia Rene,"Murfreesboro, TN",Tunisia
Derrick D. Sellars,"Sandy Springs, GA",Gabon
CurtishaaRenaa©…©…,"Memphis, TN",Tunisia
Ashanti Hilton,"Wisconsin, USA",United States
Ciarra Ashley,"Princeton, NJ",America
Logan Irwin,"Tupelo, MS",Montserrat
Jordan Buckamneer,"Kansas, USA",United States
Don Wade,"Memphis, TN",Tunisia
Kimberly Brown,"Birmingham, AL",Albania
may hasanen,"El Qaliobia, Egypt",Egypt
Isiah Curry,"Georgia, USA",United States
IEGrow,"California, USA",United States
Morgan Wills,"Nashville, TN",Tunisia
Timbo from Mempho,"Memphis, TN",Tunisia
Josh Sharp,"Robinsonville, MS",Montserrat
grindtrue,"New Jersey, USA",United States
David S White,"Franklin, TN",Tunisia
Daniel Gerber,"Los Angeles, CA",Canada
Cole Ross,"Hernando, MS",Montserrat
justincollar,United States,United States
@ck_,Malaysia,Malaysia
Coleion Page©…©…,"Laurel, MS",Montserrat
Teespring,"New York, USA",United States
Betsy Brasher,"Memphis, TN",Tunisia
Vanessa Gonzalez,"New York, USA",United States
Court Lessigne,"Jennings, LA",Lao People's Democratic Republic
Gary Byars,"Collierville, TN",Tunisia
Mickal Dossmann,France,France
Redtrinigrl,"Nashville, TN",Tunisia
Ricky Jones,"Fairview, Tennessee",America
T,"Memphis, TN",Tunisia
Jonathon Conner,"Tennessee, USA",United States
Boombastics,"Minneapolis, MN",Mongolia
Jack Staples,United States,United States
Richard Bednarz,NJ,America
Alex Kirschenbaum,"Los Angeles, CA",Canada
Matt Costello,"San Antonio, TX",America
"Mike Windsor*洧,""
Duwayne Smith""","Memphis, TN",Tunisia
Cameron,"Kings Beach, CA",Canada
William Dickens,Tennessee,America
Andy Vinson,"Memphis, TN",Tunisia
Parker Tenent,"Memphis, TN",Tunisia
Amy Bufkin,"California, USA",United States
Tone Henderson,"New Jersey, USA",United States
Emma Melotik,"Genesee Depot, WI",America
Erin Warf Malone,"Memphis, TN",Tunisia
Taylor Williams,"Moorpark, CA",Canada
Christy,"Los Angeles, CA",Canada
Daqi,"Fort Collins, CO",Colombia
T. Noel Sylve,"San Francisco, CA",Canada
Carl Rosen,"Memphis, TN",Tunisia
Casey Mccutcheon,"Memphis, TN",Tunisia
Relly vill,"Memphis, TN",Tunisia
Jay©…©…©…©…III,"Georgia, USA",United States
Taquan J. Harvey,"Wyandanch, NY",America
MarcGasolForMVP,"Rossville, TN",Tunisia
GAITorade,"San Diego, CA",Canada
I LUV COTTON CANDY,"Las Vegas, NV",America
Felipo,"Texas, USA",United States
mrs mikeska,"Rogers, AR",Argentina
d1 d1 d1 d1 d1d1 d1 d1 d1 d1,"Sugar Land, TX",America
Louis Lu,"Minneapolis, MN",Mongolia
Jamarion Ellis,"Oakland, CA",Canada
bobby brannon,"Mercer, PA",Panama
Come On Giants,"Hercules, CA",Canada
AS,NYC,America
Kovu,France,France
"Rico The God L'
'©…©…","New Jersey, USA",United States
Landon Carroll,"Knoxville, TN",Tunisia
Jalen Rose,"Detroit, MI",America
BlackandGolddust,"Nashville,TN",Tunisia
Unified Clothing,"Salt Lake City, UT",America
Bojarinait,"Vilnius, Lithuania",Lithuania
SneedSM910,"Bridgeport, CT",America
Daniel Faith,MS,Montserrat
Shoe Lover,"California, USA",United States
Michael Wallace,"Memphis, TN",Tunisia
拱伟0职榘冒0,Argentina,Argentina
Conner Powers,"Memphis, TN",Tunisia
Bailey Bradley,"Memphis, TN",Tunisia
Garrison Simpson Jr,"Highland Heights, KY",Cayman Islands (the)
CAGrizzPhoto,"Memphis, TN",Tunisia
pity alvarez,"Buenos Aires, Argentina",Argentina
Matteo Carmassi,"Melbourne, Australia",Australia
Brian Boone,"Dallas, TX",America
Byron Lewis Cogdell,"Daytona Beach, FL",America
Karen M. Hoffmeister,"Memphis, TN",Tunisia
SPSA,"St Petersburg, FL",America
Walter White,TN,Tunisia
THOMAS LAMBERT,"Memphis, TN",Tunisia
Marvin,"Trotwood, OH",America
devon,"Ohio, USA",United States
Jennifer King,"Memphis, TN",Tunisia
Taylor Johnson,"Memphis, TN",Tunisia
Alina,"San Francisco,CA",Canada
Haley Vincent,"Memphis, TN",Tunisia
Bobby Jacobson,United States,United States
Shawn Fuller,"Richmond, CA",Canada
Austin Usery,"Edmond, OK",America
Caio Alberto,Angola,Angola
Lucas Villar,"Buenos Aires, Argentina",Argentina
Sarah Cummings,"Memphis, TN",Tunisia
Crosswind P.E.,"Collierville, TN",Tunisia
Elizabeth Packard,"Memphis, TN",Tunisia
Zac Mason,"Alabama, USA",United States
Michele Walker,"Mississippi, USA",United States
Nio,"West Fairview, PA",Panama
Saril #16,"Pawnee, Indiana",America
Geno G,"Memphis, TN",Tunisia
Brandon Ponder,"Memphis,TN",Tunisia
Jacob Long,"Memphis, TN",Tunisia
slaunch,"Shackle Island, TN",Tunisia
Brady Clark,"Rocky Top, TN ",Tunisia
Joseph Oconnor,"California, USA",United States
Max Frishberg,"Los Angeles, CA",Canada
"Brady Johnston!""","Memphis, TN",Tunisia
Andrew Hughes,"Memphis, TN",Tunisia
"Bo©…©…©…©…!""","Memphis, TN",Tunisia
50 character names? How could anyone use 50 charac,"Cape Coral, FL",America
P.J ©…©…©…©…睛™,"Olive Branch, MS",Montserrat
Noah Faerber,"Tennessee, USA",United States
NbaAnaliz,Turkey,Turkey
Harrison Miller-Hill,"Franklin, TN",Tunisia
kyla,"Tennessee, USA",United States
Max Carmon,"Collierville,TN",Tunisia
david merrill,"Memphis, TN",Tunisia
Titus Wade,"Memphis, TN",Tunisia
MiCHAEL iRWiN,"Collierville, TN",Tunisia
Richard Boyette,"Memphis, TN",Tunisia
Ryne Golden,"Jackson, TN",Tunisia
Grizzlies,United States,United States
Caobhan,Ireland,Ireland
Swank City,Djibouti,Djibouti
Meredith Gilbert,"Tennessee, USA",United States
Steven McCarter,"Nolensville, TN",Tunisia
Jordan Montgomery,"Southaven, MS",Montserrat
keylaaa,United States,United States
BOOGiE©…©…©…©…©…©…,"Croydon, London",United Kingdom
andre ramirez,"Fresno, CA",Canada
Hunter Barnett,"Saltillo, MS",Montserrat
Grizzlies PR,"Memphis, TN",Tunisia
The Ball St. Journal,"Portland, OR",America
デ浆| A.K.A J-Fuad,"Suncheon, Korea",Korea
Beau Bougobble ©…©…©…©…,"Catonsville, MD",Moldova
Mandrick Brown,"BELOIT,WI via MINNEAPOLIS,MN",Mongolia
Brad Jameson,"Nashville, TN",Tunisia
Joel Conlee,"Blue Ash, OH",America
NBATheShow,"Boynton Beach, FL",America
Dominique Hall,"New York, USA",United States
Bonnie Bradley,"Southaven,MS",Montserrat
Nicols Grosso,"San Francisco, CA",Canada
Kevo,Nashville,America
Jon Keegin,"Memphis, TN",Tunisia
Jalynn Parks,"Indiana, USA",United States
Kenyatta,"Roselle, NJ",America
Timothy Bing,"Collierville,TN",Tunisia
GrizzNashvilleNation,"Nashville, TN",Tunisia
Devin Maddox,"Memphis, TN",Tunisia
Mitch Andress,"Sarasota, FL",America
Julie Dawson,"Memphis, TN",Tunisia
Jeffrey Riddle,"Memphis, TN",Tunisia
Jared Davis,"Memphis, TN",Tunisia
christian turner,"Nashville, TN",Tunisia
SebasGrizz33,"Jerez,Spain",Spain
will berry,"Tennessee, USA",United States
jeff,"Arlington, TN",Tunisia
Catherine Johnson,"Austin, Texas",America
Blake Miller,"Memphis, TN",Tunisia
Denver Hall,"Memphis, TN",Tunisia
Callie Salvucci,Tennessee,America
Gaby Connor,"Gainesville, FL",America
RandymH,"Memphis, Tennessee",America
TX ¨™ TN ¨™ TX,TX,America
Hector Franco,"Memphis, TN",Tunisia
Coach Cartiiii©…©…©…©…©…©…,"Perth Amboy, NJ",America
Meade Kendrick,"Memphis, TN",Tunisia
Heather Gibson,"Memphis, TN",Tunisia
Kent Graham,"Nashville, TN",Tunisia
Justin Kelly,"Nashville, TN",Tunisia
Ben Thurman,"Austin, Texas/ Knoxville, TN",Tunisia
Bobby Jones,"New Orleans, LA",Lao People's Democratic Republic
Chris Williams,"Memphis, TN",Tunisia
Grant Cross,"Nashville, TN",Tunisia
Tyler Daniel,"Memphis, TN",Tunisia
Maxwell,"Three Rivers, MI",America
Doctor Edge,"Austin, TX",America
Kevin McCoy,"Memphis,Tennessee",America
Brantley Davidson,"Memphis, TN",Tunisia
D.Love,"Memphis, TN",Tunisia
Joseph Sepulveda,"Arkansas, USA",United States
Trenton Trakul,"Bartlett, TN",Tunisia
Payton W. Welch,"Memphis, TN",Tunisia
Bryan Brown,"Anchorage, AK",America
EG Buddy,"Troy, NY",America
Candace Robertson,"Bakersfield, CA",Canada
Jay Larsen,AL,Albania
BinooG©…©…©…©…,"Collierville, TN",Tunisia
Dylan Nance,"Knoxville, TN",Tunisia
Callie Stubbs,"Memphis, TN",Tunisia
angel piper,"Florida, USA",United States
Alexander Shores,"Memphis, TN",Tunisia
MUHAMMED,"New Jersey, USA",United States
AlldayAce,"Miami,LA",Lao People's Democratic Republic
Bo Esco,"Memphis, TN",Tunisia
Andrew Maraniss,Nashville,America
Jaden Cole Daniels,"McKinleyville,CA",Canada
MR. WHODAT NATION#,"Baton Rouge, LA",Lao People's Democratic Republic
GrizzGirl,"Ft Worth, TX",America
Sagar Patel,"Memphis, TN",Tunisia
Mempho G Slam,"Memphis, TN",Tunisia
Elisabeth Gully,"Queens, NY ",America
Joey Rodriguez,"Richmond, VA and Orlando, FL",America
 _^IN,"New Jersey, USA",United States
Dillon Anderson,"Palestine, Arkansas",America
c'princess cherishc',United States,United States
Littlec,"GrizzNation, USA",United States
Cait Anderson,"Miami, FL",America
Brandon,"Memphis, TN",Tunisia
DT,GA,Gabon
Haunted Brooks 88-8,"Memphis, TN",Tunisia
M J,"408, CA",Canada
tayler©…©…©…©…,"Houston, TX",America
Shae Love,"Cleveland, Ohio",America
Austin,"St Louis, MO",Macao
kate,"Los Angeles, CA",Canada
AG14,"Russellville, AL",Albania
Mehmet Melik,"Alt1nda, Ankara",Turkey
Carson Scott,"Memphis, TN",Tunisia
Chris Conlee,"Memphis, TN",Tunisia
Isaiah Parsons,"Tulsa, OK",America
Zander_SaveTheCrew,"West Virginia, USA",United States
Greta Rossmeissl,"Memphis, TN",Tunisia
Chlo,"Nantes, France",France
©…©…©…©…,"Texas, USA",United States
Michael Neighbors,"Jonesboro, AR",Argentina
Dawson Smith,"Germantown, TN",Tunisia
('Darnell Alford Jr(',"Philadelphia, PA",Panama
Jonatan,"Vallejo, CA",Canada
Stiffer Bala,"Chennai, India",India
